-- MySQL dump 10.16  Distrib 10.2.34-MariaDB, for Linux (x86_64)
--
-- Host: localhost    Database: dealix_app
-- ------------------------------------------------------
-- Server version	10.2.34-MariaDB

/*!40101 SET @OLD_CHARACTER_SET_CLIENT=@@CHARACTER_SET_CLIENT */;
/*!40101 SET @OLD_CHARACTER_SET_RESULTS=@@CHARACTER_SET_RESULTS */;
/*!40101 SET @OLD_COLLATION_CONNECTION=@@COLLATION_CONNECTION */;
/*!40101 SET NAMES utf8mb4 */;
/*!40103 SET @OLD_TIME_ZONE=@@TIME_ZONE */;
/*!40103 SET TIME_ZONE='+00:00' */;
/*!40014 SET @OLD_UNIQUE_CHECKS=@@UNIQUE_CHECKS, UNIQUE_CHECKS=0 */;
/*!40014 SET @OLD_FOREIGN_KEY_CHECKS=@@FOREIGN_KEY_CHECKS, FOREIGN_KEY_CHECKS=0 */;
/*!40101 SET @OLD_SQL_MODE=@@SQL_MODE, SQL_MODE='NO_AUTO_VALUE_ON_ZERO' */;
/*!40111 SET @OLD_SQL_NOTES=@@SQL_NOTES, SQL_NOTES=0 */;

--
-- Table structure for table `failed_jobs`
--

DROP TABLE IF EXISTS `failed_jobs`;
/*!40101 SET @saved_cs_client     = @@character_set_client */;
/*!40101 SET character_set_client = utf8 */;
CREATE TABLE `failed_jobs` (
  `id` bigint(20) unsigned NOT NULL AUTO_INCREMENT,
  `connection` text COLLATE utf8mb4_unicode_ci NOT NULL,
  `queue` text COLLATE utf8mb4_unicode_ci NOT NULL,
  `payload` longtext COLLATE utf8mb4_unicode_ci NOT NULL,
  `exception` longtext COLLATE utf8mb4_unicode_ci NOT NULL,
  `failed_at` timestamp NOT NULL DEFAULT current_timestamp(),
  PRIMARY KEY (`id`) USING BTREE
) ENGINE=InnoDB DEFAULT CHARSET=utf8mb4 COLLATE=utf8mb4_unicode_ci ROW_FORMAT=DYNAMIC;
/*!40101 SET character_set_client = @saved_cs_client */;

--
-- Dumping data for table `failed_jobs`
--

LOCK TABLES `failed_jobs` WRITE;
/*!40000 ALTER TABLE `failed_jobs` DISABLE KEYS */;
/*!40000 ALTER TABLE `failed_jobs` ENABLE KEYS */;
UNLOCK TABLES;

--
-- Table structure for table `migrations`
--

DROP TABLE IF EXISTS `migrations`;
/*!40101 SET @saved_cs_client     = @@character_set_client */;
/*!40101 SET character_set_client = utf8 */;
CREATE TABLE `migrations` (
  `id` int(10) unsigned NOT NULL AUTO_INCREMENT,
  `migration` varchar(255) COLLATE utf8mb4_unicode_ci NOT NULL,
  `batch` int(11) NOT NULL,
  PRIMARY KEY (`id`) USING BTREE
) ENGINE=InnoDB AUTO_INCREMENT=29 DEFAULT CHARSET=utf8mb4 COLLATE=utf8mb4_unicode_ci ROW_FORMAT=DYNAMIC;
/*!40101 SET character_set_client = @saved_cs_client */;

--
-- Dumping data for table `migrations`
--

LOCK TABLES `migrations` WRITE;
/*!40000 ALTER TABLE `migrations` DISABLE KEYS */;
INSERT INTO `migrations` VALUES (1,'2014_10_12_000000_create_users_table',1),(2,'2014_10_12_100000_create_password_resets_table',1),(3,'2019_08_19_000000_create_failed_jobs_table',1),(4,'2019_12_31_005047_entrust_setup_tables',1),(5,'2020_12_21_145655_change_documents_category_column',2),(6,'2020_12_23_152526_contrato_nullable_columns_valor_fracao',3),(7,'2020_12_30_185907_change_termo_canc_categoria_contrato',4),(8,'2021_01_04_121606_change_many_categories_contract',5),(9,'2021_01_20_043237_column_recorrencia_contrato_table',6),(10,'2021_01_23_030350_create_empresa_documentos_table',7),(11,'2021_04_27_041932_change_column_a013_finalidade',8),(12,'2021_04_27_060359_add_column_creditos_table_users',8),(13,'2021_04_28_153039_add_column_campos_alterados_table_contrato_hist_alteracoes',8),(14,'2021_04_29_003930_add_column_referencia_interna_t013_contrato',8),(15,'2021_04_30_062121_add_column_a013_usuarios_acesso_table_t013_contrato',8),(16,'2021_04_30_084757_add_column_deleted_at_t013_contrato',8),(17,'2021_05_11_055025_create_table_anotacao',9),(18,'2021_05_16_044124_create_table_t027_contrato_pendencias',9),(19,'2021_05_19_025526_create_table_t028_contrato_financeiro',9),(20,'2021_06_10_120729_change_t022_compromisso',10),(21,'2021_10_29_200255_add_column_documento_table_contrato_financeiro',11),(22,'2022_02_18_045523_add_column_a013_empresa_contratante',12),(23,'2022_02_19_001751_add_column_created_by_email_financeiro_table',12),(24,'2022_03_04_202436_create_contrato_contatos_table',12),(25,'2022_03_05_034736_create_table_t030_campos_exclusivos',12),(26,'2022_03_06_051109_add_column_id_empresa_categorias_contrato',12),(27,'2022_03_08_004552_add_column_contrato_referencia_valor_extra',12),(28,'2022_05_29_190000_add_column_visualizado_email_table',13);
/*!40000 ALTER TABLE `migrations` ENABLE KEYS */;
UNLOCK TABLES;

--
-- Table structure for table `password_resets`
--

DROP TABLE IF EXISTS `password_resets`;
/*!40101 SET @saved_cs_client     = @@character_set_client */;
/*!40101 SET character_set_client = utf8 */;
CREATE TABLE `password_resets` (
  `email` varchar(255) COLLATE utf8mb4_unicode_ci NOT NULL,
  `token` varchar(255) COLLATE utf8mb4_unicode_ci NOT NULL,
  `created_at` timestamp NULL DEFAULT NULL,
  KEY `password_resets_email_index` (`email`) USING BTREE
) ENGINE=InnoDB DEFAULT CHARSET=utf8mb4 COLLATE=utf8mb4_unicode_ci ROW_FORMAT=DYNAMIC;
/*!40101 SET character_set_client = @saved_cs_client */;

--
-- Dumping data for table `password_resets`
--

LOCK TABLES `password_resets` WRITE;
/*!40000 ALTER TABLE `password_resets` DISABLE KEYS */;
INSERT INTO `password_resets` VALUES ('sissonjr@hotmail.com','$2y$10$C7CET3bcPsrwDx7V99bULe43RnCNHry.FaFfcXPiKQc.XUHwYFGBe','2020-05-11 14:22:01'),('informatica4@slavierohoteis.com.br','$2y$10$mzol/0ilCx30aWCBE24upO7Iivxu9lp35g0w0hANf/YNHJ/nRPff2','2020-05-11 14:49:15'),('sisson4@dealix.com.br','$2y$10$KlW0th3i28L42iZAb80PG.BhPzZR89FQW27eIFp1k81UaxqLhKV66','2020-05-15 03:44:35'),('sisson2@dealix.com.br','$2y$10$UXo6mSINVNFUeRNpCX6J..uU0Hpdng3ilBSxcJFGBmV6KLrQ4GC9K','2020-05-15 03:51:28'),('zapcriativo@gmail.com','$2y$10$rF2ZnYyw.8RY9oMHaWsfBOiV66PcUUFAWfF1asMXG9dOmg3HENOHK','2020-06-01 14:09:54'),('valdisnei@dealix.com.br','$2y$10$4fL7Xamm5efBcUsL5WQIYOvEoSLTmdDNhv8jXVHdaCaKdvwiFkOgq','2020-06-01 14:22:52'),('sisson3@dealix.com.br','$2y$10$KO.ma0C1jGgLhY28iWObB.QsDo/AxOCfxut/ZJ82rNIUG6jJC2lee','2020-06-04 17:22:01'),('teste15@dealix.com.br','$2y$10$kVhT47gwlI4HEki2ewLHHOXyLvPVZocaiZip9SVfQJ3vSVeGPGY9.','2020-06-17 02:31:32'),('teste16@dealix.com.br','$2y$10$StNz8PORkN3lhE3k1q1B1efi6sIh/iuDpoWsH1EhndAkGcfzByCh6','2020-06-17 03:27:00'),('informatica3@slavierohoteis.com.br','$2y$10$mf2XTOBiuUtHg2bS4JjfN.gi2SEF3UXiYgmcDwPUFK5SMIyoVRG8G','2020-07-01 19:06:39'),('teste18@dealix.com.br','$2y$10$ws.giUxe.DmjDAKfOAJcMeKfRwR7SQYtDFpWsdSoPO5F7bxcS5xyC','2020-07-01 19:14:25'),('lsissonjr@dealix.com.br','$2y$10$nbiA3FAJQf0TsIkeFAo/auc/ym.IlF7ZieOa4jTC5GZt3Kqg97qAS','2020-08-03 16:57:33'),('testeesfera@esfera.com.br','$2y$10$DqmT2e200DSTWJXFOCjXiOQw4txs5tPatH18ynQItxV3taXo6ZD3O','2020-08-05 14:29:13'),('denysrsantos@gmail.com','$2y$10$qu36Fz1WygojSP2JY7NW9u0cBrK0pITAOWmMLuzntk47fOVqTzgoy','2020-08-05 14:43:30'),('teste20@dealix.com.br','$2y$10$myOzyFGtq1gKgf4Y/OKWv.ugzfDh0E/RRbDau1XEWG9.96kAQxxre','2020-08-05 17:05:08'),('denys.rsa.ntos@gmail.com','$2y$10$VwZKD8QyCSb0SrPKhQ.npeC1iUWUZYkC9F50gT8zuOcoXHcejNvI.','2020-08-05 17:06:27'),('de.ny.srsantos@gmail.com','$2y$10$fggSO4K0C2B0VoOXHNgoNOPbQ8VP93SK7ByfgYAmG9XCISnIRBeNS','2020-08-05 17:33:06'),('denysr.santos@gmail.com','$2y$10$UA0GCIbxNpPfRWAOKZOK1uI6YfltzWpOhYUymIDNB1g5RWqgvYt/S','2020-08-05 17:34:39'),('teste11@slavierohoteis.com.br','$2y$10$MimZjf1AaO2Iqk7E7gaPruF34dIiY1s0yvCGft34GAXWYxpmLLWcS','2020-08-06 14:03:37'),('teste12@dealix.com.br','$2y$10$cElsCux7CND42nZT4qfV6uODXEXFhfKWKR5IT8PNvoH4SkSEX0gje','2020-08-06 14:05:49'),('testeempresaaa@esfera.com.br','$2y$10$lKZrVODTdYJ.hcflclnlUuRaaBR6tFTNt0pTJMxjrflijMetNNkIG','2020-08-06 14:46:44'),('teste13@dealix.com.br','$2y$10$mH.1RFZpHl7z7ErTpUqDjukI8K0plasZPJD5E94uYPME3ewTb72Qi','2020-08-06 18:08:50'),('teste10@dealix.com.br','$2y$10$F7fIyr2tWORxB1/p2zi.y.403G61tLDYoUCp47IaXSYsXP1nkE4km','2020-08-06 19:46:45'),('fabricio@esfera.com.br','$2y$10$I7Kc.0Ct99QAXSGWlKnMaONuemMiRwGdBmVJcRvGrqbW0.BCBpDjm','2020-08-10 12:42:49'),('s@sasa.com.br','$2y$10$v1T92HTqyRuduBrT3zvbMOnhD/cLEd/DiMh.xF/nUiAUMNROYIuoG','2020-08-10 17:31:13'),('lucassimm91@gmail.com','$2y$10$jVi1aBNXkwVQihnmcfzPzeZLr1zX.23A0gJRsB3bViH/EnldsG73i','2020-08-25 14:17:23'),('asksuite@dealix.com.br','$2y$10$BUfAdUf7USP6beUBG5r0mOre3wSspBHcnbptYfIAIZdaMDSzDLECi','2020-09-04 14:34:20'),('teste32@dealix.com.br','$2y$10$VgVT1DeyRdDPAI9Da4ZApeWpUwSCjv3MtwGGfYS/BqBtK1UPxj182','2020-09-14 14:07:47'),('teste33@dealix.com.br','$2y$10$DBdj/OWYmFJ.54HJ6tjq7.lGU6jNQffPyVh68MFljg/Jvy37qiA0e','2020-09-14 14:13:53'),('kaspersky@dealix.com.br','$2y$10$mOIXRrXAK6tm5.eLzHuAieccAUa8UdxVMd6oRxybZZMLJoeZ/l2MW','2020-11-30 18:20:48'),('horizons@dealix.com.br','$2y$10$tpQBSW2ykMlMWvz79H6CNOMb46i5YCo9F9cDdEzbYc/8mDEAn6Y1a','2020-12-18 11:04:19'),('asdasdas@asdasdas.com','$2y$10$qn02rvZ5KQb2PeeoZT/G0ebzk3yuix1N.Ptwlo8V.82gHYLmBZgji','2020-12-21 13:50:41'),('pmweb@dealix.com.br','$2y$10$ekxy8vsFN99lWQnMy6vT4unEiJHZRlfwQE5CKnXjHzVAV0KFbl566','2021-01-09 14:19:06'),('algar@dealix.com.br','$2y$10$H/mnZYAALpsaeuqJ6jr47uMv1.hn4xr72ySVTdBKs1pJ/.DSBMxli','2021-01-26 11:22:04'),('digitro@dealix.com.br','$2y$10$6SCQF73tm58MPd7UL9cOSus5dr89BTq0aPgG5yH60tK7IJUON9cEm','2021-02-23 23:55:23'),('alecsalvs@gmail.com','$2y$10$/7Bu1l9LY2ddFkZkxjZgPeDEI7fDJzibAXUGYQ3Qbg0LO45uv5kQu','2021-02-24 14:24:59'),('email@email.com','$2y$10$EisOihllFzS1vDYqwBgHm.uJ6.4/iGun9oR9QWlGk6p9l2UMFK0/K','2021-02-25 20:29:27'),('test@test.com','$2y$10$VteMeD48SIJxs16LKproV.KpOQskpmmUG/VIeUKyqCsmVC5IP3dX6','2021-05-30 06:52:55');
/*!40000 ALTER TABLE `password_resets` ENABLE KEYS */;
UNLOCK TABLES;

--
-- Table structure for table `permission_role`
--

DROP TABLE IF EXISTS `permission_role`;
/*!40101 SET @saved_cs_client     = @@character_set_client */;
/*!40101 SET character_set_client = utf8 */;
CREATE TABLE `permission_role` (
  `permission_id` bigint(20) unsigned NOT NULL,
  `role_id` bigint(20) unsigned NOT NULL,
  PRIMARY KEY (`permission_id`,`role_id`) USING BTREE,
  KEY `permission_role_role_id_foreign` (`role_id`) USING BTREE,
  CONSTRAINT `permission_role_permission_id_foreign` FOREIGN KEY (`permission_id`) REFERENCES `permissions` (`id`) ON DELETE NO ACTION ON UPDATE NO ACTION,
  CONSTRAINT `permission_role_role_id_foreign` FOREIGN KEY (`role_id`) REFERENCES `roles` (`id`) ON DELETE NO ACTION ON UPDATE NO ACTION
) ENGINE=InnoDB DEFAULT CHARSET=utf8mb4 COLLATE=utf8mb4_unicode_ci ROW_FORMAT=DYNAMIC;
/*!40101 SET character_set_client = @saved_cs_client */;

--
-- Dumping data for table `permission_role`
--

LOCK TABLES `permission_role` WRITE;
/*!40000 ALTER TABLE `permission_role` DISABLE KEYS */;
INSERT INTO `permission_role` VALUES (5,1),(5,2),(5,3),(6,1),(6,2),(6,3),(7,1),(7,2),(7,3),(8,1),(8,2),(8,3),(9,1),(9,2),(9,3),(10,1),(11,1),(12,1),(13,1),(14,1),(15,1),(15,2),(16,1),(16,2),(17,1),(17,2),(18,1),(18,2),(19,1),(19,2),(40,1),(41,1),(42,1),(43,1),(44,1),(45,1),(45,2),(45,3),(45,4),(45,5),(46,1),(46,2),(46,3),(46,4),(46,5),(47,1),(47,2),(47,3),(47,4),(47,5),(48,1),(48,2),(48,3),(48,4),(48,5),(49,1),(49,2),(49,3),(49,4),(49,5),(70,1),(70,2),(70,3),(71,1),(71,2),(71,3),(72,1),(72,2),(72,3),(73,1),(73,2),(73,3),(74,1),(74,2),(74,3),(75,1),(75,2),(76,1),(76,2),(77,1),(77,2),(78,1),(78,2),(79,1),(79,2),(81,1),(81,2),(82,1),(82,2),(83,1),(83,2),(84,1),(84,2),(85,1),(85,2),(85,5),(86,1),(86,2),(86,5),(87,1),(87,2),(87,5),(88,1),(88,2),(88,5),(89,1),(89,2),(89,5),(90,1),(90,2),(90,5),(91,1),(91,2),(91,5),(92,1),(92,2),(92,5),(93,1),(93,2),(93,5),(94,1),(94,2),(94,5),(99,1),(99,2),(99,3),(99,4),(100,1),(100,2),(100,3),(100,4),(101,1),(101,2),(101,3),(101,4),(102,1),(102,2),(102,3),(102,4),(103,1),(103,2),(103,3),(103,4),(109,1),(109,2),(109,3),(109,4),(110,1),(110,2),(110,3),(110,4),(111,1),(111,2),(111,3),(111,4),(112,1),(112,2),(112,3),(112,4),(113,1),(113,2),(113,3),(113,4),(114,1),(114,2),(115,1),(115,2),(116,1),(116,2),(117,1),(117,2),(118,1),(118,2),(119,1),(119,2),(120,1),(120,2),(121,1),(121,2),(122,1),(122,2),(123,1),(123,2),(124,1),(124,2),(124,3),(125,1),(125,2),(125,3),(126,1),(126,2),(126,3),(127,1),(127,2),(127,3),(128,1),(128,2),(128,3),(129,2),(129,4),(130,2),(130,4),(131,2),(131,4),(132,2),(132,4),(133,2),(133,4),(134,1),(134,2),(134,4),(135,1),(135,2),(135,4),(136,1),(136,2),(136,4),(137,1),(137,2),(137,4),(138,1),(138,2),(138,4),(139,1),(139,2),(140,1),(140,2),(141,1),(141,2),(142,1),(142,2),(143,1),(143,2),(146,3),(146,4),(147,3),(147,4),(148,3),(148,4),(149,1),(149,2),(149,3),(149,4),(150,1),(150,2),(150,3),(150,4),(151,1),(151,2),(151,3),(151,4),(152,1),(152,2),(152,3),(152,4),(153,1),(153,2),(153,3),(153,4),(154,1),(154,2),(154,5),(155,1),(155,2),(155,5),(156,1),(156,2),(156,5),(157,1),(157,2),(157,5),(158,1),(158,2),(158,5),(159,1),(159,2),(159,5),(160,1),(160,2),(160,5),(161,1),(161,2),(161,5),(162,1),(162,2),(162,5),(163,1),(163,2),(163,5),(164,1),(164,2),(164,5),(165,1),(165,2),(165,5),(166,1),(166,2),(166,5),(167,1),(167,2),(167,5),(168,1),(168,2),(168,5);
/*!40000 ALTER TABLE `permission_role` ENABLE KEYS */;
UNLOCK TABLES;

--
-- Table structure for table `permissions`
--

DROP TABLE IF EXISTS `permissions`;
/*!40101 SET @saved_cs_client     = @@character_set_client */;
/*!40101 SET character_set_client = utf8 */;
CREATE TABLE `permissions` (
  `id` bigint(20) unsigned NOT NULL AUTO_INCREMENT,
  `name` varchar(255) COLLATE utf8mb4_unicode_ci NOT NULL,
  `display_name` varchar(255) COLLATE utf8mb4_unicode_ci DEFAULT NULL,
  `description` varchar(255) COLLATE utf8mb4_unicode_ci DEFAULT NULL,
  `created_at` timestamp NULL DEFAULT NULL,
  `updated_at` timestamp NULL DEFAULT NULL,
  `created_at_user` int(11) DEFAULT NULL,
  `updated_at_user` int(11) DEFAULT NULL,
  `tipo` varchar(5) COLLATE utf8mb4_unicode_ci DEFAULT NULL,
  `url` varchar(50) COLLATE utf8mb4_unicode_ci DEFAULT NULL,
  `idparent` bigint(20) unsigned DEFAULT NULL,
  `ordem` varchar(20) COLLATE utf8mb4_unicode_ci DEFAULT NULL,
  `icone` varchar(50) COLLATE utf8mb4_unicode_ci DEFAULT NULL,
  `status` tinyint(1) DEFAULT NULL,
  PRIMARY KEY (`id`) USING BTREE,
  UNIQUE KEY `permissions_name_unique` (`name`) USING BTREE,
  KEY `permissions_fk1` (`idparent`) USING BTREE,
  CONSTRAINT `permissions_fk1` FOREIGN KEY (`idparent`) REFERENCES `permissions` (`id`)
) ENGINE=InnoDB AUTO_INCREMENT=169 DEFAULT CHARSET=utf8mb4 COLLATE=utf8mb4_unicode_ci ROW_FORMAT=DYNAMIC;
/*!40101 SET character_set_client = @saved_cs_client */;

--
-- Dumping data for table `permissions`
--

LOCK TABLES `permissions` WRITE;
/*!40000 ALTER TABLE `permissions` DISABLE KEYS */;
INSERT INTO `permissions` VALUES (5,'admin','Configurações','Configurações','2020-02-12 13:55:02','2021-04-30 00:25:48',1,1,'MENU','admin',NULL,'020000000000','fa fa-cog',1),(6,'admin-show','admin-show','Administração','2020-02-12 13:55:02','2020-02-12 13:55:02',NULL,NULL,'PERM',NULL,NULL,NULL,NULL,NULL),(7,'admin-create','admin-create','Administração','2020-02-12 13:55:02','2020-02-12 13:55:02',NULL,NULL,'PERM',NULL,NULL,NULL,NULL,NULL),(8,'admin-edit','admin-edit','Administração','2020-02-12 13:55:02','2020-02-12 13:55:02',NULL,NULL,'PERM',NULL,NULL,NULL,NULL,NULL),(9,'admin-delete','admin-delete','Administração','2020-02-12 13:55:02','2020-02-12 13:55:02',NULL,NULL,'PERM',NULL,NULL,NULL,NULL,NULL),(10,'permissions','Menus','Menus','2020-02-12 14:20:23','2020-03-17 18:31:28',1,1,'MENU','permissions',5,'020100000000','fa fa-ellipsis-v',1),(11,'permissions-show','permissions-show','Menus','2020-02-12 14:20:23','2020-02-12 14:20:23',NULL,NULL,'PERM',NULL,NULL,NULL,NULL,NULL),(12,'permissions-create','permissions-create','Menus','2020-02-12 14:20:23','2020-02-12 14:20:23',NULL,NULL,'PERM',NULL,NULL,NULL,NULL,NULL),(13,'permissions-edit','permissions-edit','Menus','2020-02-12 14:20:23','2020-02-12 14:20:23',NULL,NULL,'PERM',NULL,NULL,NULL,NULL,NULL),(14,'permissions-delete','permissions-delete','Menus','2020-02-12 14:20:23','2020-02-12 14:20:23',NULL,NULL,'PERM',NULL,NULL,NULL,NULL,NULL),(15,'roles','Perfis','Perfis','2020-02-12 14:41:17','2021-04-30 00:29:01',1,1,'MENU','role',5,'020200000000','fa fa-user-circle-o',1),(16,'roles-show','roles-show','Perfil','2020-02-12 14:41:17','2020-02-12 14:41:17',NULL,NULL,'PERM',NULL,NULL,NULL,NULL,NULL),(17,'roles-create','roles-create','Perfil','2020-02-12 14:41:17','2020-02-12 14:41:17',NULL,NULL,'PERM',NULL,NULL,NULL,NULL,NULL),(18,'roles-edit','roles-edit','Perfil','2020-02-12 14:41:17','2020-02-12 14:41:17',NULL,NULL,'PERM',NULL,NULL,NULL,NULL,NULL),(19,'roles-delete','roles-delete','Perfil','2020-02-12 14:41:17','2020-02-12 14:41:17',NULL,NULL,'PERM',NULL,NULL,NULL,NULL,NULL),(40,'parametro','Parâmetros','Parâmetros','2020-02-13 13:16:31','2021-04-30 00:31:13',1,1,'MENU','parametro',5,'020300000000','fa fa-sliders',1),(41,'parametro-show','parametro-show','Parametro','2020-02-13 13:16:31','2020-02-13 13:16:31',NULL,NULL,'PERM',NULL,NULL,NULL,NULL,NULL),(42,'parametro-create','parametro-create','Parametro','2020-02-13 13:16:31','2020-02-13 13:16:31',NULL,NULL,'PERM',NULL,NULL,NULL,NULL,NULL),(43,'parametro-edit','parametro-edit','Parametro','2020-02-13 13:16:31','2020-02-13 13:16:31',NULL,NULL,'PERM',NULL,NULL,NULL,NULL,NULL),(44,'parametro-delete','parametro-delete','Parametro','2020-02-13 13:16:31','2020-02-13 13:16:31',NULL,NULL,'PERM',NULL,NULL,NULL,NULL,NULL),(45,'empresa','Cadastros','Cadastros','2020-02-13 16:42:50','2021-04-30 00:33:11',1,1,'MENU','empresa',NULL,'030000000000','fa fa-book',1),(46,'empresa-show','empresa-show','Empresa','2020-02-13 16:42:50','2020-02-13 16:42:50',NULL,NULL,'PERM',NULL,NULL,NULL,NULL,NULL),(47,'empresa-create','empresa-create','Empresa','2020-02-13 16:42:50','2020-02-13 16:42:50',NULL,NULL,'PERM',NULL,NULL,NULL,NULL,NULL),(48,'empresa-edit','empresa-edit','Empresa','2020-02-13 16:42:50','2020-02-13 16:42:50',NULL,NULL,'PERM',NULL,NULL,NULL,NULL,NULL),(49,'empresa-delete','empresa-delete','Empresa','2020-02-13 16:42:50','2020-02-13 16:42:50',NULL,NULL,'PERM',NULL,NULL,NULL,NULL,NULL),(70,'usuario','Usuários','Usuários','2020-02-27 18:11:41','2020-03-17 17:39:19',1,1,'MENU','usuario',5,'020400000000','fa fa-user-o',1),(71,'usuario-show','usuario-show','Usuário','2020-02-27 18:11:41','2020-02-27 18:11:41',NULL,NULL,'PERM',NULL,NULL,NULL,NULL,NULL),(72,'usuario-create','usuario-create','Usuário','2020-02-27 18:11:41','2020-02-27 18:11:41',NULL,NULL,'PERM',NULL,NULL,NULL,NULL,NULL),(73,'usuario-edit','usuario-edit','Usuário','2020-02-27 18:11:41','2020-02-27 18:11:41',NULL,NULL,'PERM',NULL,NULL,NULL,NULL,NULL),(74,'usuario-delete','usuario-delete','Usuário','2020-02-27 18:11:41','2020-02-27 18:11:41',NULL,NULL,'PERM',NULL,NULL,NULL,NULL,NULL),(75,'categoria_contrato','Categorias de Contratos','Categorias de Contratos','2020-03-03 13:01:04','2021-02-24 15:43:13',1,1,'MENU','categoria_contrato',149,'080300000000','fa fa-bars',1),(76,'categoria_contrato-show','categoria_contrato-show','Categoria Contrato','2020-03-03 13:01:04','2020-03-03 13:01:04',NULL,NULL,'PERM',NULL,NULL,NULL,NULL,NULL),(77,'categoria_contrato-create','categoria_contrato-create','Categoria Contrato','2020-03-03 13:01:04','2020-03-03 13:01:04',NULL,NULL,'PERM',NULL,NULL,NULL,NULL,NULL),(78,'categoria_contrato-edit','categoria_contrato-edit','Categoria Contrato','2020-03-03 13:01:04','2020-03-03 13:01:04',NULL,NULL,'PERM',NULL,NULL,NULL,NULL,NULL),(79,'categoria_contrato-delete','categoria_contrato-delete','Categoria Contrato','2020-03-03 13:01:04','2020-03-03 13:01:04',NULL,NULL,'PERM',NULL,NULL,NULL,NULL,NULL),(81,'tipo_contrato-show','tipo_contrato-show','Tipo de Contrato','2020-03-03 17:30:05','2020-03-03 17:30:05',NULL,NULL,'PERM',NULL,NULL,NULL,NULL,NULL),(82,'tipo_contrato-create','tipo_contrato-create','Tipo de Contrato','2020-03-03 17:30:05','2020-03-03 17:30:05',NULL,NULL,'PERM',NULL,NULL,NULL,NULL,NULL),(83,'tipo_contrato-edit','tipo_contrato-edit','Tipo de Contrato','2020-03-03 17:30:05','2020-03-03 17:30:05',NULL,NULL,'PERM',NULL,NULL,NULL,NULL,NULL),(84,'tipo_contrato-delete','tipo_contrato-delete','Tipo de Contrato','2020-03-03 17:30:05','2020-03-03 17:30:05',NULL,NULL,'PERM',NULL,NULL,NULL,NULL,NULL),(85,'area_contrato','Áreas','Áreas','2020-03-03 19:12:03','2021-02-28 19:08:30',1,1,'MENU','area_contrato',45,'035000000000','fa fa-bullseye',1),(86,'area_contrato-show','area_contrato-show','Áreas','2020-03-03 19:12:03','2020-03-03 19:12:03',NULL,NULL,'PERM',NULL,NULL,NULL,NULL,NULL),(87,'area_contrato-create','area_contrato-create','Áreas','2020-03-03 19:12:03','2020-03-03 19:12:03',NULL,NULL,'PERM',NULL,NULL,NULL,NULL,NULL),(88,'area_contrato-edit','area_contrato-edit','Áreas','2020-03-03 19:12:03','2020-03-03 19:12:03',NULL,NULL,'PERM',NULL,NULL,NULL,NULL,NULL),(89,'area_contrato-delete','area_contrato-delete','Áreas','2020-03-03 19:12:03','2020-03-03 19:12:03',NULL,NULL,'PERM',NULL,NULL,NULL,NULL,NULL),(90,'tipo_vencimento','Tipos de Vencimentos','Tipos de Vencimentos','2020-03-03 19:12:50','2021-02-28 19:08:05',1,1,'MENU','tipo_vencimento',45,'034000000000','fa fa-calendar',1),(91,'tipo_vencimento-show','tipo_vencimento-show','Tipos de Vencimento','2020-03-03 19:12:50','2020-03-03 19:12:50',NULL,NULL,'PERM',NULL,NULL,NULL,NULL,NULL),(92,'tipo_vencimento-create','tipo_vencimento-create','Tipos de Vencimento','2020-03-03 19:12:50','2020-03-03 19:12:50',NULL,NULL,'PERM',NULL,NULL,NULL,NULL,NULL),(93,'tipo_vencimento-edit','tipo_vencimento-edit','Tipos de Vencimento','2020-03-03 19:12:50','2020-03-03 19:12:50',NULL,NULL,'PERM',NULL,NULL,NULL,NULL,NULL),(94,'tipo_vencimento-delete','tipo_vencimento-delete','Tipos de Vencimento','2020-03-03 19:12:50','2020-03-03 19:12:50',NULL,NULL,'PERM',NULL,NULL,NULL,NULL,NULL),(99,'contrato','Contratos (Incluir ou Editar)','Contratos (Incluir ou Editar)','2020-03-04 17:06:14','2021-02-24 15:44:16',1,1,'MENU','contrato',149,'080100000000','fa fa-handshake-o',1),(100,'contrato-show','contrato-show','Contrato','2020-03-04 17:06:14','2020-03-04 17:06:14',NULL,NULL,'PERM',NULL,NULL,NULL,NULL,NULL),(101,'contrato-create','contrato-create','Contrato','2020-03-04 17:06:14','2020-03-04 17:06:14',NULL,NULL,'PERM',NULL,NULL,NULL,NULL,NULL),(102,'contrato-edit','contrato-edit','Contrato','2020-03-04 17:06:14','2020-03-04 17:06:14',NULL,NULL,'PERM',NULL,NULL,NULL,NULL,NULL),(103,'contrato-delete','contrato-delete','Contrato','2020-03-04 17:06:14','2020-03-04 17:06:14',NULL,NULL,'PERM',NULL,NULL,NULL,NULL,NULL),(105,'teste-show','teste-show','teste','2020-03-12 18:40:18','2020-03-12 18:40:18',NULL,NULL,'PERM',NULL,NULL,NULL,NULL,NULL),(106,'teste-create','teste-create','teste','2020-03-12 18:40:18','2020-03-12 18:40:18',NULL,NULL,'PERM',NULL,NULL,NULL,NULL,NULL),(107,'teste-edit','teste-edit','teste','2020-03-12 18:40:18','2020-03-12 18:40:18',NULL,NULL,'PERM',NULL,NULL,NULL,NULL,NULL),(108,'teste-delete','teste-delete','teste','2020-03-12 18:40:18','2020-03-12 18:40:18',NULL,NULL,'PERM',NULL,NULL,NULL,NULL,NULL),(109,'home','Home','Home','2020-03-17 17:38:50','2020-03-17 17:40:46',1,1,'MENU','home',NULL,'010000000000','fa fa-home',1),(110,'home-show','home-show','inicio','2020-03-17 17:38:50','2020-03-17 17:38:50',NULL,NULL,'PERM',NULL,NULL,NULL,NULL,NULL),(111,'home-create','home-create','inicio','2020-03-17 17:38:50','2020-03-17 17:38:50',NULL,NULL,'PERM',NULL,NULL,NULL,NULL,NULL),(112,'home-edit','home-edit','inicio','2020-03-17 17:38:50','2020-03-17 17:38:50',NULL,NULL,'PERM',NULL,NULL,NULL,NULL,NULL),(113,'home-delete','home-delete','inicio','2020-03-17 17:38:50','2020-03-17 17:38:50',NULL,NULL,'PERM',NULL,NULL,NULL,NULL,NULL),(114,'relatorio','Relatórios','Relatórios','2020-03-17 17:48:33','2020-05-04 18:19:14',1,1,'MENU','relatorio',NULL,'990000000000','fa fa-folder-open-o',1),(115,'relatorio-show','relatorio-show','Relatório','2020-03-17 17:48:33','2020-03-17 17:48:33',NULL,NULL,'PERM',NULL,NULL,NULL,NULL,NULL),(116,'relatorio-create','relatorio-create','Relatório','2020-03-17 17:48:33','2020-03-17 17:48:33',NULL,NULL,'PERM',NULL,NULL,NULL,NULL,NULL),(117,'relatorio-edit','relatorio-edit','Relatório','2020-03-17 17:48:33','2020-03-17 17:48:33',NULL,NULL,'PERM',NULL,NULL,NULL,NULL,NULL),(118,'relatorio-delete','relatorio-delete','Relatório','2020-03-17 17:48:33','2020-03-17 17:48:33',NULL,NULL,'PERM',NULL,NULL,NULL,NULL,NULL),(119,'relatoriocontrato','Contratos','Contratos','2020-03-17 17:50:27','2020-05-04 18:19:37',1,1,'MENU','relatoriocontrato',114,'990100000000','fa fa-signing',1),(120,'relatoriocontrato-show','relatoriocontrato-show','Contrato','2020-03-17 17:50:27','2020-03-17 17:50:27',NULL,NULL,'PERM',NULL,NULL,NULL,NULL,NULL),(121,'relatoriocontrato-create','relatoriocontrato-create','Contrato','2020-03-17 17:50:27','2020-03-17 17:50:27',NULL,NULL,'PERM',NULL,NULL,NULL,NULL,NULL),(122,'relatoriocontrato-edit','relatoriocontrato-edit','Contrato','2020-03-17 17:50:27','2020-03-17 17:50:27',NULL,NULL,'PERM',NULL,NULL,NULL,NULL,NULL),(123,'relatoriocontrato-delete','relatoriocontrato-delete','Contrato','2020-03-17 17:50:27','2020-03-17 17:50:27',NULL,NULL,'PERM',NULL,NULL,NULL,NULL,NULL),(124,'cotacao','Pedir Cotação','Pedir Cotação','2020-03-19 17:00:38','2021-08-11 00:43:34',1,1,'MENU','cotacao',NULL,'090000000000','fa fa-cart-plus',1),(125,'cotacao-show','cotacao-show','Cotação','2020-03-19 17:00:38','2020-03-19 17:00:38',NULL,NULL,'PERM',NULL,NULL,NULL,NULL,NULL),(126,'cotacao-create','cotacao-create','Cotação','2020-03-19 17:00:38','2020-03-19 17:00:38',NULL,NULL,'PERM',NULL,NULL,NULL,NULL,NULL),(127,'cotacao-edit','cotacao-edit','Cotação','2020-03-19 17:00:39','2020-03-19 17:00:39',NULL,NULL,'PERM',NULL,NULL,NULL,NULL,NULL),(128,'cotacao-delete','cotacao-delete','Cotação','2020-03-19 17:00:39','2020-03-19 17:00:39',NULL,NULL,'PERM',NULL,NULL,NULL,NULL,NULL),(129,'orcamento','Oportunidades de Vendas','Oportunidades de Vendas','2020-04-06 17:43:50','2021-08-11 00:47:23',1,1,'MENU','orcamento',NULL,'100000000000','fa fa-handshake-o',1),(130,'orcamento-show','orcamento-show','Orçamento','2020-04-06 17:43:50','2020-04-06 17:43:50',NULL,NULL,'PERM',NULL,NULL,NULL,NULL,NULL),(131,'orcamento-create','orcamento-create','Orçamento','2020-04-06 17:43:50','2020-04-06 17:43:50',NULL,NULL,'PERM',NULL,NULL,NULL,NULL,NULL),(132,'orcamento-edit','orcamento-edit','Orçamento','2020-04-06 17:43:50','2020-04-06 17:43:50',NULL,NULL,'PERM',NULL,NULL,NULL,NULL,NULL),(133,'orcamento-delete','orcamento-delete','Orçamento','2020-04-06 17:43:50','2020-04-06 17:43:50',NULL,NULL,'PERM',NULL,NULL,NULL,NULL,NULL),(134,'compromisso','Compromissos','Compromissos','2020-04-07 19:04:57','2020-05-04 18:18:52',1,1,'MENU','compromisso',NULL,'110000000000','fa fa-clock-o',1),(135,'compromisso-show','compromisso-show','Compromisso','2020-04-07 19:04:57','2020-04-07 19:04:57',NULL,NULL,'PERM',NULL,NULL,NULL,NULL,NULL),(136,'compromisso-create','compromisso-create','Compromisso','2020-04-07 19:04:57','2020-04-07 19:04:57',NULL,NULL,'PERM',NULL,NULL,NULL,NULL,NULL),(137,'compromisso-edit','compromisso-edit','Compromisso','2020-04-07 19:04:57','2020-04-07 19:04:57',NULL,NULL,'PERM',NULL,NULL,NULL,NULL,NULL),(138,'compromisso-delete','compromisso-delete','Compromisso','2020-04-07 19:04:57','2020-04-07 19:04:57',NULL,NULL,'PERM',NULL,NULL,NULL,NULL,NULL),(139,'relatoriocompromisso','Compromissos','Compromissos','2020-04-13 11:43:53','2020-05-04 18:19:45',1,1,'MENU','relatoriocompromisso',114,'990200000000','fa fa-tasks',1),(140,'relatoriocompromisso-show','relatoriocompromisso-show','Compromisso','2020-04-13 11:43:54','2020-04-13 11:43:54',NULL,NULL,'PERM',NULL,NULL,NULL,NULL,NULL),(141,'relatoriocompromisso-create','relatoriocompromisso-create','Compromisso','2020-04-13 11:43:54','2020-04-13 11:43:54',NULL,NULL,'PERM',NULL,NULL,NULL,NULL,NULL),(142,'relatoriocompromisso-edit','relatoriocompromisso-edit','Compromisso','2020-04-13 11:43:54','2020-04-13 11:43:54',NULL,NULL,'PERM',NULL,NULL,NULL,NULL,NULL),(143,'relatoriocompromisso-delete','relatoriocompromisso-delete','Compromisso','2020-04-13 11:43:54','2020-04-13 11:43:54',NULL,NULL,'PERM',NULL,NULL,NULL,NULL,NULL),(144,'dashboard','Dashboard','Dashboard','2020-04-15 16:59:52','2020-04-15 16:59:52',1,NULL,'MENU','dashboard',NULL,'000000000000','fa fa-bar-chart',1),(145,'dashboard-show','dashboard-show','Dashboard','2020-04-15 16:59:52','2020-04-15 16:59:52',NULL,NULL,'PERM',NULL,NULL,NULL,NULL,NULL),(146,'dashboard-create','dashboard-create','Dashboard','2020-04-15 16:59:52','2020-04-15 16:59:52',NULL,NULL,'PERM',NULL,NULL,NULL,NULL,NULL),(147,'dashboard-edit','dashboard-edit','Dashboard','2020-04-15 16:59:52','2020-04-15 16:59:52',NULL,NULL,'PERM',NULL,NULL,NULL,NULL,NULL),(148,'dashboard-delete','dashboard-delete','Dashboard','2020-04-15 16:59:52','2020-04-15 16:59:52',NULL,NULL,'PERM',NULL,NULL,NULL,NULL,NULL),(149,'contrato_pai','Contratos','Contratos','2020-04-27 15:10:39','2020-04-28 20:17:16',1,1,'MENU','contrato_pai',NULL,'080000000000','fa fa-archive',1),(150,'contrato_pai-show','contrato_pai-show','Contratos','2020-04-27 15:10:39','2020-04-27 15:10:39',NULL,NULL,'PERM',NULL,NULL,NULL,NULL,NULL),(151,'contrato_pai-create','contrato_pai-create','Contratos','2020-04-27 15:10:39','2020-04-27 15:10:39',NULL,NULL,'PERM',NULL,NULL,NULL,NULL,NULL),(152,'contrato_pai-edit','contrato_pai-edit','Contratos','2020-04-27 15:10:39','2020-04-27 15:10:39',NULL,NULL,'PERM',NULL,NULL,NULL,NULL,NULL),(153,'contrato_pai-delete','contrato_pai-delete','Contratos','2020-04-27 15:10:39','2020-04-27 15:10:39',NULL,NULL,'PERM',NULL,NULL,NULL,NULL,NULL),(154,'emp_empresa','Minhas Empresas','Minhas Empresas','2020-07-31 16:49:51','2021-02-24 15:39:54',1,1,'MENU','emp_empresa',45,'030100000000','fa fa-industry',1),(155,'emp_empresa-show','emp_empresa-show','Empresa','2020-07-31 16:49:51','2020-07-31 16:49:51',NULL,NULL,'PERM',NULL,NULL,NULL,NULL,NULL),(156,'emp_empresa-create','emp_empresa-create','Empresa','2020-07-31 16:49:51','2020-07-31 16:49:51',NULL,NULL,'PERM',NULL,NULL,NULL,NULL,NULL),(157,'emp_empresa-edit','emp_empresa-edit','Empresa','2020-07-31 16:49:51','2020-07-31 16:49:51',NULL,NULL,'PERM',NULL,NULL,NULL,NULL,NULL),(158,'emp_empresa-delete','emp_empresa-delete','Empresa','2020-07-31 16:49:51','2020-07-31 16:49:51',NULL,NULL,'PERM',NULL,NULL,NULL,NULL,NULL),(159,'emp_cliente','Clientes','Clientes','2020-07-31 16:50:35','2021-02-24 15:40:12',1,1,'MENU','emp_cliente',45,'030200000000','fa fa-child',1),(160,'emp_cliente-show','emp_cliente-show','Cliente','2020-07-31 16:50:35','2020-07-31 16:50:35',NULL,NULL,'PERM',NULL,NULL,NULL,NULL,NULL),(161,'emp_cliente-create','emp_cliente-create','Cliente','2020-07-31 16:50:35','2020-07-31 16:50:35',NULL,NULL,'PERM',NULL,NULL,NULL,NULL,NULL),(162,'emp_cliente-edit','emp_cliente-edit','Cliente','2020-07-31 16:50:35','2020-07-31 16:50:35',NULL,NULL,'PERM',NULL,NULL,NULL,NULL,NULL),(163,'emp_cliente-delete','emp_cliente-delete','Cliente','2020-07-31 16:50:35','2020-07-31 16:50:35',NULL,NULL,'PERM',NULL,NULL,NULL,NULL,NULL),(164,'emp_fornecedor','Fornecedores','Fornecedores','2020-07-31 16:51:04','2021-02-24 15:40:22',1,1,'MENU','emp_fornecedor',45,'030300000000','fa fa-cubes',1),(165,'emp_fornecedor-show','emp_fornecedor-show','Fornecedor','2020-07-31 16:51:04','2020-07-31 16:51:04',NULL,NULL,'PERM',NULL,NULL,NULL,NULL,NULL),(166,'emp_fornecedor-create','emp_fornecedor-create','Fornecedor','2020-07-31 16:51:04','2020-07-31 16:51:04',NULL,NULL,'PERM',NULL,NULL,NULL,NULL,NULL),(167,'emp_fornecedor-edit','emp_fornecedor-edit','Fornecedor','2020-07-31 16:51:04','2020-07-31 16:51:04',NULL,NULL,'PERM',NULL,NULL,NULL,NULL,NULL),(168,'emp_fornecedor-delete','emp_fornecedor-delete','Fornecedor','2020-07-31 16:51:05','2020-07-31 16:51:05',NULL,NULL,'PERM',NULL,NULL,NULL,NULL,NULL);
/*!40000 ALTER TABLE `permissions` ENABLE KEYS */;
UNLOCK TABLES;

--
-- Table structure for table `role_user`
--

DROP TABLE IF EXISTS `role_user`;
/*!40101 SET @saved_cs_client     = @@character_set_client */;
/*!40101 SET character_set_client = utf8 */;
CREATE TABLE `role_user` (
  `user_id` bigint(20) unsigned NOT NULL,
  `role_id` bigint(20) unsigned NOT NULL,
  PRIMARY KEY (`user_id`,`role_id`) USING BTREE,
  KEY `role_user_role_id_foreign` (`role_id`) USING BTREE,
  CONSTRAINT `role_user_role_id_foreign` FOREIGN KEY (`role_id`) REFERENCES `roles` (`id`) ON DELETE NO ACTION ON UPDATE NO ACTION,
  CONSTRAINT `role_user_user_id_foreign` FOREIGN KEY (`user_id`) REFERENCES `users` (`id`) ON DELETE NO ACTION ON UPDATE NO ACTION
) ENGINE=InnoDB DEFAULT CHARSET=utf8mb4 COLLATE=utf8mb4_unicode_ci ROW_FORMAT=DYNAMIC;
/*!40101 SET character_set_client = @saved_cs_client */;

--
-- Dumping data for table `role_user`
--

LOCK TABLES `role_user` WRITE;
/*!40000 ALTER TABLE `role_user` DISABLE KEYS */;
INSERT INTO `role_user` VALUES (1,1),(1,2),(50,2),(50,3),(50,4),(51,2),(51,3),(51,4),(52,2),(52,3),(52,4),(53,2),(53,4),(54,2),(54,3),(55,2),(55,3),(56,2),(57,2),(57,3),(58,2),(59,2),(59,3),(60,2),(60,3),(61,2),(61,3),(62,2),(62,3),(63,2),(63,3),(64,2),(65,2),(66,2),(66,3),(67,2),(67,3),(68,2),(69,2),(69,3),(70,2),(70,3),(71,2),(71,3),(72,2),(72,3),(73,2),(73,3),(75,2),(75,3),(75,4),(76,2),(76,3),(76,4),(77,2),(77,3),(78,2),(78,4),(79,2),(80,2),(80,4),(81,2),(82,2),(82,3),(83,2),(83,3),(84,2),(84,4),(85,2),(85,4),(86,2),(86,3),(86,4),(87,2),(87,4),(88,2),(88,4),(89,2),(89,4),(90,2),(91,2),(92,2),(92,4),(93,2),(93,3),(93,4),(94,2),(94,3),(95,2),(96,2),(96,3),(96,4),(98,2),(99,2),(100,2),(101,2),(102,2),(103,3),(104,2),(105,2),(106,2),(107,2),(108,2),(109,2),(110,2),(110,3),(110,4),(111,2),(111,3),(111,4),(112,2),(112,3),(112,4),(113,2),(114,2),(115,2),(116,2),(117,2),(118,2),(119,2),(120,2),(121,2),(122,2),(123,2),(124,2),(125,2),(126,2),(127,2),(128,2),(129,2),(130,2),(131,2),(132,2),(133,2),(134,2),(136,2),(137,2),(138,2),(139,2),(140,2),(141,2),(142,2),(143,2),(144,2),(145,2),(146,2),(147,2),(148,2),(149,2),(150,2),(151,2),(152,2),(153,2),(154,2),(155,2),(156,2),(156,3),(156,4),(157,2),(158,2),(159,2),(160,2),(160,3),(160,4),(161,2),(161,3),(161,4);
/*!40000 ALTER TABLE `role_user` ENABLE KEYS */;
UNLOCK TABLES;

--
-- Table structure for table `roles`
--

DROP TABLE IF EXISTS `roles`;
/*!40101 SET @saved_cs_client     = @@character_set_client */;
/*!40101 SET character_set_client = utf8 */;
CREATE TABLE `roles` (
  `id` bigint(20) unsigned NOT NULL AUTO_INCREMENT,
  `name` varchar(255) COLLATE utf8mb4_unicode_ci NOT NULL,
  `display_name` varchar(255) COLLATE utf8mb4_unicode_ci DEFAULT NULL,
  `description` varchar(255) COLLATE utf8mb4_unicode_ci DEFAULT NULL,
  `created_at` timestamp NULL DEFAULT NULL,
  `updated_at` timestamp NULL DEFAULT NULL,
  `a005_id_empresa` int(11) DEFAULT NULL,
  `status` tinyint(1) DEFAULT NULL,
  `ind_super_adm` tinyint(1) NOT NULL DEFAULT 0,
  `ind_adm` tinyint(1) NOT NULL DEFAULT 0,
  `ind_cliente` tinyint(1) NOT NULL DEFAULT 0,
  `ind_fornecedor` tinyint(1) NOT NULL DEFAULT 0,
  PRIMARY KEY (`id`) USING BTREE,
  KEY `roles_fk1` (`a005_id_empresa`) USING BTREE,
  CONSTRAINT `roles_fk1` FOREIGN KEY (`a005_id_empresa`) REFERENCES `t005_empresa` (`a005_id_empresa`)
) ENGINE=InnoDB AUTO_INCREMENT=6 DEFAULT CHARSET=utf8mb4 COLLATE=utf8mb4_unicode_ci ROW_FORMAT=DYNAMIC;
/*!40101 SET character_set_client = @saved_cs_client */;

--
-- Dumping data for table `roles`
--

LOCK TABLES `roles` WRITE;
/*!40000 ALTER TABLE `roles` DISABLE KEYS */;
INSERT INTO `roles` VALUES (1,'Super Administrador','Super Administrador','Super Adminstrador','2020-02-12 19:26:08','2020-03-03 19:13:26',1,1,1,0,0,0),(2,'Adminstrador','Adminstrador','Adminstrador','2020-02-12 19:26:08','2020-03-03 19:13:20',1,1,0,1,0,0),(3,'Cliente','Cliente','Cliente',NULL,NULL,NULL,1,0,0,1,0),(4,'Fornecedor','Fornecedor','Fornecedor',NULL,NULL,NULL,1,0,0,0,1),(5,'Operador','Operador','Operador do Sistema','2021-05-29 11:25:12','2021-05-29 11:25:12',116,1,0,0,0,0);
/*!40000 ALTER TABLE `roles` ENABLE KEYS */;
UNLOCK TABLES;

--
-- Table structure for table `t000_parametro`
--

DROP TABLE IF EXISTS `t000_parametro`;
/*!40101 SET @saved_cs_client     = @@character_set_client */;
/*!40101 SET character_set_client = utf8 */;
CREATE TABLE `t000_parametro` (
  `a000_id_parametro` int(11) NOT NULL AUTO_INCREMENT,
  `a000_sigla` varchar(50) NOT NULL,
  `a000_nome` varchar(50) NOT NULL,
  `a000_descricao` varchar(2000) NOT NULL,
  `a000_valor` text NOT NULL,
  `a000_status` tinyint(1) NOT NULL DEFAULT 0,
  `created_at` timestamp NULL DEFAULT current_timestamp(),
  `updated_at` timestamp NULL DEFAULT current_timestamp() ON UPDATE current_timestamp(),
  `created_at_user` int(11) DEFAULT NULL,
  `updated_at_user` int(11) DEFAULT NULL,
  `a000_ind_adm` tinyint(1) DEFAULT 0,
  PRIMARY KEY (`a000_id_parametro`) USING BTREE
) ENGINE=InnoDB AUTO_INCREMENT=13 DEFAULT CHARSET=utf8 ROW_FORMAT=DYNAMIC;
/*!40101 SET character_set_client = @saved_cs_client */;

--
-- Dumping data for table `t000_parametro`
--

LOCK TABLES `t000_parametro` WRITE;
/*!40000 ALTER TABLE `t000_parametro` DISABLE KEYS */;
INSERT INTO `t000_parametro` VALUES (1,'BOASVINDAS','Boas Vindas','e-mail da empresa que fizer um novo cadastro no sistema.','<strong>Bem Vindo ao sistema do&nbsp;</strong><strong><span style=\"font-size:12.0pt;mso-fareast-font-family:\r\n&quot;Times New Roman&quot;;mso-ansi-language:PT-BR;mso-fareast-language:PT-BR;\r\nmso-bidi-language:AR-SA\">Dealix</span></strong><strong>!!!!</strong>',1,'2020-02-14 13:35:12','2020-04-30 11:25:43',1,NULL,1),(6,'DIASVENCIMENTOCONTRATO','Dias Vencimento do contrato','utilizado para enviar e-mail para o responsável do contrato que está preste a vencer','90',1,'2020-02-14 13:35:12','2020-04-16 11:05:09',1,NULL,1),(7,'TEXTOVENCIMENTOCONTRATO','Texto de vencimento do contrato','utilizado para e-mail que o usuário responsável pelo contrato irá receber quando o contrato estiver para vencer, conforme o parametro DIASVENCIMENTOCONTRATO','<p>Existe contratos vencendo!!!</p>',1,'2020-02-14 13:35:12','2020-04-30 11:26:37',1,NULL,1),(8,'CONTRATOVENCIDO','Contrato Vencido','utilizado para e-mail que o usuário responsável pelo contrato irá receber quando o contrato estiver na data de vencimento','<p>o Contrato Venceu</p>',1,'2020-02-14 13:35:12','2020-04-30 11:26:53',1,NULL,1),(9,'TEXTOCOTACAO','TEXTOCOTACAO','este parâmetro será utilizado para ir no corpo do e-mail que os fornecedores e usuários responsáveis irão receber de cada cotação adicionada no sistema.','<p>Olá<br><br>Foi Criado uma nova Cotação parara você, favor entrar no sistema da DEALIX e adicionar seu Orçamento.</p><p><br></p><p>Atenciosamente <br><br>Dealix</p><p>Fazer mais por menos<br></p>',1,'2020-03-13 15:22:33','2020-04-14 12:00:53',1,NULL,1),(10,'APROVCOTACAO','APROVCOTACAO','este parâmetro será utilizado para ir no corpo do e-mail que os fornecedores e usuários responsáveis irão receber de cada cotação aprovada.','<p>Cotação foi aprovada</p><p><br></p><p>att,&nbsp;</p><p><br></p><p><strong><span style=\"font-size:12.0pt;mso-fareast-font-family:\r\n&quot;Times New Roman&quot;;mso-ansi-language:PT-BR;mso-fareast-language:PT-BR;\r\nmso-bidi-language:AR-SA\">Dialix</span></strong><br></p>',1,'2020-03-13 15:23:23','2020-04-30 11:27:23',1,NULL,1),(11,'TEXTOVENCIMENTODOCUMENTO','TEXTOVENCIMENTODOCUMENTO','utilizado para email que o usuário responsável pelo contrato irá receber quando um documento de contrato esta para vencer','Existe documentos dd contrato esta para vencer<br><br><br>att,<br><br><strong><span style=\"font-size:12.0pt;mso-fareast-font-family:\r\n&quot;Times New Roman&quot;;mso-ansi-language:PT-BR;mso-fareast-language:PT-BR;\r\nmso-bidi-language:AR-SA\">Dialix</span></strong><br>',1,'2020-03-13 15:24:29','2020-04-30 11:27:44',1,NULL,1),(12,'TEXTOCOMPROMISSO','TEXTOCOMPROMISSO','Esse é o email que sera enviado quando criar um novo compromisso','<p>Olá<br><br>Foi Criado uma novo Compromisso para você, favor entrar no sistema da DEALIX e verificar.<br></p><p><br></p><p>Atenciosamente <br><br>Dealix</p>Fazer mais por menos',1,'2020-07-28 18:23:46','2020-07-28 18:28:41',NULL,NULL,1);
/*!40000 ALTER TABLE `t000_parametro` ENABLE KEYS */;
UNLOCK TABLES;

--
-- Table structure for table `t001_usuario`
--

DROP TABLE IF EXISTS `t001_usuario`;
/*!40101 SET @saved_cs_client     = @@character_set_client */;
/*!40101 SET character_set_client = utf8 */;
CREATE TABLE `t001_usuario` (
  `a001_id_usuario` int(11) NOT NULL AUTO_INCREMENT,
  `a001_nome` varchar(50) NOT NULL,
  `a001_email` varchar(50) NOT NULL,
  `a001_status` tinyint(1) NOT NULL,
  `a001_cpf` varchar(20) DEFAULT NULL,
  `a001_telefone` varchar(20) DEFAULT NULL,
  `a001_cargo` varchar(200) DEFAULT NULL,
  `a001_cep` varchar(20) DEFAULT NULL,
  `a001_endereco` varchar(300) DEFAULT NULL,
  `a001_numero_end` varchar(30) DEFAULT NULL,
  `a047_id_cidade` int(11) DEFAULT NULL,
  `a001_complemento` varchar(50) DEFAULT NULL,
  `a001_bairro` varchar(200) DEFAULT NULL,
  `created_at` timestamp NULL DEFAULT current_timestamp(),
  `updated_at` timestamp NULL DEFAULT current_timestamp() ON UPDATE current_timestamp(),
  `created_at_user` int(11) DEFAULT NULL,
  `updated_at_user` int(11) DEFAULT NULL,
  `a001_foto` varchar(100) DEFAULT '',
  PRIMARY KEY (`a001_id_usuario`) USING BTREE,
  KEY `t001_usuario_fk1` (`a047_id_cidade`) USING BTREE,
  CONSTRAINT `t001_usuario_fk1` FOREIGN KEY (`a047_id_cidade`) REFERENCES `t047_cidade` (`a047_id_cidade`)
) ENGINE=InnoDB AUTO_INCREMENT=160 DEFAULT CHARSET=utf8 ROW_FORMAT=DYNAMIC;
/*!40101 SET character_set_client = @saved_cs_client */;

--
-- Dumping data for table `t001_usuario`
--

LOCK TABLES `t001_usuario` WRITE;
/*!40000 ALTER TABLE `t001_usuario` DISABLE KEYS */;
INSERT INTO `t001_usuario` VALUES (1,'Super Admin DEALIX','superadmin@dealix.com.br',1,'12589898088','(65) 46565-4654','dono sistema','58084-184','Rua Manoel Tertuliano Soares de Avellar','1',1341,'1','Jardim Veneza','2020-02-13 14:28:06','2020-07-22 18:16:40',1,1,'/uploads/usuario/zdfvrLzSRPhP.PNG'),(50,'Luiz Sisson - Dealix','lsisson@dealix.com.br',1,'87720531949','(41) 98700-2332','Analista de Sistemas','80240-070','Avenida Água Verde','1800',1,NULL,'Vila Izabel','2020-08-03 12:01:06','2021-06-08 13:52:42',1,1,''),(51,'Caroline - Solver','admin@solvertecnologia.com.br',1,'91412153034','(41) 3014-6511','Admin - Financ','80020-080','Praça Zacarias','58',1,'cj 1202','Centro','2020-08-03 12:38:44','2021-05-26 13:06:21',1,1,''),(52,'Luiz - Ger.TI - Slaviero','gerente.ti@slavierohoteis.com.br',1,'87720531949','(41) 3017-1000','Gerente TI','80010-070','Rua Senador Alencar Guimarães','50',1,NULL,'Centro','2020-08-03 13:25:26','2020-08-05 12:18:48',52,52,''),(53,'Dealix','lsissonjr@dealix.com.br',1,'','41987002332',NULL,'80240070','Avenida Água Verde','1800',1,NULL,'Vila Izabel','2020-08-03 16:57:32','2020-08-03 16:57:32',NULL,NULL,''),(54,'Patricia - SECT','teste4@dealix.com.br',1,'53107933058','(41) 3017-1040','Gerente Geral','80250-220','Avenida Visconde de Guarapuava','4069',1,NULL,'Centro','2020-08-05 12:37:24','2020-08-05 12:38:51',54,54,''),(55,'Luiz Sisson Marques Jr','lsissonjr@gmail.com',1,'87720531949','(41) 98700-2332','analista de sistemas','80240-070','Avenida Água Verde','1800',1,'tese','Vila Izabel','2020-08-05 12:47:58','2020-08-06 18:29:26',55,55,''),(56,'Caroline Favero','teste5@dealix.com.br',1,'91412153034','',NULL,'0',NULL,NULL,NULL,NULL,NULL,'2020-08-05 12:49:39','2020-08-05 12:49:39',NULL,NULL,''),(57,'Slaviero Slim XV','teste9@dealix.com.br',1,'','4130171050',NULL,'80060230','Rua Conselheiro Araújo','435',1,NULL,'Centro','2020-08-05 13:29:51','2020-08-05 13:29:51',NULL,NULL,''),(58,'Teste Esfera','testeesfera@esfera.com.br',0,'71350920070','(12) 32342-3423','asdfasdf','80240-070','Avenida Água Verde','234',1,'asf','Vila Izabel','2020-08-05 14:29:13','2020-11-03 12:24:30',1,1,''),(59,'Denys','denys@esfera.com.br',0,'01029447926','(12) 3242-4233','asdfasdf','80240-000','Avenida Sete de Setembro','12313',1,NULL,'Batel','2020-08-05 14:36:14','2020-11-03 12:24:52',1,1,''),(60,'Denys cliente fisico','denysrsantos@gmail.com',0,'36452761064','(13) 80130-1098',NULL,'81010-100','Avenida Henry Ford','2',1,'casa','Lindóia','2020-08-05 14:43:30','2020-11-03 12:23:34',1,1,''),(61,'Lucas Simm','lucas@weebo.com.br',0,'08512872985','(23) 12341-2342','asdfasdf','80240-070','Avenida Água Verde','2323',1,NULL,'Vila Izabel','2020-08-05 16:38:44','2020-11-03 12:25:18',1,1,''),(62,'Lucas Weebo','teste20@dealix.com.br',1,'08512872985','41987002332',NULL,'80240070','Avenida Água Verde','1800',1,'teste','Vila Izabel','2020-08-05 17:05:08','2020-08-05 17:05:08',NULL,NULL,''),(63,'Denys Rodrigues','denys.rsa.ntos@gmail.com',0,'01029447926','(41) 41898-2189',NULL,'81010-100','Avenida Henry Ford','2',1,'casa','Lindóia','2020-08-05 17:06:27','2020-11-03 12:25:54',1,1,''),(64,'Denys Cliente teste 2','de.ny.srsantos@gmail.com',0,'89495040060','(12) 31312-3123','asdfadsf','80240-070','Avenida Água Verde','1800',1,NULL,'Vila Izabel','2020-08-05 17:33:06','2020-11-03 12:26:26',1,1,''),(65,'Denys cliente 3','denysr.santos@gmail.com',0,'89495040060','(12) 31231-2313','sfasdf','80240-070','Avenida Água Verde','23423',1,NULL,'Vila Izabel','2020-08-05 17:34:39','2020-11-03 12:26:56',1,1,''),(66,'Slaviero Aspen','teste11@slavierohoteis.com.br',1,'','4130171000',NULL,'80420120','Rua Doutor Pedrosa','208',1,NULL,'Centro','2020-08-06 14:03:37','2020-08-06 14:03:37',NULL,NULL,''),(67,'Slaviero Full Jazz','teste12@dealix.com.br',1,'','4133127000',NULL,'80240120','Rua Silveira Peixoto','1297',1,NULL,'Água Verde','2020-08-06 14:05:49','2020-08-06 14:05:49',NULL,NULL,''),(68,'Denys Empresa TEste','testeempresaaa@esfera.com.br',0,'06309794051','(31) 23131-2312','asdfasdfasdf','80240-070','Avenida Água Verde','1800',1,NULL,'Vila Izabel','2020-08-06 14:46:44','2020-11-03 12:27:30',1,1,''),(69,'José de Anchieta','teste13@dealix.com.br',1,'17990455013','41987002232',NULL,'80240070','Avenida Água Verde','800',1,NULL,'Vila Izabel','2020-08-06 18:08:50','2020-08-06 18:08:50',NULL,NULL,''),(70,'Milton Nascimento','teste10@dealix.com.br',1,'43386620000','41987002332',NULL,'80240070','Avenida Água Verde','900',1,'teste','Vila Izabel','2020-08-06 19:07:43','2020-08-06 19:07:43',NULL,NULL,''),(71,'fabricio','fabricio@esfera.com.br',0,'02521963925','(65) 46546-5465',NULL,'83608-000','Rodovia BR-277 Curitiba Ponta Grossa','1',3974,NULL,'Rondinha','2020-08-10 12:42:49','2020-11-03 12:28:24',1,1,''),(72,'dadad','s@sasa.com.br',0,'81145691072','(31) 31313-1313','addasdf','81010-100','Avenida Henry Ford','1',1,'casa','Lindóia','2020-08-10 17:31:13','2020-11-03 12:27:59',1,1,''),(73,'Hermanoteu Silvicola','teste7@dealix.com.br',1,'32535723077','(41) 98700-2332','Gerente Geral','80240-070','Avenida Água Verde','1800',1,'casa21','Vila Izabel','2020-08-10 20:10:48','2020-08-10 20:12:37',73,73,''),(75,'Teste de Sistema Ltda','teste1@dealix.com.br',1,'','41987002332',NULL,'80240070','Avenida Água Verde','1800',1,'casa','Vila Izabel','2020-08-20 00:37:13','2020-08-20 00:37:13',NULL,NULL,''),(76,'Kallef Alexandre','kallef@orbitaldev.com.br',1,'06968522926','(41) 98814-9449',NULL,'83050-000','Rua Tavares de Lyra','1111',4264,NULL,'Parque da Fonte','2020-08-21 15:37:29','2021-05-05 16:49:53',76,76,''),(77,'Teste1','lucassimm91@gmail.com',0,'57430456073','(23) 21312-3121',NULL,'82130-160','Rua Lídia Klinger','692',1,'asdsad','Abranches','2020-08-25 14:17:23','2020-11-03 12:28:44',1,1,''),(78,'Teste2','teste2@dealix.com.br',1,'','41987002332',NULL,'80240070','Avenida Água Verde','1800',1,'cadas','Vila Izabel','2020-08-25 14:30:40','2020-08-25 14:30:40',NULL,NULL,''),(79,'Teste Seis do Luiz','teste6@dealix.com.br',1,'18239539050','',NULL,'0',NULL,NULL,NULL,NULL,NULL,'2020-09-04 13:08:43','2020-09-04 13:08:43',NULL,NULL,''),(80,'Ask Suite','asksuite@dealix.com.br',1,'','41987002332',NULL,'80240070','Avenida Água Verde','800',1,'acasd','Vila Izabel','2020-09-04 14:34:20','2020-09-04 14:34:20',NULL,NULL,''),(81,'Jose da Silva Xavier','teste3@dealix.com.br',1,'07537901066','',NULL,'0',NULL,NULL,NULL,NULL,NULL,'2020-09-14 12:01:06','2020-09-14 12:01:06',NULL,NULL,''),(82,'Teste 32','teste32@dealix.com.br',1,'','42980002323',NULL,'80240070','Avenida Água Verde','12312',1,'123123','Vila Izabel','2020-09-14 14:07:47','2020-09-14 14:07:47',NULL,NULL,''),(83,'teste 33','teste33@dealix.com.br',1,'','41987002332',NULL,'80240070','Avenida Água Verde','1800',1,NULL,'Vila Izabel','2020-09-14 14:13:53','2020-09-14 14:13:53',NULL,NULL,''),(84,'Repres Kaspersky','kaspersky@dealix.com.br',1,'','41980000000',NULL,'80000000','asdfasdf','asdf',1658,'asdf','asdf','2020-11-30 18:20:48','2020-11-30 18:20:48',NULL,NULL,''),(85,'Horizons Telecom','horizons@dealix.com.br',1,'','4130171000',NULL,'80240070','Avenida Água Verde','1800',1,'teste','Vila Izabel','2020-12-18 11:04:19','2020-12-18 11:04:19',NULL,NULL,''),(86,'asd asdasdasd','asdasdas@asdasdas.com',1,'45148326859','12312323121',NULL,'83050000','Rua Tavares de Lyra','1123',4264,'asdasdasd','Parque da Fonte','2020-12-21 13:50:41','2020-12-21 13:50:41',NULL,NULL,''),(87,'PMWEB','pmweb@dealix.com.br',1,'','1145040000',NULL,'01046010','Avenida Ipiranga','104',3833,'19andar','República','2021-01-09 14:19:05','2021-01-09 14:19:05',NULL,NULL,''),(88,'Algar Telecom','algar@dealix.com.br',1,'','4130171000',NULL,'80250080','Rua Pasteur','463',1,NULL,'Batel','2021-01-26 11:22:04','2021-01-26 11:22:04',NULL,NULL,''),(89,'Mundivox','mundivox@dealix.com.br',1,'','1135135900',NULL,'20010020','Rua São José','90',3246,NULL,'Centro','2021-01-29 18:37:52','2021-01-29 18:37:52',NULL,NULL,''),(90,'AdiminDealix','firstpixel@dealix.com.br',1,'87720531949','41987002332','Admin','80240070','Av. Agua Verde','1800',1,'Ap 401','Vila Izabel','2021-02-16 01:27:09','2021-02-16 01:27:09',NULL,NULL,''),(91,'Jose da Silva3','jose3@dealix.com.br',1,'81376385040','41987002332','','80240070','jacare','80',1,'asdf','vila','2021-02-17 00:46:33','2021-02-17 00:46:33',NULL,NULL,''),(92,'Digitro','digitro@dealix.com.br',1,'','4832817000',NULL,'88085040','Rua Professora Sofia Quint de Souza','167',4401,NULL,'Capoeiras','2021-02-23 23:55:22','2021-02-23 23:55:22',NULL,NULL,''),(93,'Alecs Design','alecsalvs@gmail.com',1,'','(11) 94397-3825','Proprietário','07404-040','Rua Serra do Itapeti','298',3315,NULL,'Mirante do Arujá','2021-02-24 14:24:59','2021-02-25 13:12:37',93,93,'/uploads/usuario/diFdpthOheYd.png'),(94,'teste','email@email.com',1,'98765432100','41999999999',NULL,'01001001','Praça da Sé','123',3833,NULL,'Sé','2021-02-25 20:29:27','2021-02-25 20:29:27',NULL,NULL,''),(95,'Luiz Sisson','sissonjr@hotmail.com',1,'87720531949','41987002332','pessoa comum','80240070','av. agua verde','1800',1,'ap 30303','vila bimbona','2021-02-28 15:33:11','2021-02-28 15:33:11',NULL,NULL,''),(96,'Micael Quilião Gerson','micael.quiliao@orbitaldev.com.br',1,'02277651095','55519959370','','96503272','Barão de Viamão','2481',4669,'casa','Noêmia','2021-05-04 17:54:07','2021-05-04 17:54:07',NULL,NULL,''),(97,'Micael Quilião Gerson','micaelquiliao@gmail.com',1,'02273827733','55519959370','','96503272','Barão de Viamão','Eius non asperiores',4609,'Tenetur veniam sunt','Qui sit ut a delenit','2021-05-05 12:32:15','2021-05-05 12:32:15',NULL,NULL,''),(98,'Micael Quilião Gerson','micael@gmail.com',1,'02277651095','55519959370','','96503272','Barão de Viamão, 2481','2481',4669,'casa','Noêmia','2021-05-07 11:47:04','2021-05-07 11:47:04',NULL,NULL,''),(99,'Convite','daroye8205@brayy.com',1,'','41999999999',NULL,'01001001','Praça da Sé','1',3833,NULL,'Sé','2021-05-21 22:35:55','2021-05-21 22:35:55',NULL,NULL,''),(101,'Luiz Novamente','novamente@dealix.com.br',1,'30966776038','41987002332','','80240070','Av Agua Verde','1800',1,'ap 401','Vila Izabel','2021-05-26 04:17:33','2021-05-26 04:17:33',NULL,NULL,''),(102,'DealixT','vebise7109@geekale.com',1,'98765432100','41999999999','Teste','01001001','address','2',1,'','Bairro','2021-05-27 06:52:34','2021-05-27 06:52:34',NULL,NULL,''),(103,'Jared Douglas','qahezuni@mailinator.com',1,'79976972334','41988124312','','83050000','Mollitia est enim v','123',299,'Tempore non nisi co','Laborum adipisicing','2021-05-28 18:03:59','2021-05-28 18:03:59',NULL,NULL,''),(104,'Juliet Johnson','kexojitaha@mailinator.com',1,'49831824032','41988123123','','83050000','Do voluptas incidunt','Earum et reiciendis',5106,'Velit reprehenderit','Minima ut adipisicin','2021-05-28 18:15:25','2021-05-28 18:15:25',NULL,NULL,''),(105,'Teste 102','teste102@dealix.com.br',1,'89937057043','(41) 98777-6678','analista','80240-070','asdfasf','1800',1,'asdf','adsfasdf','2021-05-29 11:15:30','2021-05-29 11:23:04',101,101,''),(106,'Curran Park','vazybebo@mailinator.com',1,'12544687819','12312312312','','83050000','Architecto quis dele','Ullam nulla natus ne',1469,'Fuga Distinctio Se','Ducimus excepturi t','2021-05-29 21:46:02','2021-05-29 21:46:02',NULL,NULL,''),(107,'test','test@test.com',1,'98765432100','(41) 11111-1111','test','01001-001','Praça da Sé','010',3833,NULL,'Sé','2021-05-30 06:52:54','2021-05-30 06:52:54',50,50,''),(108,'Empresa fantasia','test@fantasia.com',1,'98765432100','41000000000','teste','01001001','Praça da Sé','21',1,'','Sé','2021-06-01 15:25:16','2021-06-01 15:25:16',NULL,NULL,''),(109,'Teste fluxo 2','dodaja5386@relumyx.com',1,'65137337072','41111111111','','01001001','Praça da Sé','12',1,'','Sé','2021-06-01 15:53:25','2021-06-01 15:53:25',NULL,NULL,''),(110,'Ivanildo Pereira','ivanildo@dealix.com.br',1,'28242682046','41987002332','','80240070','Avenida Água Verde','1800',1,'asdf','Vila Izabel','2021-06-08 14:15:56','2021-06-08 14:15:56',NULL,NULL,''),(111,'Ivanildo Pereita','ivanildo@orbitaldev.com.br',1,'59692030091','41987002332','','80240070','Avenida Água Verde','1800',1,'asdf','Vila Izabel','2021-06-08 16:56:53','2021-06-08 16:56:53',NULL,NULL,''),(112,'Austin Reid','muqujycur@mailinator.com',1,'53400565628','41991421312','','83050000','Rua Tavares de Lyra','1111',4609,'Labore ullamco volup','Afonso Pena','2021-06-09 13:20:41','2021-06-09 13:20:41',NULL,NULL,''),(113,'Jose da Silva Xavier','jxavier@mailinator.com',1,'30468355073','41987002332','','80240070','Avenida Água Verde','1000',1,'asdf','Vila Izabel','2021-06-10 14:12:27','2021-06-10 14:12:27',NULL,NULL,''),(114,'Mario nogueira','mario@gmail.com',1,'29367090080','11943973825',NULL,'07404040','Rua Serra do Itapeti','298',3315,NULL,'Mirante do Arujá','2021-06-28 18:42:19','2021-06-28 18:42:19',NULL,NULL,''),(115,'Orbital','contato@orbital.codes',1,'','41988149449',NULL,'83050000','Rua Tavares de Lyra','1207',4264,NULL,'Parque da Fonte','2021-12-20 20:29:47','2021-12-20 20:29:47',NULL,NULL,''),(116,'Totvs','totvsteste@teste.com.br',1,'','41987002332',NULL,'20091007','Rua Visconde de Inhaúma','83',3246,'sala 1101','Centro','2022-02-21 20:12:55','2022-02-21 20:12:55',NULL,NULL,''),(117,'lucas','luke.mts@hotmail.com',1,'03562459262',NULL,NULL,NULL,NULL,NULL,NULL,NULL,NULL,'2022-03-07 18:19:42','2022-03-07 18:19:42',NULL,NULL,''),(118,'teste','teste@teste.com',1,'98765432100',NULL,NULL,NULL,NULL,NULL,NULL,NULL,NULL,'2022-03-08 11:39:24','2022-03-08 11:39:24',NULL,NULL,''),(119,'Lucas Mateus Rodrigues de Melo','luque.mts@hotmail.com',1,'03562459262',NULL,NULL,NULL,NULL,NULL,NULL,NULL,NULL,'2022-03-09 17:55:17','2022-03-09 17:55:17',NULL,NULL,''),(120,'Lucas Mateus Rodrigues de Melo','luque.mts@gmail.com',1,'03562459262',NULL,NULL,NULL,NULL,NULL,NULL,NULL,NULL,'2022-03-09 17:55:44','2022-03-09 17:55:44',NULL,NULL,''),(121,'teste','test@test3.com',1,'98765432100',NULL,NULL,NULL,NULL,NULL,NULL,NULL,NULL,'2022-03-09 17:58:35','2022-03-09 17:58:35',NULL,NULL,''),(122,'teste','teste4@gmail.com',1,'98765432100',NULL,NULL,NULL,NULL,NULL,NULL,NULL,NULL,'2022-03-09 18:01:25','2022-03-09 18:01:25',NULL,NULL,''),(123,'teste','test45@gmail.com',1,'98765432100',NULL,NULL,NULL,NULL,NULL,NULL,NULL,NULL,'2022-03-09 18:16:30','2022-03-09 18:16:30',NULL,NULL,''),(124,'teste','1@1.com',1,'',NULL,NULL,NULL,NULL,NULL,NULL,NULL,NULL,'2022-03-09 18:32:30','2022-03-09 18:32:30',NULL,NULL,''),(125,'Orbitation','l@gmail.com',1,'',NULL,NULL,NULL,NULL,NULL,NULL,NULL,NULL,'2022-03-09 19:45:12','2022-03-09 19:45:12',NULL,NULL,''),(126,'teste','teste@gmail.com',1,'03562459262',NULL,NULL,NULL,NULL,NULL,NULL,NULL,NULL,'2022-04-11 19:21:33','2022-04-11 19:21:33',NULL,NULL,''),(127,'teste','test@gmail.com',1,'03562459262',NULL,NULL,NULL,NULL,NULL,NULL,NULL,NULL,'2022-04-11 19:27:16','2022-04-11 19:27:16',NULL,NULL,''),(128,'t','d1j3idoja@kallef.com',1,'03562459262',NULL,NULL,NULL,NULL,NULL,NULL,NULL,NULL,'2022-04-11 19:34:57','2022-04-11 19:34:57',NULL,NULL,''),(129,'Teste 1204','sisson@brbyte.tec.br',1,'64986157027',NULL,NULL,NULL,NULL,NULL,NULL,NULL,NULL,'2022-04-12 17:25:20','2022-04-12 17:25:20',NULL,NULL,''),(130,'teste','testao@gmail.com',1,'03562459262',NULL,NULL,NULL,NULL,NULL,NULL,NULL,NULL,'2022-04-18 19:10:45','2022-04-18 19:10:45',NULL,NULL,''),(131,'willian','teste@teste123.com',1,'98765432100',NULL,NULL,NULL,NULL,NULL,NULL,NULL,NULL,'2022-05-04 02:46:40','2022-05-04 02:46:40',NULL,NULL,''),(132,'willian','willian.soares@orbitaldev.com.br',1,'98765432100',NULL,NULL,NULL,NULL,NULL,NULL,NULL,NULL,'2022-05-04 02:48:03','2022-05-04 02:48:03',NULL,NULL,''),(133,'teste','lucas.mateus@orbitaldev.com.br',1,'03562459262',NULL,NULL,NULL,NULL,NULL,NULL,NULL,NULL,'2022-05-04 18:52:45','2022-05-04 18:52:45',NULL,NULL,''),(134,'teste1','Italo_mix@hotmail.com',1,'03562459262',NULL,NULL,NULL,NULL,NULL,NULL,NULL,NULL,'2022-05-04 18:57:30','2022-05-04 18:57:30',NULL,NULL,''),(135,'teste2','sowemec956@azteen.com',1,'03562459262',NULL,NULL,NULL,NULL,NULL,NULL,NULL,NULL,'2022-05-04 19:16:26','2022-05-04 19:16:26',NULL,NULL,''),(136,'teste3','rividunu@kellychibale-researchgroup-uct.com',1,'03562459262',NULL,NULL,NULL,NULL,NULL,NULL,NULL,NULL,'2022-05-05 20:44:10','2022-05-05 20:44:10',NULL,NULL,''),(137,'teste4','bltphxoink@email.ucms.edu.pk',1,'03562459262',NULL,NULL,NULL,NULL,NULL,NULL,NULL,NULL,'2022-05-05 20:53:24','2022-05-05 20:53:24',NULL,NULL,''),(138,'willian','lexat35103@bunlets.com',1,'98765432100',NULL,NULL,NULL,NULL,NULL,NULL,NULL,NULL,'2022-05-06 01:19:55','2022-05-06 01:19:55',NULL,NULL,''),(140,'willian','cafecomarroz+1@gmail.com',1,'98765432100',NULL,NULL,NULL,NULL,NULL,NULL,NULL,NULL,'2022-05-06 01:46:21','2022-05-06 01:46:21',NULL,NULL,''),(141,'willian','cafecomarroz+2@gmail.com',1,'98765432100',NULL,NULL,NULL,NULL,NULL,NULL,NULL,NULL,'2022-05-06 03:28:24','2022-05-06 03:28:24',NULL,NULL,''),(142,'teste','willian.opiechon@gmail.com',1,'93817938173',NULL,NULL,NULL,NULL,NULL,NULL,NULL,NULL,'2022-05-24 19:05:23','2022-05-24 19:05:23',NULL,NULL,''),(143,'teste','tste@gmail.com',1,'03562459262',NULL,NULL,NULL,NULL,NULL,NULL,NULL,NULL,'2022-05-26 19:49:57','2022-05-26 19:49:57',NULL,NULL,''),(144,'teste','lucas_teste@gmail.com',1,'03562459262',NULL,NULL,NULL,NULL,NULL,NULL,NULL,NULL,'2022-05-26 19:51:50','2022-05-26 19:51:50',NULL,NULL,''),(145,'teste','iqiqiqiq@gmail.com',1,'03562459262',NULL,NULL,NULL,NULL,NULL,NULL,NULL,NULL,'2022-05-26 19:52:13','2022-05-26 19:52:13',NULL,NULL,''),(146,'teste','laks@gmail.com',1,'03562459262',NULL,NULL,NULL,NULL,NULL,NULL,NULL,NULL,'2022-05-26 19:55:22','2022-05-26 19:55:22',NULL,NULL,''),(147,'teste','asdlaks@gmail.com',1,'03562459262',NULL,NULL,NULL,NULL,NULL,NULL,NULL,NULL,'2022-05-26 23:14:18','2022-05-26 23:14:18',NULL,NULL,''),(148,'test','as@gmail.com',1,'03562459262',NULL,NULL,NULL,NULL,NULL,NULL,NULL,NULL,'2022-05-26 23:24:43','2022-05-26 23:24:43',NULL,NULL,''),(149,'testao','pop@gmail.com',1,'49847987789',NULL,NULL,NULL,NULL,NULL,NULL,NULL,NULL,'2022-05-26 23:39:59','2022-05-26 23:39:59',NULL,NULL,''),(150,'lucas','luque.mts+1@gmail.com',1,'03562459262',NULL,NULL,NULL,NULL,NULL,NULL,NULL,NULL,'2022-05-26 23:50:29','2022-05-26 23:50:29',NULL,NULL,''),(151,'Estabelecimentum','admin@zaptoyou.com.br',1,'',NULL,NULL,NULL,NULL,NULL,NULL,NULL,NULL,'2022-05-27 16:20:06','2022-05-27 16:20:06',NULL,NULL,''),(152,'Zaptoyou','financeiro@zaptoyou.com.br',1,'',NULL,NULL,NULL,NULL,NULL,NULL,NULL,NULL,'2022-05-27 16:53:50','2022-05-27 16:53:50',NULL,NULL,''),(153,'Kallef','kallef.alexandre@orbital.codes',1,'06968522926',NULL,NULL,NULL,NULL,NULL,NULL,NULL,NULL,'2022-08-09 13:13:08','2022-08-09 13:13:08',NULL,NULL,''),(154,'teste henrique','informatica4@slavierohoteis.com.br',1,'','(41) 99873-8967',NULL,'83330-250','Rua Antônio José Pereira','5011',4179,NULL,'Jardim Amélia','2022-11-04 20:50:48','2022-11-07 20:28:22',156,156,''),(155,'Henrique Empreendimentos','telecom@slavierohoteis.com.br',1,'',NULL,NULL,NULL,NULL,NULL,NULL,NULL,NULL,'2022-11-07 19:47:16','2022-11-07 19:47:16',NULL,NULL,''),(156,'Henrique Empreendimentos','gabriel@gmail.com',1,'',NULL,NULL,NULL,NULL,NULL,NULL,NULL,NULL,'2022-11-07 19:48:17','2022-11-07 19:48:17',NULL,NULL,''),(157,'Henrique Empreendimentos','gabriel@gmail.com.br',1,'',NULL,NULL,NULL,NULL,NULL,NULL,NULL,NULL,'2022-11-07 19:48:37','2022-11-07 19:48:37',NULL,NULL,''),(158,'teste cliente henrique','gabrielclazer.gc@gmail.com',1,'13295409994','41998738967',NULL,'83330250','Rua Antônio José Pereira','501',4179,'casa esquina','Jardim Amélia','2022-11-09 18:11:49','2022-11-09 18:11:49',NULL,NULL,''),(159,'teste fornecedor henrique','ademi_09@live.com',1,'03135175928','41998738967',NULL,'83330250','Rua Antônio José Pereira','501',4179,'casa esquina','Jardim Amélia','2022-11-09 18:16:09','2022-11-09 18:16:09',NULL,NULL,'');
/*!40000 ALTER TABLE `t001_usuario` ENABLE KEYS */;
UNLOCK TABLES;

--
-- Table structure for table `t004_empresa_usuario`
--

DROP TABLE IF EXISTS `t004_empresa_usuario`;
/*!40101 SET @saved_cs_client     = @@character_set_client */;
/*!40101 SET character_set_client = utf8 */;
CREATE TABLE `t004_empresa_usuario` (
  `a004_id_empresa_usuario` int(11) NOT NULL AUTO_INCREMENT,
  `a001_id_usuario` int(11) NOT NULL,
  `a005_id_empresa` int(11) DEFAULT NULL,
  `created_at` timestamp NULL DEFAULT current_timestamp(),
  `updated_at` timestamp NULL DEFAULT current_timestamp() ON UPDATE current_timestamp(),
  `created_at_user` int(11) DEFAULT NULL,
  `updated_at_user` int(11) DEFAULT NULL,
  `a004_dono_cadastro` tinyint(4) DEFAULT 0,
  PRIMARY KEY (`a004_id_empresa_usuario`) USING BTREE,
  KEY `t004_empresa_usuario_fk1` (`a001_id_usuario`) USING BTREE,
  KEY `t004_empresa_usuario_fk2` (`a005_id_empresa`) USING BTREE,
  CONSTRAINT `t004_empresa_usuario_fk1` FOREIGN KEY (`a001_id_usuario`) REFERENCES `t001_usuario` (`a001_id_usuario`),
  CONSTRAINT `t004_empresa_usuario_fk2` FOREIGN KEY (`a005_id_empresa`) REFERENCES `t005_empresa` (`a005_id_empresa`)
) ENGINE=InnoDB AUTO_INCREMENT=282 DEFAULT CHARSET=utf8 ROW_FORMAT=DYNAMIC;
/*!40101 SET character_set_client = @saved_cs_client */;

--
-- Dumping data for table `t004_empresa_usuario`
--

LOCK TABLES `t004_empresa_usuario` WRITE;
/*!40000 ALTER TABLE `t004_empresa_usuario` DISABLE KEYS */;
INSERT INTO `t004_empresa_usuario` VALUES (1,1,1,'2020-03-17 17:11:22','2020-03-18 20:12:46',1,NULL,1),(81,50,49,'2020-08-03 12:01:06','2020-08-03 12:01:06',50,NULL,1),(82,51,50,'2020-08-03 12:38:44','2020-08-03 12:38:44',51,NULL,1),(83,52,51,'2020-08-03 13:25:26','2020-08-03 13:25:26',52,NULL,1),(84,52,50,'2020-08-03 15:06:07','2020-08-03 15:06:07',52,NULL,0),(85,52,52,'2020-08-03 16:46:16','2020-08-03 16:46:16',52,NULL,1),(86,53,49,'2020-08-03 16:57:32','2020-08-03 16:57:32',53,NULL,1),(87,51,49,'2020-08-03 16:57:33','2020-08-03 16:57:33',51,NULL,0),(88,51,51,'2020-08-03 17:59:41','2020-08-03 17:59:41',51,NULL,0),(89,54,53,'2020-08-05 12:37:24','2020-08-05 12:37:24',54,NULL,1),(90,52,53,'2020-08-05 12:45:07','2020-08-05 12:45:07',52,NULL,1),(91,55,54,'2020-08-05 12:47:58','2020-08-05 12:47:58',55,NULL,1),(92,56,55,'2020-08-05 12:49:39','2020-08-05 12:49:39',56,NULL,1),(93,57,56,'2020-08-05 13:29:51','2020-08-05 13:29:51',57,NULL,1),(94,51,56,'2020-08-05 13:29:52','2020-08-05 13:29:52',51,NULL,0),(95,57,52,'2020-08-05 13:45:55','2020-08-05 13:45:55',57,NULL,1),(96,58,57,'2020-08-05 14:29:13','2020-08-05 14:29:13',58,NULL,1),(97,59,58,'2020-08-05 14:36:14','2020-08-05 14:36:14',59,NULL,1),(98,59,59,'2020-08-05 14:39:02','2020-08-05 14:39:02',59,NULL,1),(99,59,60,'2020-08-05 14:40:21','2020-08-05 14:40:21',59,NULL,1),(100,60,61,'2020-08-05 14:43:30','2020-08-05 14:43:30',60,NULL,1),(101,59,61,'2020-08-05 14:43:30','2020-08-05 14:43:30',59,NULL,0),(102,59,62,'2020-08-05 14:51:39','2020-08-05 14:51:39',59,NULL,1),(103,61,63,'2020-08-05 16:38:44','2020-08-05 16:38:44',61,NULL,1),(104,61,64,'2020-08-05 16:42:05','2020-08-05 16:42:05',61,NULL,1),(105,52,65,'2020-08-05 16:51:02','2020-08-05 16:51:02',52,NULL,1),(106,52,66,'2020-08-05 16:53:54','2020-08-05 16:53:54',52,NULL,1),(107,62,67,'2020-08-05 17:05:08','2020-08-05 17:05:08',62,NULL,1),(108,52,67,'2020-08-05 17:05:08','2020-08-05 17:05:08',52,NULL,0),(109,63,68,'2020-08-05 17:06:27','2020-08-05 17:06:27',63,NULL,1),(110,59,68,'2020-08-05 17:06:27','2020-08-05 17:06:27',59,NULL,0),(111,52,68,'2020-08-05 17:06:56','2020-08-05 17:06:56',52,NULL,0),(112,55,51,'2020-08-05 17:16:39','2020-08-05 17:16:39',55,NULL,1),(113,59,69,'2020-08-05 17:31:54','2020-08-05 17:31:54',59,NULL,1),(114,64,70,'2020-08-05 17:33:06','2020-08-05 17:33:06',64,NULL,1),(115,65,71,'2020-08-05 17:34:39','2020-08-05 17:34:39',65,NULL,1),(116,66,65,'2020-08-06 14:03:37','2020-08-06 14:03:37',66,NULL,1),(117,51,65,'2020-08-06 14:03:38','2020-08-06 14:03:38',51,NULL,0),(118,51,53,'2020-08-06 14:04:12','2020-08-06 14:04:12',51,NULL,0),(119,67,72,'2020-08-06 14:05:49','2020-08-06 14:05:49',67,NULL,1),(120,51,72,'2020-08-06 14:05:49','2020-08-06 14:05:49',51,NULL,0),(121,59,73,'2020-08-06 14:44:22','2020-08-06 14:44:22',59,NULL,1),(122,68,74,'2020-08-06 14:46:44','2020-08-06 14:46:44',68,NULL,1),(123,69,75,'2020-08-06 18:08:50','2020-08-06 18:08:50',69,NULL,1),(124,50,75,'2020-08-06 18:08:50','2020-08-06 18:08:50',50,NULL,0),(125,70,76,'2020-08-06 19:07:43','2020-08-06 19:07:43',70,NULL,1),(126,50,76,'2020-08-06 19:07:44','2020-08-06 19:07:44',50,NULL,0),(127,50,77,'2020-08-06 19:45:44','2020-08-06 19:45:44',50,NULL,1),(128,71,78,'2020-08-10 12:42:49','2020-08-10 12:42:49',71,NULL,1),(129,59,78,'2020-08-10 12:42:49','2020-08-10 12:42:49',59,NULL,0),(130,72,79,'2020-08-10 17:31:13','2020-08-10 17:31:13',72,NULL,1),(131,59,79,'2020-08-10 17:31:13','2020-08-10 17:31:13',59,NULL,0),(132,73,80,'2020-08-10 20:10:48','2020-08-10 20:10:48',73,NULL,1),(133,52,80,'2020-08-10 20:10:49','2020-08-10 20:10:49',52,NULL,0),(134,73,81,'2020-08-10 21:01:36','2020-08-10 21:01:36',73,NULL,1),(135,52,82,'2020-08-10 21:16:33','2020-08-10 21:16:33',52,NULL,1),(137,51,56,'2020-08-20 00:24:53','2020-08-20 00:24:53',51,NULL,0),(138,75,83,'2020-08-20 00:37:13','2020-08-20 00:37:13',75,NULL,1),(139,51,83,'2020-08-20 00:37:15','2020-08-20 00:37:15',51,NULL,0),(140,76,84,'2020-08-21 15:37:29','2020-08-21 15:37:29',76,NULL,1),(141,77,85,'2020-08-25 14:17:23','2020-08-25 14:17:23',77,NULL,1),(142,61,85,'2020-08-25 14:17:23','2020-08-25 14:17:23',61,NULL,0),(143,75,51,'2020-08-25 14:29:01','2020-08-25 14:29:01',75,NULL,0),(144,78,86,'2020-08-25 14:30:40','2020-08-25 14:30:40',78,NULL,1),(145,75,86,'2020-08-25 14:30:41','2020-08-25 14:30:41',75,NULL,0),(146,79,87,'2020-09-04 13:08:43','2020-09-04 13:08:43',79,NULL,1),(147,80,88,'2020-09-04 14:34:20','2020-09-04 14:34:20',80,NULL,1),(148,52,88,'2020-09-04 14:34:20','2020-09-04 14:34:20',52,NULL,0),(149,81,89,'2020-09-14 12:01:06','2020-09-14 12:01:06',81,NULL,1),(150,82,90,'2020-09-14 14:07:47','2020-09-14 14:07:47',82,NULL,1),(151,50,90,'2020-09-14 14:07:48','2020-09-14 14:07:48',50,NULL,0),(152,83,91,'2020-09-14 14:13:53','2020-09-14 14:13:53',83,NULL,1),(153,50,91,'2020-09-14 14:13:54','2020-09-14 14:13:54',50,NULL,0),(154,52,92,'2020-11-30 18:16:04','2020-11-30 18:16:04',52,NULL,1),(155,84,93,'2020-11-30 18:20:48','2020-11-30 18:20:48',84,NULL,1),(156,52,93,'2020-11-30 18:20:51','2020-11-30 18:20:51',52,NULL,0),(157,52,94,'2020-12-18 10:52:42','2020-12-18 10:52:42',52,NULL,1),(158,85,95,'2020-12-18 11:04:19','2020-12-18 11:04:19',85,NULL,1),(159,52,95,'2020-12-18 11:04:20','2020-12-18 11:04:20',52,NULL,0),(160,86,96,'2020-12-21 13:50:41','2020-12-21 13:50:41',86,NULL,1),(161,76,96,'2020-12-21 13:50:42','2020-12-21 13:50:42',76,NULL,0),(162,76,97,'2020-12-21 14:31:31','2020-12-21 14:31:31',76,NULL,1),(163,87,98,'2021-01-09 14:19:05','2021-01-09 14:19:05',87,NULL,1),(164,52,98,'2021-01-09 14:19:06','2021-01-09 14:19:06',52,NULL,0),(165,88,99,'2021-01-26 11:22:04','2021-01-26 11:22:04',88,NULL,1),(166,52,99,'2021-01-26 11:22:05','2021-01-26 11:22:05',52,NULL,0),(167,52,100,'2021-01-29 18:08:12','2021-01-29 18:08:12',52,NULL,1),(168,89,101,'2021-01-29 18:37:52','2021-01-29 18:37:52',89,NULL,1),(169,52,101,'2021-01-29 18:37:54','2021-01-29 18:37:54',52,NULL,0),(170,90,102,'2021-02-16 01:27:09','2021-02-16 01:27:09',90,NULL,1),(171,91,103,'2021-02-17 00:46:33','2021-02-17 00:46:33',91,NULL,1),(172,92,104,'2021-02-23 23:55:22','2021-02-23 23:55:22',92,NULL,1),(173,52,104,'2021-02-23 23:55:24','2021-02-23 23:55:24',52,NULL,0),(174,93,105,'2021-02-24 14:24:59','2021-02-24 14:24:59',93,NULL,1),(175,50,50,'2021-02-24 14:25:00','2021-07-04 09:13:35',50,NULL,0),(176,94,106,'2021-02-25 20:29:27','2021-02-25 20:29:27',94,NULL,1),(177,76,106,'2021-02-25 20:29:29','2021-02-25 20:29:29',76,NULL,0),(178,95,107,'2021-02-28 15:33:11','2021-02-28 15:33:11',95,NULL,1),(179,93,75,'2021-03-01 00:44:09','2021-07-04 09:20:02',93,NULL,0),(180,76,108,'2021-05-05 14:03:25','2021-05-05 14:03:25',76,NULL,1),(181,76,109,'2021-05-05 14:05:53','2021-05-05 14:05:53',76,NULL,0),(182,50,50,'2021-05-19 02:10:57','2021-05-19 02:10:57',50,NULL,0),(183,99,111,'2021-05-21 22:35:55','2021-05-21 22:35:55',96,NULL,0),(184,99,110,'2021-05-21 22:35:55','2021-05-21 22:35:55',96,NULL,1),(185,51,110,'2021-05-21 22:35:55','2021-05-21 22:35:55',51,NULL,0),(193,102,112,'2021-05-27 07:35:12','2021-05-27 07:35:12',98,NULL,1),(194,103,113,'2021-05-28 18:03:59','2021-05-28 18:03:59',99,NULL,1),(195,104,114,'2021-05-28 18:15:25','2021-05-28 18:15:25',100,NULL,1),(196,50,115,'2021-05-29 10:58:11','2021-05-29 10:58:11',50,NULL,1),(197,105,116,'2021-05-29 11:15:30','2021-05-29 11:15:30',101,NULL,1),(198,106,117,'2021-05-29 21:46:02','2021-05-29 21:46:02',102,NULL,1),(199,107,49,'2021-05-30 06:52:54','2021-05-30 06:52:54',NULL,NULL,1),(200,107,75,'2021-05-30 06:52:54','2021-05-30 06:52:54',NULL,NULL,0),(201,107,76,'2021-05-30 06:52:54','2021-05-30 06:52:54',NULL,NULL,0),(202,107,90,'2021-05-30 06:52:54','2021-05-30 06:52:54',NULL,NULL,0),(203,107,91,'2021-05-30 06:52:54','2021-05-30 06:52:54',NULL,NULL,0),(204,107,105,'2021-05-30 06:52:54','2021-05-30 06:52:54',NULL,NULL,0),(205,107,50,'2021-05-30 06:52:54','2021-05-30 06:52:54',NULL,NULL,0),(206,108,118,'2021-06-01 15:25:16','2021-06-01 15:25:16',104,NULL,1),(207,109,119,'2021-06-01 15:53:25','2021-06-01 15:53:25',105,NULL,1),(208,50,54,'2021-06-08 13:52:42','2021-06-08 13:52:42',NULL,NULL,0),(209,1,120,'2021-06-08 13:55:50','2021-06-08 13:55:50',1,NULL,1),(210,110,121,'2021-06-08 14:15:56','2021-06-08 14:15:56',106,NULL,1),(211,111,122,'2021-06-08 16:56:53','2021-06-08 16:56:53',107,NULL,1),(212,112,123,'2021-06-09 13:20:41','2021-06-09 13:20:41',108,NULL,1),(213,113,124,'2021-06-10 14:12:27','2021-06-10 14:12:27',109,NULL,1),(214,114,126,'2021-06-28 18:42:19','2021-06-28 18:42:19',110,NULL,0),(215,114,125,'2021-06-28 18:42:19','2021-06-28 18:42:19',110,NULL,1),(216,93,105,'2021-06-28 18:42:19','2021-07-04 08:48:31',93,NULL,0),(217,115,128,'2021-12-20 20:29:47','2021-12-20 20:29:47',111,NULL,0),(218,115,127,'2021-12-20 20:29:47','2021-12-20 20:29:47',111,NULL,1),(219,50,127,'2021-12-20 20:29:47','2021-12-20 20:29:47',50,NULL,0),(220,116,130,'2022-02-21 20:12:55','2022-02-21 20:12:55',112,NULL,0),(221,116,129,'2022-02-21 20:12:55','2022-02-21 20:12:55',112,NULL,1),(222,52,129,'2022-02-21 20:12:55','2022-02-21 20:12:55',52,NULL,0),(223,117,131,'2022-03-07 18:19:42','2022-03-07 18:19:42',113,NULL,1),(224,118,132,'2022-03-08 11:39:24','2022-03-08 11:39:24',114,NULL,1),(225,119,133,'2022-03-09 17:55:17','2022-03-09 17:55:17',115,NULL,1),(226,120,134,'2022-03-09 17:55:44','2022-03-09 17:55:44',116,NULL,1),(227,121,135,'2022-03-09 17:58:35','2022-03-09 17:58:35',117,NULL,1),(228,122,136,'2022-03-09 18:01:25','2022-03-09 18:01:25',118,NULL,1),(229,123,137,'2022-03-09 18:16:30','2022-03-09 18:16:30',119,NULL,1),(230,124,138,'2022-03-09 18:32:30','2022-03-09 18:32:30',120,NULL,1),(231,125,139,'2022-03-09 19:45:12','2022-03-09 19:45:12',121,NULL,1),(232,126,140,'2022-04-11 19:21:33','2022-04-11 19:21:33',122,NULL,1),(233,127,141,'2022-04-11 19:27:16','2022-04-11 19:27:16',123,NULL,1),(234,128,142,'2022-04-11 19:34:57','2022-04-11 19:34:57',124,NULL,1),(235,129,143,'2022-04-12 17:25:21','2022-04-12 17:25:21',125,NULL,1),(236,130,144,'2022-04-18 19:10:45','2022-04-18 19:10:45',126,NULL,1),(237,131,145,'2022-05-04 02:46:40','2022-05-04 02:46:40',127,NULL,1),(238,132,146,'2022-05-04 02:48:03','2022-05-04 02:48:03',128,NULL,1),(239,133,147,'2022-05-04 18:52:45','2022-05-04 18:52:45',129,NULL,1),(240,134,148,'2022-05-04 18:57:30','2022-05-04 18:57:30',130,NULL,1),(241,135,149,'2022-05-04 19:16:26','2022-05-04 19:16:26',131,NULL,1),(242,136,150,'2022-05-05 20:44:10','2022-05-05 20:44:10',132,NULL,1),(243,137,151,'2022-05-05 20:53:24','2022-05-05 20:53:24',133,NULL,1),(244,138,152,'2022-05-06 01:19:55','2022-05-06 01:19:55',134,NULL,1),(246,140,154,'2022-05-06 01:46:21','2022-05-06 01:46:21',136,NULL,1),(247,141,155,'2022-05-06 03:28:24','2022-05-06 03:28:24',137,NULL,1),(248,132,156,'2022-05-24 18:36:17','2022-05-24 18:36:17',138,NULL,1),(249,132,157,'2022-05-24 18:36:25','2022-05-24 18:36:25',138,NULL,1),(250,132,158,'2022-05-24 18:36:35','2022-05-24 18:36:35',138,NULL,1),(251,132,159,'2022-05-24 18:37:26','2022-05-24 18:37:26',138,NULL,1),(252,132,160,'2022-05-24 19:00:34','2022-05-24 19:00:34',139,NULL,1),(253,142,161,'2022-05-24 19:05:23','2022-05-24 19:05:23',140,NULL,1),(254,132,162,'2022-05-24 19:13:01','2022-05-24 19:13:01',141,NULL,1),(255,132,163,'2022-05-24 19:23:33','2022-05-24 19:23:33',142,NULL,1),(256,143,164,'2022-05-26 19:49:57','2022-05-26 19:49:57',143,NULL,1),(257,144,165,'2022-05-26 19:51:50','2022-05-26 19:51:50',144,NULL,1),(258,145,166,'2022-05-26 19:52:13','2022-05-26 19:52:13',145,NULL,1),(259,146,167,'2022-05-26 19:55:22','2022-05-26 19:55:22',146,NULL,1),(260,147,168,'2022-05-26 23:14:19','2022-05-26 23:14:19',147,NULL,1),(261,148,169,'2022-05-26 23:24:43','2022-05-26 23:24:43',148,NULL,1),(262,149,170,'2022-05-26 23:39:59','2022-05-26 23:39:59',149,NULL,1),(263,150,171,'2022-05-26 23:50:29','2022-05-26 23:50:29',150,NULL,1),(264,120,172,'2022-05-26 23:53:44','2022-05-26 23:53:44',151,NULL,1),(265,120,173,'2022-05-26 23:54:38','2022-05-26 23:54:38',151,NULL,1),(266,120,174,'2022-05-27 00:10:53','2022-05-27 00:10:53',152,NULL,1),(267,151,175,'2022-05-27 16:20:06','2022-05-27 16:20:06',153,NULL,1),(268,152,176,'2022-05-27 16:53:50','2022-05-27 16:53:50',154,NULL,1),(269,69,51,'2020-08-05 16:42:05','2020-08-05 16:42:05',61,NULL,1),(270,153,177,'2022-08-09 13:13:08','2022-08-09 13:13:08',155,NULL,1),(271,154,178,'2022-11-04 20:50:48','2022-11-04 20:50:48',156,NULL,1),(272,155,179,'2022-11-07 19:47:16','2022-11-07 19:47:16',157,NULL,1),(273,156,180,'2022-11-07 19:48:17','2022-11-07 19:48:17',158,NULL,1),(274,157,181,'2022-11-07 19:48:37','2022-11-07 19:48:37',159,NULL,1),(275,158,183,'2022-11-09 18:11:49','2022-11-09 18:11:49',160,NULL,0),(276,158,182,'2022-11-09 18:11:49','2022-11-09 18:11:49',160,NULL,1),(277,154,182,'2022-11-09 18:11:49','2022-11-09 18:11:49',156,NULL,0),(278,159,185,'2022-11-09 18:16:09','2022-11-09 18:16:09',161,NULL,0),(279,159,184,'2022-11-09 18:16:09','2022-11-09 18:16:09',161,NULL,1),(280,154,184,'2022-11-09 18:16:09','2022-11-09 18:16:09',156,NULL,0),(281,154,186,'2022-11-18 17:29:09','2022-11-18 17:29:09',156,NULL,0);
/*!40000 ALTER TABLE `t004_empresa_usuario` ENABLE KEYS */;
UNLOCK TABLES;

--
-- Table structure for table `t005_empresa`
--

DROP TABLE IF EXISTS `t005_empresa`;
/*!40101 SET @saved_cs_client     = @@character_set_client */;
/*!40101 SET character_set_client = utf8 */;
CREATE TABLE `t005_empresa` (
  `a005_id_empresa` int(11) NOT NULL AUTO_INCREMENT,
  `a005_tipo_cliente` char(1) NOT NULL COMMENT 'F = Físico\r\nJ = Juridico',
  `a005_logo` varchar(300) DEFAULT NULL,
  `a005_tipo_empresa` char(1) NOT NULL DEFAULT 'M' COMMENT 'M = Matriz\r\nF = Filial',
  `a005_id_empresa_matriz` int(11) DEFAULT NULL,
  `a005_ind_estrangeiro` tinyint(1) DEFAULT NULL,
  `a005_cod_identificacao` varchar(20) DEFAULT NULL COMMENT 'codigo de indentificacao caso estrangeiro',
  `a005_ind_empresa` tinyint(1) NOT NULL DEFAULT 1 COMMENT 'empresa do sistema que pode relacioanr empresa e fornecedores',
  `a005_ind_cliente` tinyint(1) DEFAULT NULL,
  `a005_ind_fornecedor` tinyint(1) DEFAULT NULL,
  `a005_cpf` varchar(20) DEFAULT NULL,
  `a005_nome_completo` varchar(50) DEFAULT NULL,
  `a005_cnpj` varchar(20) DEFAULT NULL,
  `a005_razao_social` varchar(100) DEFAULT NULL,
  `a005_nome_fantasia` varchar(100) DEFAULT NULL,
  `a005_ie` varchar(20) DEFAULT NULL COMMENT 'inscricao estadual',
  `a005_im` varchar(20) DEFAULT NULL COMMENT 'inscricao municipal',
  `a005_fone` varchar(20) DEFAULT NULL,
  `a005_email` varchar(50) DEFAULT NULL,
  `a005_cep` int(11) DEFAULT NULL,
  `a047_id_cidade` int(11) DEFAULT NULL,
  `a005_endereco` varchar(300) DEFAULT NULL,
  `a005_bairro` varchar(200) DEFAULT NULL,
  `a005_numero_end` varchar(30) DEFAULT NULL,
  `a005_complemento_end` varchar(50) DEFAULT NULL,
  `a005_status` tinyint(1) NOT NULL DEFAULT 1,
  `created_at` datetime NOT NULL DEFAULT current_timestamp(),
  `updated_at` datetime DEFAULT current_timestamp() ON UPDATE current_timestamp(),
  `created_at_user` int(11) NOT NULL,
  `updated_at_user` int(11) DEFAULT NULL,
  `a005_nome_cidade` varchar(200) DEFAULT '',
  `a005_nome_estado` varchar(200) DEFAULT '',
  PRIMARY KEY (`a005_id_empresa`) USING BTREE,
  KEY `a005_id_empresa_matriz` (`a005_id_empresa_matriz`) USING BTREE,
  KEY `t005_empresa_fk2` (`a047_id_cidade`) USING BTREE,
  CONSTRAINT `t005_empresa_fk1` FOREIGN KEY (`a005_id_empresa_matriz`) REFERENCES `t005_empresa` (`a005_id_empresa`),
  CONSTRAINT `t005_empresa_fk2` FOREIGN KEY (`a047_id_cidade`) REFERENCES `t047_cidade` (`a047_id_cidade`)
) ENGINE=InnoDB AUTO_INCREMENT=187 DEFAULT CHARSET=utf8 ROW_FORMAT=DYNAMIC;
/*!40101 SET character_set_client = @saved_cs_client */;

--
-- Dumping data for table `t005_empresa`
--

LOCK TABLES `t005_empresa` WRITE;
/*!40000 ALTER TABLE `t005_empresa` DISABLE KEYS */;
INSERT INTO `t005_empresa` VALUES (1,'F',NULL,'M',NULL,0,NULL,1,0,0,'0','SUPER ADM Dealix','',NULL,NULL,NULL,NULL,'4121187100','superadmin@dealix.com.br',83600000,3975,'Curitiba','Curitiba','1',NULL,1,'2020-02-12 16:22:40','2020-04-30 14:57:09',1,1,NULL,NULL),(49,'J',NULL,'M',NULL,0,NULL,1,1,1,NULL,NULL,'04295269000101','Brbyte Ltda','Dealix',NULL,NULL,'41987002332','lsissonjr@dealix.com.br',80240070,1,'Avenida Água Verde','Vila Izabel','1800',NULL,1,'2020-08-03 09:01:06','2021-02-28 21:44:09',0,0,'',''),(50,'J',NULL,'M',NULL,0,NULL,1,1,1,'',NULL,'21128943000174','Solver Tecnologia ltda','Solver',NULL,NULL,'4130146511','admin@solvertecnologia.com.br',80020080,1,'Praça Zacarias','Centro','58888','cj 1202',1,'2020-08-03 09:38:44','2021-05-18 23:10:57',51,51,NULL,NULL),(51,'J',NULL,'M',NULL,0,NULL,1,1,0,'',NULL,'27216869000124','Slaviero Emprendimentos','Slaviero Matriz',NULL,NULL,'4130171000','gerente.ti@slavierohoteis.com.br',80010070,1,'Rua Senador Alencar Guimarães','Centro','50',NULL,1,'2020-08-03 10:25:26','2021-02-28 16:41:52',52,52,NULL,NULL),(52,'J',NULL,'M',51,0,NULL,1,0,0,'',NULL,'27216869002097','Slaviero Empreendimentos Hoteleiros Ltda','Slim Curitiba Centro',NULL,NULL,'4130171000','teste1@dealix.com.br',80020020,1,'Avenida Luiz Xavier','Centro','89',NULL,0,'2020-08-03 13:46:16','2020-12-18 07:38:09',52,52,NULL,NULL),(53,'J',NULL,'M',NULL,0,NULL,1,1,0,'',NULL,'27216869000558','Slaviero Empreendimentos Hoteleiros Ltda','Slaviero EBatel','123456',NULL,'4130171040','teste4@dealix.com.br',80250220,1,'Avenida Visconde de Guarapuava','Centro','4069',NULL,1,'2020-08-05 09:37:24','2021-02-28 22:28:24',54,54,NULL,NULL),(54,'F',NULL,'M',NULL,0,NULL,1,0,0,'87720531949','Luiz Sisson Marques Jr','',NULL,NULL,NULL,NULL,'',NULL,0,NULL,NULL,NULL,NULL,NULL,1,'2020-08-05 09:47:58','2020-08-05 09:47:58',0,0,'',''),(55,'F',NULL,'M',NULL,0,NULL,1,0,0,'91412153034','Caroline Favero','',NULL,NULL,NULL,NULL,'',NULL,0,NULL,NULL,NULL,NULL,NULL,1,'2020-08-05 09:49:39','2020-08-05 09:49:39',0,0,'',''),(56,'J',NULL,'M',NULL,0,NULL,1,1,0,'',NULL,'27216869001600','Slaviero Empreendimentos Hoteleiros Ltda','Slaviero Slim XV',NULL,NULL,'4130171050','teste9@dealix.com.br',80060230,1,'Rua Conselheiro Araújo','Centro','435',NULL,1,'2020-08-05 10:29:51','2020-08-05 10:29:51',51,51,NULL,NULL),(57,'F',NULL,'M',NULL,0,NULL,1,0,0,'71350920070','Teste Esfera','',NULL,NULL,NULL,NULL,'',NULL,0,NULL,NULL,NULL,NULL,NULL,1,'2020-08-05 11:29:13','2020-08-05 11:29:13',0,0,'',''),(58,'F',NULL,'M',NULL,0,NULL,1,0,0,'01029447926','Denys','',NULL,NULL,NULL,NULL,'',NULL,0,NULL,NULL,NULL,NULL,NULL,1,'2020-08-05 11:36:14','2020-08-05 11:36:14',0,0,'',''),(59,'J',NULL,'M',NULL,0,NULL,1,0,0,'',NULL,'59083789000134','Denys Esfera','Denys Esfera','0219210','21009210','13131313131','denys@esfera.com',81010100,1,'Avenida Henry Ford','Lindóia','2','casa',1,'2020-08-05 11:39:02','2020-08-05 11:39:02',59,59,NULL,NULL),(60,'J',NULL,'F',59,0,NULL,1,0,0,'',NULL,'52446418000120','DENYS FILIAL','DENYS FILIAL','3198319380','2190831093890','31313131331','denys@filial.com.br',81010100,1,'Avenida Henry Ford','Lindóia','2','casa',1,'2020-08-05 11:40:21','2020-08-05 11:40:21',59,59,NULL,NULL),(61,'F',NULL,'M',NULL,0,NULL,1,1,0,'36452761064','Denys cliente fisico','',NULL,NULL,NULL,NULL,'13801301098','denysrsantos@gmail.com',81010100,1,'Avenida Henry Ford','Lindóia','2','casa',1,'2020-08-05 11:43:30','2020-08-05 11:43:30',59,59,NULL,NULL),(62,'J',NULL,'F',59,0,NULL,1,0,0,'',NULL,'85543863000168','Rafael e Diogo Buffet ME','Rafael e Diogo Buffet ME','2','2','22222222222','estoque@dealixteste.com.br',81010100,1,'Avenida Henry Ford','Lindóia','31','ca',1,'2020-08-05 11:51:39','2020-08-05 11:51:39',59,59,NULL,NULL),(63,'F',NULL,'M',NULL,0,NULL,1,0,0,'08512872985','Lucas Simm','',NULL,NULL,NULL,NULL,'',NULL,0,NULL,NULL,NULL,NULL,NULL,1,'2020-08-05 13:38:44','2020-08-05 13:38:44',0,0,'',''),(64,'J',NULL,'M',NULL,0,NULL,1,1,0,'',NULL,'81029342000136','Teste Lucas','Teste Lucas',NULL,NULL,'23213211321','lucas@esfera.com.br',80045130,1,'Rua Dias da Rocha Filho','Alto da Rua XV','670',NULL,1,'2020-08-05 13:42:05','2020-08-05 13:42:05',61,61,NULL,NULL),(65,'J',NULL,'F',51,0,NULL,1,1,0,'',NULL,'27216869001520','Slaviero Empreendimentos Hoteleiros Ltda','Slaviero Aspen',NULL,NULL,'4130171000','teste11@slavierohoteis.com.br',80420120,1,'Rua Doutor Pedrosa','Centro','208',NULL,1,'2020-08-05 13:51:02','2020-08-06 11:03:37',52,52,NULL,NULL),(66,'J',NULL,'F',51,0,NULL,1,0,0,'',NULL,'27216869000639','Slaviero Empreendimentos Hoteleiros Ltda','Slaviero Baía Norte',NULL,NULL,'4830171000','teste12@dealix.com.br',88015600,4401,'Rua Almirante Lamego','Centro','220',NULL,1,'2020-08-05 13:53:54','2020-08-05 13:53:54',52,52,NULL,NULL),(67,'F',NULL,'M',NULL,0,NULL,1,1,0,'08512872985','Lucas Weebo','',NULL,NULL,NULL,NULL,'41987002332','teste20@dealix.com.br',80240070,1,'Avenida Água Verde','Vila Izabel','1800','teste',1,'2020-08-05 14:05:08','2020-08-05 14:05:08',52,52,NULL,NULL),(68,'F',NULL,'M',NULL,0,NULL,1,1,0,'01029447926','Denys Rodrigues','',NULL,NULL,NULL,NULL,'41418982189','denys.rsa.ntos@gmail.com',81010100,1,'Avenida Henry Ford','Lindóia','2','casa',1,'2020-08-05 14:06:27','2020-08-05 14:06:27',59,59,NULL,NULL),(69,'F',NULL,'M',NULL,0,NULL,1,0,0,'75952337040','Denys Cliente Denys','',NULL,NULL,NULL,NULL,'82989198118','denysldada@esfera.com',81010000,1,'Avenida Presidente Wenceslau Braz','Lindóia','2','casa 2',1,'2020-08-05 14:31:54','2020-08-05 14:31:54',59,59,NULL,NULL),(70,'F',NULL,'M',NULL,0,NULL,1,0,0,'89495040060','Denys Cliente teste 2','',NULL,NULL,NULL,NULL,'',NULL,0,NULL,NULL,NULL,NULL,NULL,1,'2020-08-05 14:33:06','2020-08-05 14:33:06',0,0,'',''),(71,'F',NULL,'M',NULL,0,NULL,1,0,0,'89495040060','Denys cliente 3','89495040060',NULL,NULL,NULL,NULL,'',NULL,0,NULL,NULL,NULL,NULL,NULL,1,'2020-08-05 14:34:39','2020-08-05 14:35:48',0,0,'',''),(72,'J',NULL,'M',NULL,0,NULL,1,1,0,'',NULL,'27216869001791','Slaviero Empreendimentos Hoteleiros Ltda','Slaviero Full Jazz',NULL,NULL,'4133127000','teste12@dealix.com.br',80240120,1,'Rua Silveira Peixoto','Água Verde','1297',NULL,1,'2020-08-06 11:05:49','2020-08-06 11:05:49',51,51,NULL,NULL),(73,'J',NULL,'F',59,0,NULL,1,0,0,'',NULL,'48708020000148','Teste de empresa','teste de empresa',NULL,NULL,'41999999999','testedeempresa@teste.com.br',81010100,1,'Avenida Henry Ford','Lindóia','2','casa',1,'2020-08-06 11:44:22','2020-08-06 11:44:22',59,59,NULL,NULL),(74,'F',NULL,'M',NULL,0,NULL,1,0,0,'06309794051','Denys Empresa TEste','',NULL,NULL,NULL,NULL,'',NULL,0,NULL,NULL,NULL,NULL,NULL,1,'2020-08-06 11:46:44','2020-08-06 11:46:44',0,0,'',''),(75,'F',NULL,'M',NULL,0,NULL,1,1,0,'17990455013','José de Anchieta','',NULL,NULL,NULL,NULL,'41987002232','teste13@dealix.com.br',80240070,1,'Avenida Água Verde','Vila Izabel','800',NULL,1,'2020-08-06 15:08:50','2020-08-06 15:08:50',50,50,NULL,NULL),(76,'F',NULL,'M',NULL,0,NULL,1,1,0,'43386620000','Milton Nascimento','',NULL,NULL,NULL,NULL,'41987002332','teste10@dealix.com.br',80240070,1,'Avenida Água Verde','Vila Izabel','900','teste',1,'2020-08-06 16:07:43','2020-08-06 16:07:43',50,50,NULL,NULL),(77,'J',NULL,'M',NULL,0,NULL,1,0,0,'',NULL,'06651799000162','Monster Machines Ltd','Monster Machines',NULL,NULL,'41987002332','teste11@dealix.com.br',80240070,1,'Avenida Água Verde','Vila Izabel','1800','teste',1,'2020-08-06 16:45:44','2020-08-06 16:45:44',50,50,NULL,NULL),(78,'F',NULL,'M',NULL,0,NULL,1,1,0,'02521963925','fabricio','',NULL,NULL,NULL,NULL,'65465465465','fabricio@esfera.com.br',83608000,3974,'Rodovia BR-277 Curitiba Ponta Grossa','Rondinha','1',NULL,1,'2020-08-10 09:42:49','2020-08-10 09:42:49',59,59,NULL,NULL),(79,'F',NULL,'M',NULL,0,NULL,1,1,0,'81145691072','dadad','',NULL,NULL,NULL,NULL,'31313131313','s@sasa.com.br',81010100,1,'Avenida Henry Ford','Lindóia','1','casa',1,'2020-08-10 14:31:13','2020-08-10 14:31:13',59,59,NULL,NULL),(80,'F',NULL,'M',NULL,0,NULL,1,1,0,'32535723077','Hermanoteu Silvicola','',NULL,NULL,NULL,NULL,'41987002332','teste7@dealix.com.br',80240070,1,'Avenida Água Verde','Vila Izabel','1800','casa21',1,'2020-08-10 17:10:48','2020-08-10 17:10:48',52,52,NULL,NULL),(81,'J',NULL,'M',NULL,0,NULL,1,0,0,'',NULL,'25557103000188','Empresa Teste','Teste Dealix',NULL,NULL,'41987002332','teste8@dealix.com.br',80240070,1,'Avenida Água Verde','Vila Izabel','1800','açslkdfj',1,'2020-08-10 18:01:36','2020-08-10 18:01:36',73,73,NULL,NULL),(82,'J',NULL,'F',51,0,NULL,1,0,0,'',NULL,'27216869001953','Slaviero Empreendimentos Hoteleiros Ltda','Slaviero Rockefeller',NULL,NULL,'4130233230','teste15@dealix.com.br',80230000,1,'Avenida Silva Jardim','Rebouças','11',NULL,1,'2020-08-10 18:16:33','2020-08-10 18:16:33',52,52,NULL,NULL),(83,'J',NULL,'M',NULL,0,NULL,1,1,0,'',NULL,'71526148000102','Teste de sistema','Teste de Sistema Ltda',NULL,NULL,'41987002332','teste1@dealix.com.br',80240070,1,'Avenida Água Verde','Vila Izabel','1800','casa',1,'2020-08-19 21:37:13','2020-08-19 21:37:13',51,51,NULL,NULL),(84,'F',NULL,'M',NULL,0,NULL,1,0,0,'06968522926','Kallef Alexandre','',NULL,NULL,NULL,NULL,'',NULL,0,NULL,NULL,NULL,NULL,NULL,1,'2020-08-21 12:37:29','2020-08-21 12:37:29',0,0,'',''),(85,'F',NULL,'M',NULL,0,NULL,1,1,0,'57430456073','Teste1','',NULL,NULL,NULL,NULL,'23213123121','lucassimm91@gmail.com',82130160,1,'Rua Lídia Klinger','Abranches','692','asdsad',1,'2020-08-25 11:17:23','2020-08-25 11:17:23',61,61,NULL,NULL),(86,'J',NULL,'M',NULL,0,NULL,1,0,1,'',NULL,'20147894000154','teste2 ltda','Teste2',NULL,NULL,'41987002332','teste2@dealix.com.br',80240070,1,'Avenida Água Verde','Vila Izabel','1800','cadas',1,'2020-08-25 11:30:40','2020-08-25 11:30:40',75,75,NULL,NULL),(87,'F',NULL,'M',NULL,0,NULL,1,0,0,'18239539050','Teste Seis do Luiz','',NULL,NULL,NULL,NULL,'',NULL,0,NULL,NULL,NULL,NULL,NULL,1,'2020-09-04 10:08:43','2020-09-04 10:08:43',0,0,'',''),(88,'J',NULL,'M',NULL,0,NULL,1,0,1,'',NULL,'29999564000161','ASKSUITE TECNOLOGIA LTDA','Ask Suite',NULL,NULL,'41987002332','asksuite@dealix.com.br',80240070,1,'Avenida Água Verde','Vila Izabel','800','acasd',1,'2020-09-04 11:34:20','2020-09-04 11:34:20',52,52,NULL,NULL),(89,'F',NULL,'M',NULL,0,NULL,1,0,0,'07537901066','Jose da Silva Xavier','',NULL,NULL,NULL,NULL,'',NULL,0,NULL,NULL,NULL,NULL,NULL,1,'2020-09-14 09:01:06','2020-09-14 09:01:06',0,0,'',''),(90,'J',NULL,'M',NULL,0,NULL,1,1,0,'',NULL,'25242319000154','teste 32 ltda','Teste 32',NULL,NULL,'42980002323','teste32@dealix.com.br',80240070,1,'Avenida Água Verde','Vila Izabel','12312','123123',1,'2020-09-14 11:07:47','2020-09-14 11:07:47',50,50,NULL,NULL),(91,'J',NULL,'M',NULL,0,NULL,1,1,0,'',NULL,'61456344000102','Teste 33 Ltda','teste 33',NULL,NULL,'41987002332','teste33@dealix.com.br',80240070,1,'Avenida Água Verde','Vila Izabel','1800',NULL,1,'2020-09-14 11:13:53','2020-09-14 11:13:53',50,50,NULL,NULL),(92,'J',NULL,'M',NULL,0,NULL,1,0,0,'',NULL,'34357233000168','Hotel Essential Aeroporto Afonso Pena Ltda','Slaviero Essential Curitiba Aeroporto',NULL,NULL,'4130171000','slvseca@dealix.com.br',80240070,1,'Avenida Água Verde','Vila Izabel','1800','asdf',1,'2020-11-30 15:16:04','2020-11-30 15:16:04',52,52,NULL,NULL),(93,'J',NULL,'M',NULL,0,NULL,1,0,1,'',NULL,'09537164000127','Karpouzase Souza Com. e Repres. Ltda','Repres Kaspersky',NULL,NULL,'41980000000','kaspersky@dealix.com.br',80000000,1658,'asdfasdf','asdf','asdf','asdf',1,'2020-11-30 15:20:48','2020-11-30 15:20:48',52,52,NULL,NULL),(94,'J',NULL,'M',NULL,0,NULL,1,0,0,'',NULL,'27216869001791','SLAVIERO EMPREENDIMENTOS HOTELEIROS LTDA','Slaviero Full Jazz',NULL,NULL,'4133127000','fulljazz@dealix.com.br',80240120,1,'Rua Silveira Peixoto','Água Verde','1297',NULL,1,'2020-12-18 07:52:42','2020-12-18 07:52:42',52,52,NULL,NULL),(95,'J',NULL,'M',NULL,0,NULL,1,0,1,'',NULL,'11960585000108','Horizons Telecomunicações e Tecnologia S.A','Horizons Telecom','9052217528','05881603','4130171000','horizons@dealix.com.br',80240070,1,'Avenida Água Verde','Vila Izabel','1800','teste',1,'2020-12-18 08:04:19','2020-12-18 08:04:19',52,52,NULL,NULL),(96,'F',NULL,'M',NULL,0,NULL,1,1,1,'45148326859','asd asdasdasd','',NULL,NULL,NULL,NULL,'12312323121','asdasdas@asdasdas.com',83050000,4264,'Rua Tavares de Lyra','Parque da Fonte','1123','asdasdasd',1,'2020-12-21 10:50:41','2020-12-21 10:50:41',76,76,NULL,NULL),(97,'F',NULL,'M',NULL,0,NULL,1,0,0,'80003626350','asd asdasd','',NULL,NULL,NULL,NULL,'12312312312','asdasdS@asdasd.com.br',83050000,4264,'Rua Tavares de Lyra','Parque da Fonte','111111',NULL,1,'2020-12-21 11:31:31','2020-12-21 11:31:31',76,76,NULL,NULL),(98,'J',NULL,'M',NULL,0,NULL,1,0,1,'',NULL,'60062296000105','Webbusiness Serviços de Informática Ltda','PMWEB',NULL,NULL,'1145040000','pmweb@dealix.com.br',1046010,3833,'Avenida Ipiranga','República','104','19andar',1,'2021-01-09 11:19:05','2021-01-09 11:19:05',52,52,NULL,NULL),(99,'J',NULL,'M',NULL,0,NULL,1,0,1,'',NULL,'04622116000113','Algar Multimidia S/A','Algar Telecom',NULL,NULL,'4130171000','algar@dealix.com.br',80250080,1,'Rua Pasteur','Batel','463',NULL,1,'2021-01-26 08:22:04','2021-01-26 08:22:04',52,52,NULL,NULL),(100,'J',NULL,'M',NULL,0,NULL,1,0,0,'',NULL,'09314882000134','JDB HOTEL E RESTAURANTE LTDA','Slim Joinville',NULL,NULL,'4734331500','slimjville@dealix.com.br',89201200,4450,'Rua Sete de Setembro','Centro','40',NULL,1,'2021-01-29 15:08:12','2021-01-29 15:08:12',52,52,NULL,NULL),(101,'J',NULL,'M',NULL,0,NULL,1,0,1,'',NULL,'31760534000140','Mundivox Cloud Ltda','Mundivox',NULL,NULL,'1135135900','mundivox@dealix.com.br',20010020,3246,'Rua São José','Centro','90',NULL,1,'2021-01-29 15:37:52','2021-01-29 15:37:52',52,52,NULL,NULL),(102,'J',NULL,'M',NULL,0,NULL,1,0,0,NULL,NULL,'29042197000103','First Pixel Suporte e Desenvolvimento de Sistemas','First Pixel',NULL,NULL,'',NULL,80240070,1,'Av. Agua Verde','Vila Izabel','1800','ap 401',1,'2021-02-15 22:27:09','2021-02-15 22:27:09',0,0,'',''),(103,'F',NULL,'M',NULL,0,NULL,1,0,0,'81376385040','Jose da Silva3','','','',NULL,NULL,'',NULL,0,1,'','','','',1,'2021-02-16 21:46:33','2021-02-16 21:46:33',0,0,'',''),(104,'J',NULL,'M',NULL,0,NULL,1,0,1,'',NULL,'83472803000176','Digitro Tecnologia S.A','Digitro','250545853',NULL,'4832817000','digitro@dealix.com.br',88085040,4401,'Rua Professora Sofia Quint de Souza','Capoeiras','167',NULL,1,'2021-02-23 20:55:22','2021-02-23 20:55:22',52,52,NULL,NULL),(105,'J',NULL,'M',NULL,0,NULL,1,0,1,'',NULL,'29544349000176','Alecsander Alves Freelance Designer','Alecs Alves Design','35826911047',NULL,'11943973825','alecsalvs@gmail.com',7404040,3315,'Rua Serra do Itapeti','Mirante do Arujá','298',NULL,1,'2021-02-24 11:24:59','2021-02-28 19:30:02',93,93,NULL,NULL),(106,'F',NULL,'M',NULL,0,NULL,1,1,0,'98765432100','teste','',NULL,NULL,NULL,NULL,'41999999999','email@email.com',1001001,3833,'Praça da Sé','Sé','123',NULL,1,'2021-02-25 17:29:27','2021-02-25 17:29:27',76,76,NULL,NULL),(107,'J',NULL,'M',NULL,0,NULL,1,0,0,NULL,NULL,'56476852000104','Empresa teste1 Ltda','Teste1',NULL,NULL,'',NULL,80240070,1,'Av. Agua Verde','vila Izabel','1800','ap 401',1,'2021-02-28 12:33:11','2021-02-28 12:33:11',0,0,'',''),(108,'J','/uploads/empresa/h7g6tDbDAtaq.png','M',NULL,0,NULL,1,0,0,'',NULL,'66018484000104','Harmann do Brasil - LTDA','Harmann','123123123123','123123123123','51999999999','micaelquiliao20@gmail.com',96503272,4669,'Barão de Viamão','Noemia','1234','casa branca',1,'2021-05-05 11:03:25','2021-05-05 11:03:25',76,76,NULL,NULL),(109,'J','/uploads/empresa/D6j8bW6oZ4iu.png','M',NULL,0,NULL,1,1,0,'',NULL,'34698758000167','Jbl do Brasil LTDA','Jbl','132123123','123123123123','51999999998','micaelquiliao@gmail.com',96503272,4669,'Rua Barão de Viamão','Noemia','4567','casa verde',1,'2021-05-05 11:05:53','2021-05-05 11:05:53',76,76,NULL,NULL),(110,'J',NULL,'M',NULL,0,NULL,1,0,1,'',NULL,'48173587000167','Convite','Convite',NULL,NULL,'41999999999','daroye8205@brayy.com',1001001,3833,'Praça da Sé','Sé','1',NULL,1,'2021-05-21 19:35:55','2021-05-21 19:35:55',51,51,NULL,NULL),(111,'J',NULL,'M',NULL,0,NULL,1,1,0,NULL,NULL,'04295269000101','Brbyte Ltda','Dealix',NULL,NULL,'41987002332','lsissonjr@dealix.com.br',80240070,1,'Avenida Água Verde','Vila Izabel','1800',NULL,1,'2021-05-21 19:35:55','2021-05-21 19:35:55',0,0,'',''),(112,'J',NULL,'M',NULL,0,NULL,1,0,0,NULL,NULL,'95455658000102','Social','Fantasia',NULL,NULL,'',NULL,1001001,1,'Cep','Bairro','2','',1,'2021-05-27 04:35:12','2021-05-27 04:35:12',0,0,'',''),(113,'F',NULL,'M',NULL,0,NULL,1,0,0,'79976972334','Jared Douglas','','','',NULL,NULL,'',NULL,0,1,'','','','',1,'2021-05-28 15:03:59','2021-05-28 15:03:59',0,0,'',''),(114,'F',NULL,'M',NULL,0,NULL,1,0,0,'49831824032','Juliet Johnson','','','',NULL,NULL,'',NULL,0,1,'','','','',1,'2021-05-28 15:15:25','2021-05-28 15:15:25',0,0,'',''),(115,'J',NULL,'M',NULL,0,NULL,1,0,0,NULL,NULL,'06417185000110','Teste101 Ltda','Teste 101',NULL,NULL,'',NULL,80240070,1,'Av. do Jaguaras','Vila Maria','1000','',1,'2021-05-29 07:58:11','2021-05-29 07:58:11',0,0,'',''),(116,'F',NULL,'M',NULL,0,NULL,1,0,0,'89937057043','Teste 102','','','',NULL,NULL,'',NULL,0,1,'','','','',1,'2021-05-29 08:15:30','2021-05-29 08:15:30',0,0,'',''),(117,'F',NULL,'M',NULL,0,NULL,1,0,0,'12544687819','Curran Park','','','',NULL,NULL,'',NULL,0,1,'','','','',1,'2021-05-29 18:46:02','2021-05-29 18:46:02',0,0,'',''),(118,'J',NULL,'M',NULL,0,NULL,1,0,0,NULL,NULL,'13074034000172','Social teste','Fantasia teste',NULL,NULL,'',NULL,1001001,1,'Praça da Sé','Sé','21','',1,'2021-06-01 12:25:16','2021-06-01 12:25:16',0,0,'',''),(119,'J',NULL,'M',NULL,0,NULL,1,0,0,NULL,NULL,'82030347000141','Social teste 2','Fantasia teste 2',NULL,NULL,'',NULL,1001001,1,'Praça da Sé','Sé','12','',1,'2021-06-01 12:53:25','2021-06-01 12:53:25',0,0,'',''),(120,'F',NULL,'M',NULL,0,NULL,1,0,0,'34787348000','Ivanildo Pereira','','','',NULL,NULL,'',NULL,0,1,'','','','',1,'2021-06-08 10:55:50','2021-06-08 10:55:50',0,0,'',''),(121,'F',NULL,'M',NULL,0,NULL,1,0,0,'28242682046','Ivanildo Pereira','','','',NULL,NULL,'',NULL,0,1,'','','','',1,'2021-06-08 11:15:56','2021-06-08 11:15:56',0,0,'',''),(122,'F',NULL,'M',NULL,0,NULL,1,0,0,'59692030091','Ivanildo Pereita','','','',NULL,NULL,'',NULL,0,1,'','','','',1,'2021-06-08 13:56:53','2021-06-08 13:56:53',0,0,'',''),(123,'F',NULL,'M',NULL,0,NULL,1,0,0,'53400565628','Austin Reid','','','',NULL,NULL,'',NULL,0,1,'','','','',1,'2021-06-09 10:20:41','2021-06-09 10:20:41',0,0,'',''),(124,'F',NULL,'M',NULL,0,NULL,1,0,0,'30468355073','Jose da Silva Xavier','','','',NULL,NULL,'',NULL,0,1,'','','','',1,'2021-06-10 11:12:27','2021-06-10 11:12:27',0,0,'',''),(125,'F',NULL,'M',NULL,0,NULL,1,0,1,'29367090080','Mario nogueira','',NULL,NULL,NULL,NULL,'11943973825','mario@gmail.com',7404040,3315,'Rua Serra do Itapeti','Mirante do Arujá','298',NULL,1,'2021-06-28 15:42:19','2021-06-28 15:42:19',93,93,NULL,NULL),(126,'J',NULL,'M',NULL,0,NULL,1,1,0,NULL,NULL,'04295269000101','Brbyte Ltda','Dealix',NULL,NULL,'41987002332','lsissonjr@dealix.com.br',80240070,1,'Avenida Água Verde','Vila Izabel','1800',NULL,1,'2021-06-28 15:42:19','2021-06-28 15:42:19',0,0,'',''),(127,'J',NULL,'M',NULL,0,NULL,1,0,1,'',NULL,'29383276000188','Orbital Tecnologia e Desenvolvimento LTDA','Orbital',NULL,NULL,'41988149449','contato@orbital.codes',83050000,4264,'Rua Tavares de Lyra','Parque da Fonte','1207',NULL,1,'2021-12-20 17:29:47','2021-12-20 17:29:47',50,50,NULL,NULL),(128,'J',NULL,'M',NULL,0,NULL,1,1,0,NULL,NULL,'04295269000101','Brbyte Ltda','Dealix',NULL,NULL,'41987002332','lsissonjr@dealix.com.br',80240070,1,'Avenida Água Verde','Vila Izabel','1800',NULL,1,'2021-12-20 17:29:47','2021-12-20 17:29:47',0,0,'',''),(129,'J',NULL,'M',NULL,0,NULL,1,0,1,'',NULL,'09131273000140','Totvs Hospitality Ltda','Totvs',NULL,NULL,'41987002332','totvsteste@teste.com.br',20091007,3246,'Rua Visconde de Inhaúma','Centro','83','sala 1101',1,'2022-02-21 17:12:55','2022-02-21 17:12:55',52,52,NULL,NULL),(130,'J',NULL,'M',NULL,0,NULL,1,1,0,'',NULL,'21128943000174','Solver Tecnologia ltda','Solver',NULL,NULL,'4130146511','admin@solvertecnologia.com.br',80020080,1,'Praça Zacarias','Centro','58888','cj 1202',1,'2022-02-21 17:12:55','2022-02-21 17:12:55',51,51,NULL,NULL),(131,'F',NULL,'M',NULL,0,NULL,1,0,0,'03562459262','lucas','',NULL,NULL,NULL,NULL,'',NULL,0,1,NULL,NULL,NULL,NULL,1,'2022-03-07 15:19:42','2022-03-07 15:19:42',0,0,'',''),(132,'F',NULL,'M',NULL,0,NULL,1,0,0,'98765432100','teste','',NULL,NULL,NULL,NULL,'',NULL,0,1,NULL,NULL,NULL,NULL,1,'2022-03-08 08:39:24','2022-03-08 08:39:24',0,0,'',''),(133,'F',NULL,'M',NULL,0,NULL,1,0,0,'03562459262','Lucas Mateus Rodrigues de Melo','',NULL,NULL,NULL,NULL,'',NULL,0,1,NULL,NULL,NULL,NULL,1,'2022-03-09 14:55:17','2022-03-09 14:55:17',0,0,'',''),(134,'F',NULL,'M',NULL,0,NULL,1,0,0,'03562459262','Lucas Mateus Rodrigues de Melo','',NULL,NULL,NULL,NULL,'',NULL,0,1,NULL,NULL,NULL,NULL,1,'2022-03-09 14:55:44','2022-03-09 14:55:44',36,36,'',''),(135,'F',NULL,'M',NULL,0,NULL,1,0,0,'98765432100','teste','',NULL,NULL,NULL,NULL,'',NULL,0,1,NULL,NULL,NULL,NULL,1,'2022-03-09 14:58:35','2022-03-09 14:58:35',0,0,'',''),(136,'F',NULL,'M',NULL,0,NULL,1,0,0,'98765432100','teste','',NULL,NULL,NULL,NULL,'',NULL,0,1,NULL,NULL,NULL,NULL,1,'2022-03-09 15:01:25','2022-03-09 15:01:25',0,0,'',''),(137,'F',NULL,'M',NULL,0,NULL,1,0,0,'98765432100','teste','',NULL,NULL,NULL,NULL,'',NULL,0,1,NULL,NULL,NULL,NULL,1,'2022-03-09 15:16:30','2022-03-09 15:16:30',0,0,'',''),(138,'J',NULL,'M',NULL,0,NULL,1,0,0,NULL,NULL,'11033497000160','teste','teste',NULL,NULL,'41111111',NULL,0,1,NULL,NULL,NULL,NULL,1,'2022-03-09 15:32:30','2022-03-09 15:32:30',40,40,'',''),(139,'J',NULL,'M',NULL,0,NULL,1,0,0,NULL,NULL,'14183492000102','Orbitation','Orbitation',NULL,NULL,'69992660179',NULL,0,1,NULL,NULL,NULL,NULL,1,'2022-03-09 16:45:12','2022-03-09 16:45:12',0,0,'',''),(140,'F',NULL,'M',NULL,0,NULL,1,0,0,'03562459262','teste','',NULL,NULL,NULL,NULL,'',NULL,0,1,NULL,NULL,NULL,NULL,1,'2022-04-11 16:21:33','2022-04-11 16:21:33',0,0,'',''),(141,'F',NULL,'M',NULL,0,NULL,1,0,0,'03562459262','teste','',NULL,NULL,NULL,NULL,'',NULL,0,1,NULL,NULL,NULL,NULL,1,'2022-04-11 16:27:16','2022-04-11 16:27:16',0,0,'',''),(142,'F',NULL,'M',NULL,0,NULL,1,0,0,'03562459262','t','',NULL,NULL,NULL,NULL,'',NULL,0,1,NULL,NULL,NULL,NULL,1,'2022-04-11 16:34:57','2022-04-11 16:34:57',0,0,'',''),(143,'F',NULL,'M',NULL,0,NULL,1,0,0,'64986157027','Teste 1204','',NULL,NULL,NULL,NULL,'',NULL,0,1,NULL,NULL,NULL,NULL,1,'2022-04-12 14:25:21','2022-04-12 14:25:21',0,0,'',''),(144,'F',NULL,'M',NULL,0,NULL,1,0,0,'03562459262','teste','',NULL,NULL,NULL,NULL,'',NULL,0,1,NULL,NULL,NULL,NULL,1,'2022-04-18 16:10:45','2022-04-18 16:10:45',0,0,'',''),(145,'F',NULL,'M',NULL,0,NULL,1,0,0,'98765432100','willian','',NULL,NULL,NULL,NULL,'',NULL,0,1,NULL,NULL,NULL,NULL,1,'2022-05-03 23:46:40','2022-05-03 23:46:40',0,0,'',''),(146,'F',NULL,'M',NULL,0,NULL,1,0,0,'98765432100','willian','',NULL,NULL,NULL,NULL,'',NULL,0,1,NULL,NULL,NULL,NULL,1,'2022-05-03 23:48:03','2022-05-03 23:48:03',48,48,'',''),(147,'F',NULL,'M',NULL,0,NULL,1,0,0,'03562459262','teste','',NULL,NULL,NULL,NULL,'',NULL,0,1,NULL,NULL,NULL,NULL,1,'2022-05-04 15:52:45','2022-05-04 15:52:45',0,0,'',''),(148,'F',NULL,'M',NULL,0,NULL,1,0,0,'03562459262','teste1','',NULL,NULL,NULL,NULL,'',NULL,0,1,NULL,NULL,NULL,NULL,1,'2022-05-04 15:57:30','2022-05-04 15:57:30',0,0,'',''),(149,'F',NULL,'M',NULL,0,NULL,1,0,0,'03562459262','teste2','',NULL,NULL,NULL,NULL,'',NULL,0,1,NULL,NULL,NULL,NULL,1,'2022-05-04 16:16:26','2022-05-04 16:16:26',51,51,'',''),(150,'F',NULL,'M',NULL,0,NULL,1,0,0,'03562459262','teste3','',NULL,NULL,NULL,NULL,'',NULL,0,1,NULL,NULL,NULL,NULL,1,'2022-05-05 17:44:10','2022-05-05 17:44:10',0,0,'',''),(151,'F',NULL,'M',NULL,0,NULL,1,0,0,'03562459262','teste4','',NULL,NULL,NULL,NULL,'',NULL,0,1,NULL,NULL,NULL,NULL,1,'2022-05-05 17:53:24','2022-05-05 17:53:24',0,0,'',''),(152,'F',NULL,'M',NULL,0,NULL,1,0,0,'98765432100','willian','',NULL,NULL,NULL,NULL,'',NULL,0,1,NULL,NULL,NULL,NULL,1,'2022-05-05 22:19:55','2022-05-05 22:19:55',0,0,'',''),(153,'F',NULL,'M',NULL,0,NULL,1,0,0,'98765432100','willian','',NULL,NULL,NULL,NULL,'',NULL,0,1,NULL,NULL,NULL,NULL,1,'2022-05-05 22:24:31','2022-05-05 22:24:31',55,55,'',''),(154,'F',NULL,'M',NULL,0,NULL,1,0,0,'98765432100','willian','',NULL,NULL,NULL,NULL,'',NULL,0,1,NULL,NULL,NULL,NULL,1,'2022-05-05 22:46:21','2022-05-05 22:46:21',56,56,'',''),(155,'F',NULL,'M',NULL,0,NULL,1,0,0,'98765432100','willian','',NULL,NULL,NULL,NULL,'',NULL,0,1,NULL,NULL,NULL,NULL,1,'2022-05-06 00:28:24','2022-05-06 00:28:24',57,57,'',''),(156,'F',NULL,'M',NULL,0,NULL,1,0,0,'09310930910','teste sem cartao','',NULL,NULL,NULL,NULL,'',NULL,0,1,NULL,NULL,NULL,NULL,1,'2022-05-24 15:36:17','2022-05-24 15:36:17',0,0,'',''),(157,'F',NULL,'M',NULL,0,NULL,1,0,0,'09310930910','teste sem cartao123','',NULL,NULL,NULL,NULL,'',NULL,0,1,NULL,NULL,NULL,NULL,1,'2022-05-24 15:36:25','2022-05-24 15:36:25',0,0,'',''),(158,'F',NULL,'M',NULL,0,NULL,1,0,0,'09310930910','testesemcard','',NULL,NULL,NULL,NULL,'',NULL,0,1,NULL,NULL,NULL,NULL,1,'2022-05-24 15:36:35','2022-05-24 15:36:35',0,0,'',''),(159,'F',NULL,'M',NULL,0,NULL,1,0,0,'09310930910','teste sem cartao','',NULL,NULL,NULL,NULL,'',NULL,0,1,NULL,NULL,NULL,NULL,1,'2022-05-24 15:37:26','2022-05-24 15:37:26',0,0,'',''),(160,'F',NULL,'M',NULL,0,NULL,1,0,0,'98765432100','teste w','',NULL,NULL,NULL,NULL,'',NULL,0,1,NULL,NULL,NULL,NULL,1,'2022-05-24 16:00:34','2022-05-24 16:00:34',59,59,'',''),(161,'F',NULL,'M',NULL,0,NULL,1,0,0,'93817938173','teste','',NULL,NULL,NULL,NULL,'',NULL,0,1,NULL,NULL,NULL,NULL,1,'2022-05-24 16:05:23','2022-05-24 16:05:23',60,60,'',''),(162,'F',NULL,'M',NULL,0,NULL,1,0,0,'91872918729','teste','',NULL,NULL,NULL,NULL,'',NULL,0,1,NULL,NULL,NULL,NULL,1,'2022-05-24 16:13:01','2022-05-24 16:13:01',61,61,'',''),(163,'F',NULL,'M',NULL,0,NULL,1,0,0,'98798798787','teste sem cartao2','',NULL,NULL,NULL,NULL,'',NULL,0,1,NULL,NULL,NULL,NULL,1,'2022-05-24 16:23:33','2022-05-24 16:23:33',62,62,'',''),(164,'F',NULL,'M',NULL,0,NULL,1,0,0,'03562459262','teste','',NULL,NULL,NULL,NULL,'',NULL,0,1,NULL,NULL,NULL,NULL,1,'2022-05-26 16:49:57','2022-05-26 16:49:57',0,0,'',''),(165,'F',NULL,'M',NULL,0,NULL,1,0,0,'03562459262','teste','',NULL,NULL,NULL,NULL,'',NULL,0,1,NULL,NULL,NULL,NULL,1,'2022-05-26 16:51:50','2022-05-26 16:51:50',0,0,'',''),(166,'F',NULL,'M',NULL,0,NULL,1,0,0,'03562459262','teste','',NULL,NULL,NULL,NULL,'',NULL,0,1,NULL,NULL,NULL,NULL,1,'2022-05-26 16:52:13','2022-05-26 16:52:13',0,0,'',''),(167,'F',NULL,'M',NULL,0,NULL,1,0,0,'03562459262','teste','',NULL,NULL,NULL,NULL,'',NULL,0,1,NULL,NULL,NULL,NULL,1,'2022-05-26 16:55:22','2022-05-26 16:55:22',0,0,'',''),(168,'F',NULL,'M',NULL,0,NULL,1,0,0,'03562459262','teste','',NULL,NULL,NULL,NULL,'',NULL,0,1,NULL,NULL,NULL,NULL,1,'2022-05-26 20:14:18','2022-05-26 20:14:18',0,0,'',''),(169,'F',NULL,'M',NULL,0,NULL,1,0,0,'03562459262','test','',NULL,NULL,NULL,NULL,'',NULL,0,1,NULL,NULL,NULL,NULL,1,'2022-05-26 20:24:43','2022-05-26 20:24:43',0,0,'',''),(170,'F',NULL,'M',NULL,0,NULL,1,0,0,'49847987789','testao','',NULL,NULL,NULL,NULL,'',NULL,0,1,NULL,NULL,NULL,NULL,1,'2022-05-26 20:39:59','2022-05-26 20:39:59',0,0,'',''),(171,'F',NULL,'M',NULL,0,NULL,1,0,0,'03562459262','lucas','',NULL,NULL,NULL,NULL,'',NULL,0,1,NULL,NULL,NULL,NULL,1,'2022-05-26 20:50:29','2022-05-26 20:50:29',0,0,'',''),(172,'F',NULL,'M',NULL,0,NULL,1,0,0,'64654654564','lucas','',NULL,NULL,NULL,NULL,'',NULL,0,1,NULL,NULL,NULL,NULL,1,'2022-05-26 20:53:44','2022-05-26 20:53:44',0,0,'',''),(173,'F',NULL,'M',NULL,0,NULL,1,0,0,'64654654564','lucas','',NULL,NULL,NULL,NULL,'',NULL,0,1,NULL,NULL,NULL,NULL,1,'2022-05-26 20:54:38','2022-05-26 20:54:38',0,0,'',''),(174,'F',NULL,'M',NULL,0,NULL,1,0,0,'03562459262','lucas','',NULL,NULL,NULL,NULL,'',NULL,0,1,NULL,NULL,NULL,NULL,1,'2022-05-26 21:10:53','2022-05-26 21:10:53',71,71,'',''),(175,'J',NULL,'M',NULL,0,NULL,1,0,0,NULL,NULL,'65846898000169','Estabelecimentum','Estabelecimentum',NULL,NULL,'5541987002332',NULL,0,1,NULL,NULL,NULL,NULL,1,'2022-05-27 13:20:06','2022-05-27 13:20:06',0,0,'',''),(176,'J',NULL,'M',NULL,0,NULL,1,0,0,NULL,NULL,'41878466000171','Zaptoyou','Zaptoyou',NULL,NULL,'41987002332',NULL,0,1,NULL,NULL,NULL,NULL,1,'2022-05-27 13:53:50','2022-05-27 13:53:50',0,0,'',''),(177,'F',NULL,'M',NULL,0,NULL,1,0,0,'06968522926','Kallef','',NULL,NULL,NULL,NULL,'',NULL,0,1,NULL,NULL,NULL,NULL,1,'2022-08-09 10:13:08','2022-08-09 10:13:08',0,0,'',''),(178,'J',NULL,'M',NULL,0,NULL,1,0,0,NULL,NULL,'33333333333333','teste henrique','teste henrique',NULL,NULL,'41999999999',NULL,0,1,NULL,NULL,NULL,NULL,1,'2022-11-04 17:50:48','2022-11-04 17:50:48',0,0,'',''),(179,'J',NULL,'M',NULL,0,NULL,1,0,0,NULL,NULL,'2255577766','Henrique Empreendimentos','Henrique Empreendimentos',NULL,NULL,'41999999999',NULL,0,1,NULL,NULL,NULL,NULL,1,'2022-11-07 16:47:16','2022-11-07 16:47:16',77,77,'',''),(180,'J',NULL,'M',NULL,0,NULL,1,0,0,NULL,NULL,'2255577766','Henrique Empreendimentos','Henrique Empreendimentos',NULL,NULL,'41999999999',NULL,0,1,NULL,NULL,NULL,NULL,1,'2022-11-07 16:48:17','2022-11-07 16:48:17',77,77,'',''),(181,'J',NULL,'M',NULL,0,NULL,1,0,0,NULL,NULL,'2255577766','Henrique Empreendimentos','Henrique Empreendimentos',NULL,NULL,'41999999999',NULL,0,1,NULL,NULL,NULL,NULL,1,'2022-11-07 16:48:37','2022-11-07 16:48:37',77,77,'',''),(182,'F',NULL,'M',NULL,0,NULL,1,1,0,'13295409994','teste cliente henrique','',NULL,NULL,NULL,NULL,'41998738967','gabrielclazer.gc@gmail.com',83330250,4179,'Rua Antônio José Pereira','Jardim Amélia','501','casa esquina',1,'2022-11-09 15:11:49','2022-11-09 15:11:49',156,156,NULL,NULL),(183,'J',NULL,'M',NULL,0,NULL,1,0,1,NULL,NULL,'33333333333333','teste henrique','teste henrique',NULL,NULL,'41999999999',NULL,0,1,NULL,NULL,NULL,NULL,1,'2022-11-09 15:11:49','2022-11-09 15:11:49',0,0,'',''),(184,'F',NULL,'M',NULL,0,NULL,1,0,1,'03135175928','teste fornecedor henrique','',NULL,NULL,NULL,NULL,'41998738967','ademi_09@live.com',83330250,4179,'Rua Antônio José Pereira','Jardim Amélia','501','casa esquina',1,'2022-11-09 15:16:09','2022-11-09 15:16:09',156,156,NULL,NULL),(185,'J',NULL,'M',NULL,0,NULL,1,1,0,NULL,NULL,'33333333333333','teste henrique','teste henrique',NULL,NULL,'41999999999',NULL,0,1,NULL,NULL,NULL,NULL,1,'2022-11-09 15:16:09','2022-11-09 15:16:09',0,0,'',''),(186,'F',NULL,'M',NULL,0,NULL,1,0,0,'02138713946','Henrique Programador','',NULL,NULL,NULL,NULL,'41998738967','gabrielclazer.gc@gmail.com',83330250,4179,'Rua Antônio José Pereira','Jardim Amélia','501','Casa esquina',1,'2022-11-18 14:29:09','2022-11-18 14:29:09',156,156,NULL,NULL);
/*!40000 ALTER TABLE `t005_empresa` ENABLE KEYS */;
UNLOCK TABLES;

--
-- Table structure for table `t006_empresa_contato`
--

DROP TABLE IF EXISTS `t006_empresa_contato`;
/*!40101 SET @saved_cs_client     = @@character_set_client */;
/*!40101 SET character_set_client = utf8 */;
CREATE TABLE `t006_empresa_contato` (
  `a006_id_empresa_contato` int(11) NOT NULL AUTO_INCREMENT,
  `a005_id_empresa` int(11) NOT NULL,
  `a006_tipo_contato` char(1) NOT NULL,
  `a006_nome` varchar(50) NOT NULL,
  `a006_fone` varchar(20) DEFAULT NULL,
  `a006_email` varchar(50) DEFAULT NULL,
  `a006_status` tinyint(1) DEFAULT NULL,
  `created_at` timestamp NULL DEFAULT current_timestamp(),
  `updated_at` timestamp NULL DEFAULT current_timestamp() ON UPDATE current_timestamp(),
  `created_at_user` int(11) DEFAULT NULL,
  `updated_at_user` int(11) DEFAULT NULL,
  `a005_id_empresa_criou` int(11) DEFAULT NULL,
  PRIMARY KEY (`a006_id_empresa_contato`) USING BTREE,
  KEY `t006_empresa_contato_fk1` (`a005_id_empresa`) USING BTREE,
  KEY `t006_empresa_contato_fk2` (`a005_id_empresa_criou`) USING BTREE,
  CONSTRAINT `t006_empresa_contato_fk1` FOREIGN KEY (`a005_id_empresa`) REFERENCES `t005_empresa` (`a005_id_empresa`),
  CONSTRAINT `t006_empresa_contato_fk2` FOREIGN KEY (`a005_id_empresa_criou`) REFERENCES `t005_empresa` (`a005_id_empresa`)
) ENGINE=InnoDB AUTO_INCREMENT=25 DEFAULT CHARSET=utf8 ROW_FORMAT=DYNAMIC;
/*!40101 SET character_set_client = @saved_cs_client */;

--
-- Dumping data for table `t006_empresa_contato`
--

LOCK TABLES `t006_empresa_contato` WRITE;
/*!40000 ALTER TABLE `t006_empresa_contato` DISABLE KEYS */;
INSERT INTO `t006_empresa_contato` VALUES (7,96,'F','wawa','23123121312','asdsad@asdasdsa.com',1,'2020-12-21 13:50:42','2020-12-21 13:50:42',NULL,NULL,84),(8,99,'F','José','4130171000','algar@telecom.com.br',1,'2021-01-26 11:22:05','2021-01-26 11:22:05',NULL,NULL,51),(15,104,'F','neiva maria','30174230890','neiva@tutu.com.br',1,'2021-02-28 19:18:36','2021-02-28 19:18:36',NULL,NULL,51),(20,51,'F','Thiago Gonçalves','4130171025','financeiro@slavierohoteis.com.br',1,'2021-02-28 19:41:52','2021-02-28 19:41:52',NULL,NULL,51),(21,51,'R','Central de Reservas','0800704331','reservas@slavierohoteis.com.br',1,'2021-02-28 19:41:52','2021-02-28 19:41:52',NULL,NULL,51);
/*!40000 ALTER TABLE `t006_empresa_contato` ENABLE KEYS */;
UNLOCK TABLES;

--
-- Table structure for table `t007_empresa_socio`
--

DROP TABLE IF EXISTS `t007_empresa_socio`;
/*!40101 SET @saved_cs_client     = @@character_set_client */;
/*!40101 SET character_set_client = utf8 */;
CREATE TABLE `t007_empresa_socio` (
  `a007_id_socio` int(11) NOT NULL AUTO_INCREMENT,
  `a007_nome` varchar(50) NOT NULL,
  `a007_percent_participacao` int(3) NOT NULL,
  `created_at` timestamp NULL DEFAULT current_timestamp(),
  `updated_at` timestamp NULL DEFAULT current_timestamp() ON UPDATE current_timestamp(),
  `created_at_user` int(11) DEFAULT NULL,
  `updated_at_user` int(11) DEFAULT NULL,
  `a005_id_empresa` int(11) DEFAULT NULL,
  PRIMARY KEY (`a007_id_socio`) USING BTREE,
  KEY `t007_empresa_socio_fk1` (`a005_id_empresa`) USING BTREE,
  CONSTRAINT `t007_empresa_socio_fk1` FOREIGN KEY (`a005_id_empresa`) REFERENCES `t005_empresa` (`a005_id_empresa`)
) ENGINE=InnoDB DEFAULT CHARSET=utf8 ROW_FORMAT=DYNAMIC;
/*!40101 SET character_set_client = @saved_cs_client */;

--
-- Dumping data for table `t007_empresa_socio`
--

LOCK TABLES `t007_empresa_socio` WRITE;
/*!40000 ALTER TABLE `t007_empresa_socio` DISABLE KEYS */;
/*!40000 ALTER TABLE `t007_empresa_socio` ENABLE KEYS */;
UNLOCK TABLES;

--
-- Table structure for table `t008_categoria_contrato`
--

DROP TABLE IF EXISTS `t008_categoria_contrato`;
/*!40101 SET @saved_cs_client     = @@character_set_client */;
/*!40101 SET character_set_client = utf8 */;
CREATE TABLE `t008_categoria_contrato` (
  `a008_id_cat_contrato` int(11) NOT NULL AUTO_INCREMENT,
  `a005_id_empresa` int(11) NOT NULL,
  `a008_descricao` varchar(300) NOT NULL,
  `a008_termo_cancelamento` varchar(1000) DEFAULT NULL,
  `a008_status` tinyint(1) NOT NULL DEFAULT 1,
  `created_at` timestamp NOT NULL DEFAULT current_timestamp(),
  `updated_at` timestamp NULL DEFAULT current_timestamp() ON UPDATE current_timestamp(),
  `created_at_user` int(11) NOT NULL,
  `updated_at_user` int(11) DEFAULT NULL,
  PRIMARY KEY (`a008_id_cat_contrato`) USING BTREE,
  KEY `t008_categoria_contrato_fk1` (`a005_id_empresa`) USING BTREE,
  CONSTRAINT `t008_categoria_contrato_fk1` FOREIGN KEY (`a005_id_empresa`) REFERENCES `t005_empresa` (`a005_id_empresa`)
) ENGINE=InnoDB AUTO_INCREMENT=25 DEFAULT CHARSET=utf8 ROW_FORMAT=DYNAMIC;
/*!40101 SET character_set_client = @saved_cs_client */;

--
-- Dumping data for table `t008_categoria_contrato`
--

LOCK TABLES `t008_categoria_contrato` WRITE;
/*!40000 ALTER TABLE `t008_categoria_contrato` DISABLE KEYS */;
INSERT INTO `t008_categoria_contrato` VALUES (9,50,'categ 1','asddf',1,'2020-08-06 14:15:31','2020-08-06 14:15:31',51,51),(10,51,'Categ 1','teste1',1,'2020-08-10 19:59:02','2020-08-10 19:59:02',52,52),(11,92,'categ 1','asdf',1,'2020-11-30 18:48:07','2020-11-30 18:48:07',52,52),(12,94,'Categ G','em caso de cancelamento, faça isso, isso e cuide com isso.',1,'2020-12-21 13:10:27','2020-12-21 13:10:27',52,52),(13,84,'asd asdasdasd','asdasdasd',1,'2020-12-21 14:30:43','2020-12-21 14:30:43',76,76),(14,84,'kkkkk','sad sadasdasd',1,'2020-12-21 14:30:53','2020-12-21 14:30:53',76,76),(15,94,'Categ5',NULL,1,'2021-01-09 01:30:45','2021-01-09 01:30:45',52,52),(16,94,'Softwares',NULL,1,'2021-01-09 14:24:52','2021-01-09 14:24:52',52,52),(17,82,'Categ Rk','undefined',1,'2021-01-25 12:22:37','2021-01-25 12:22:37',52,52),(18,49,'categ1','asdf',1,'2021-02-24 14:25:43','2021-02-24 14:25:43',50,50),(19,105,'TEste','teste',1,'2021-02-25 12:54:43','2021-02-25 12:54:43',93,93),(20,97,'teste cat','undefined',1,'2021-02-25 20:29:50','2021-02-25 20:29:50',76,76),(21,108,'Áudio','undefined',1,'2021-05-05 14:06:13','2021-05-05 14:06:13',76,76),(22,49,'Sistemas','undefined',1,'2022-02-14 17:01:24','2022-02-14 17:01:24',50,50),(23,162,'categ1','undefined',1,'2022-05-24 19:25:50','2022-05-24 19:25:50',142,142),(24,178,'telecom','undefined',1,'2022-11-18 18:54:50','2022-11-18 18:54:50',156,156);
/*!40000 ALTER TABLE `t008_categoria_contrato` ENABLE KEYS */;
UNLOCK TABLES;

--
-- Table structure for table `t009_categoria_contrato_doc`
--

DROP TABLE IF EXISTS `t009_categoria_contrato_doc`;
/*!40101 SET @saved_cs_client     = @@character_set_client */;
/*!40101 SET character_set_client = utf8 */;
CREATE TABLE `t009_categoria_contrato_doc` (
  `a009_id_cat_contr_doc` int(11) NOT NULL AUTO_INCREMENT,
  `a008_id_cat_contrato` int(11) NOT NULL,
  `a009_descricao` varchar(500) NOT NULL,
  `a009_ind_obrigatorio` tinyint(1) NOT NULL DEFAULT 1,
  `a009_dias_alerta_vencimento` int(11) NOT NULL,
  `a009_status` tinyint(1) NOT NULL DEFAULT 1,
  `created_at` timestamp NOT NULL DEFAULT current_timestamp(),
  `updated_at` timestamp NULL DEFAULT current_timestamp() ON UPDATE current_timestamp(),
  `created_at_user` int(11) NOT NULL,
  `updated_at_user` int(11) DEFAULT NULL,
  PRIMARY KEY (`a009_id_cat_contr_doc`) USING BTREE,
  KEY `t009_categoria_contrato_doc_fk1` (`a008_id_cat_contrato`) USING BTREE,
  CONSTRAINT `t009_categoria_contrato_doc_fk1` FOREIGN KEY (`a008_id_cat_contrato`) REFERENCES `t008_categoria_contrato` (`a008_id_cat_contrato`)
) ENGINE=InnoDB AUTO_INCREMENT=3 DEFAULT CHARSET=utf8 ROW_FORMAT=DYNAMIC;
/*!40101 SET character_set_client = @saved_cs_client */;

--
-- Dumping data for table `t009_categoria_contrato_doc`
--

LOCK TABLES `t009_categoria_contrato_doc` WRITE;
/*!40000 ALTER TABLE `t009_categoria_contrato_doc` DISABLE KEYS */;
INSERT INTO `t009_categoria_contrato_doc` VALUES (2,19,'teste',1,334,1,'2021-02-25 12:54:43','2021-02-25 12:54:43',93,93);
/*!40000 ALTER TABLE `t009_categoria_contrato_doc` ENABLE KEYS */;
UNLOCK TABLES;

--
-- Table structure for table `t010_tipo_contrato`
--

DROP TABLE IF EXISTS `t010_tipo_contrato`;
/*!40101 SET @saved_cs_client     = @@character_set_client */;
/*!40101 SET character_set_client = utf8 */;
CREATE TABLE `t010_tipo_contrato` (
  `a010_id_tipo_contrato` int(11) NOT NULL AUTO_INCREMENT,
  `a005_id_empresa` int(11) NOT NULL,
  `a010_descricao` varchar(300) NOT NULL,
  `a010_status` tinyint(1) NOT NULL DEFAULT 1,
  `created_at` timestamp NOT NULL DEFAULT current_timestamp(),
  `updated_at` timestamp NULL DEFAULT current_timestamp() ON UPDATE current_timestamp(),
  `created_at_user` int(11) NOT NULL,
  `updated_at_user` int(11) DEFAULT NULL,
  PRIMARY KEY (`a010_id_tipo_contrato`) USING BTREE,
  KEY `t010_tipo_contrato_fk1` (`a005_id_empresa`) USING BTREE,
  CONSTRAINT `t010_tipo_contrato_fk1` FOREIGN KEY (`a005_id_empresa`) REFERENCES `t005_empresa` (`a005_id_empresa`)
) ENGINE=InnoDB AUTO_INCREMENT=25 DEFAULT CHARSET=utf8 ROW_FORMAT=DYNAMIC;
/*!40101 SET character_set_client = @saved_cs_client */;

--
-- Dumping data for table `t010_tipo_contrato`
--

LOCK TABLES `t010_tipo_contrato` WRITE;
/*!40000 ALTER TABLE `t010_tipo_contrato` DISABLE KEYS */;
INSERT INTO `t010_tipo_contrato` VALUES (11,49,'Prestação de Serviços',1,'2020-08-03 12:12:37','2020-08-03 12:12:37',50,50),(13,50,'Softwares',1,'2020-08-06 17:37:35','2020-08-06 17:37:35',51,51),(14,51,'Sistemas de TI',1,'2020-08-10 19:59:42','2020-08-10 19:59:42',52,52),(15,92,'TI',1,'2020-11-30 18:48:32','2020-11-30 18:48:32',52,52),(16,94,'Tipo Contrato X',1,'2020-12-21 13:10:56','2020-12-21 13:10:56',52,52),(17,84,'teste',1,'2020-12-23 15:15:28','2020-12-23 15:15:28',76,76),(18,94,'tipoC',1,'2021-01-09 01:30:59','2021-01-09 01:30:59',52,52),(19,94,'Compra',1,'2021-01-09 14:25:17','2021-01-09 14:25:17',52,52),(20,82,'Tipo RK',1,'2021-01-25 12:22:51','2021-01-25 12:22:51',52,52),(21,105,'tesde de contrato',1,'2021-02-25 12:43:25','2021-02-25 12:43:25',93,93),(22,108,'asdasdasdasdasd',1,'2021-05-05 14:06:34','2021-05-07 11:51:17',76,76),(23,162,'tipo1',1,'2022-05-24 19:26:03','2022-05-24 19:26:03',142,142),(24,178,'tipo contrato',1,'2022-11-18 18:57:45','2022-11-18 18:57:45',156,156);
/*!40000 ALTER TABLE `t010_tipo_contrato` ENABLE KEYS */;
UNLOCK TABLES;

--
-- Table structure for table `t011_area_contrato`
--

DROP TABLE IF EXISTS `t011_area_contrato`;
/*!40101 SET @saved_cs_client     = @@character_set_client */;
/*!40101 SET character_set_client = utf8 */;
CREATE TABLE `t011_area_contrato` (
  `a011_id_area` int(11) NOT NULL AUTO_INCREMENT,
  `a005_id_empresa` int(11) NOT NULL,
  `a011_descricao` varchar(300) NOT NULL,
  `a011_status` tinyint(1) NOT NULL DEFAULT 0,
  `created_at` timestamp NOT NULL DEFAULT current_timestamp(),
  `updated_at` timestamp NULL DEFAULT current_timestamp() ON UPDATE current_timestamp(),
  `created_at_user` int(11) NOT NULL,
  `updated_at_user` int(11) DEFAULT NULL,
  PRIMARY KEY (`a011_id_area`) USING BTREE,
  KEY `t011_area_contrato_fk1` (`a005_id_empresa`) USING BTREE,
  CONSTRAINT `t011_area_contrato_fk1` FOREIGN KEY (`a005_id_empresa`) REFERENCES `t005_empresa` (`a005_id_empresa`)
) ENGINE=InnoDB AUTO_INCREMENT=46 DEFAULT CHARSET=utf8 ROW_FORMAT=DYNAMIC;
/*!40101 SET character_set_client = @saved_cs_client */;

--
-- Dumping data for table `t011_area_contrato`
--

LOCK TABLES `t011_area_contrato` WRITE;
/*!40000 ALTER TABLE `t011_area_contrato` DISABLE KEYS */;
INSERT INTO `t011_area_contrato` VALUES (20,49,'Vendas',1,'2020-08-03 12:04:37','2020-08-03 12:04:37',50,50),(21,49,'TI',1,'2020-08-03 12:04:49','2020-08-03 12:04:49',50,50),(22,49,'Recursos Humanos',1,'2020-08-03 12:05:00','2020-08-03 12:05:00',50,50),(23,49,'Financeiro',1,'2020-08-03 12:05:08','2020-08-03 12:05:08',50,50),(24,49,'Marketing',1,'2020-08-03 12:05:22','2020-08-03 12:05:22',50,50),(25,49,'Controladoria',1,'2020-08-03 12:06:32','2020-08-03 12:06:32',50,50),(26,51,'Comercial (Vendas)',1,'2020-08-05 20:34:54','2020-08-05 20:34:54',52,52),(27,51,'Recursos Humanos',1,'2020-08-05 20:35:23','2020-08-05 20:35:23',52,52),(28,51,'Marketing',1,'2020-08-05 20:35:42','2020-08-05 20:35:42',52,52),(29,51,'Controladoria',1,'2020-08-05 20:36:02','2020-08-05 20:36:02',52,52),(32,51,'TI',1,'2020-08-10 20:00:48','2020-08-10 20:00:48',52,52),(33,92,'Tecnologia',1,'2020-11-30 18:45:10','2020-11-30 18:45:10',52,52),(34,94,'area 51',1,'2020-12-18 23:55:45','2020-12-18 23:55:45',52,52),(35,84,'TI',1,'2020-12-21 13:48:42','2020-12-21 13:48:42',76,76),(36,94,'Pesquisas',1,'2021-01-09 01:31:20','2021-01-09 01:31:20',52,52),(37,94,'Comercial',1,'2021-01-09 14:25:46','2021-01-09 14:25:46',52,52),(38,82,'Area RK',1,'2021-01-25 12:23:27','2021-01-25 12:23:27',52,52),(39,49,'Marketing Web',1,'2021-02-24 14:27:14','2021-02-24 14:27:14',50,50),(40,105,'Teste de Cadastro de Àreas',1,'2021-02-25 12:41:12','2021-02-25 12:41:12',93,93),(41,108,'Eletrônicos',1,'2021-05-05 14:06:53','2021-05-05 14:06:53',76,76),(42,162,'area1',1,'2022-05-24 19:25:57','2022-05-24 19:25:57',142,142),(43,178,'teste cadastro area 2',1,'2022-11-09 18:17:51','2022-11-09 18:18:09',156,156),(45,178,'internet',1,'2022-11-18 18:55:05','2022-11-18 18:55:05',156,156);
/*!40000 ALTER TABLE `t011_area_contrato` ENABLE KEYS */;
UNLOCK TABLES;

--
-- Table structure for table `t012_tipo_vencimento`
--

DROP TABLE IF EXISTS `t012_tipo_vencimento`;
/*!40101 SET @saved_cs_client     = @@character_set_client */;
/*!40101 SET character_set_client = utf8 */;
CREATE TABLE `t012_tipo_vencimento` (
  `a012_id_tipo_vencimento` int(11) NOT NULL AUTO_INCREMENT,
  `a005_id_empresa` int(11) NOT NULL,
  `a012_descricao` varchar(300) NOT NULL,
  `a012_status` tinyint(1) NOT NULL DEFAULT 0,
  `created_at` timestamp NOT NULL DEFAULT current_timestamp(),
  `updated_at` timestamp NULL DEFAULT current_timestamp() ON UPDATE current_timestamp(),
  `created_at_user` int(11) NOT NULL,
  `updated_at_user` int(11) DEFAULT NULL,
  PRIMARY KEY (`a012_id_tipo_vencimento`) USING BTREE,
  KEY `t012_tipo_vencimento_fk1` (`a005_id_empresa`) USING BTREE,
  CONSTRAINT `t012_tipo_vencimento_fk1` FOREIGN KEY (`a005_id_empresa`) REFERENCES `t005_empresa` (`a005_id_empresa`)
) ENGINE=InnoDB AUTO_INCREMENT=22 DEFAULT CHARSET=utf8 ROW_FORMAT=DYNAMIC;
/*!40101 SET character_set_client = @saved_cs_client */;

--
-- Dumping data for table `t012_tipo_vencimento`
--

LOCK TABLES `t012_tipo_vencimento` WRITE;
/*!40000 ALTER TABLE `t012_tipo_vencimento` DISABLE KEYS */;
INSERT INTO `t012_tipo_vencimento` VALUES (9,49,'A vista',1,'2020-08-03 12:08:13','2020-08-03 12:08:13',50,50),(10,49,'30 Dias',1,'2020-08-03 12:08:22','2020-08-03 12:08:22',50,50),(13,51,'30 Dias',1,'2020-08-10 20:04:45','2020-08-10 20:04:45',52,52),(14,92,'Tipo 1',1,'2020-11-30 18:47:36','2020-11-30 18:47:36',52,52),(15,94,'Mensal',1,'2020-12-19 00:00:11','2020-12-19 00:00:11',52,52),(16,82,'30 dias',1,'2021-01-26 13:43:28','2021-01-26 13:43:28',52,52),(17,105,'Teste',1,'2021-02-25 12:41:40','2021-02-25 12:41:40',93,93),(18,108,'Lorem ipsum dolor sit amet, consectetur adipiscing elit. Mauris vel augue non ligula vestibulum finibus id eget urna. In et ultricies ligula, in maximus felis. In justo magna, posuere quis vehicula in, maximus a lectus. Aliquam a blandit lacus. Vivamus nec nulla finibus, condimentum ligula quis, fer',1,'2021-05-05 14:12:44','2021-05-05 14:12:44',76,76),(19,108,'teste',1,'2021-05-07 18:59:47','2021-05-07 18:59:47',76,76),(20,178,'teste vencimento mensal',1,'2022-11-09 18:17:33','2022-11-09 18:17:33',156,156);
/*!40000 ALTER TABLE `t012_tipo_vencimento` ENABLE KEYS */;
UNLOCK TABLES;

--
-- Table structure for table `t013_contrato`
--

DROP TABLE IF EXISTS `t013_contrato`;
/*!40101 SET @saved_cs_client     = @@character_set_client */;
/*!40101 SET character_set_client = utf8 */;
CREATE TABLE `t013_contrato` (
  `a013_id_contrato` int(11) NOT NULL AUTO_INCREMENT,
  `a005_id_empresa` int(11) DEFAULT NULL,
  `a005_id_empresa_cli_for` int(11) DEFAULT NULL,
  `a008_id_cat_contrato` int(11) DEFAULT NULL,
  `a010_id_tipo_contrato` int(11) DEFAULT NULL,
  `a011_id_area` int(11) DEFAULT NULL,
  `a013_numero_contrato` varchar(100) NOT NULL,
  `a013_classificacao` char(1) NOT NULL,
  `a013_finalidade` varchar(1024) NOT NULL,
  `a013_prazo_contrato` int(11) NOT NULL COMMENT 'dias',
  `a013_data_inicio` date NOT NULL,
  `a013_data_fim` date NOT NULL,
  `a013_data_renovacao` date DEFAULT NULL,
  `a013_dias_vencimento` int(11) NOT NULL,
  `a013_valor_total_contrato` decimal(15,2) DEFAULT NULL,
  `a013_moeda` varchar(10) NOT NULL,
  `a013_valor_extra` decimal(15,2) DEFAULT NULL,
  `a013_valor_extra_referencia` text NOT NULL,
  `a013_valor_comissao` decimal(15,2) DEFAULT NULL,
  `a013_periodicidade_reajuste` int(11) DEFAULT NULL,
  `a013_indice_reajuste` varchar(500) DEFAULT NULL,
  `a013_prazo_recisao` int(10) unsigned DEFAULT NULL COMMENT 'dias',
  `a013_custo_recisao_antecipada` decimal(15,2) DEFAULT NULL,
  `a013_obs_custo_revisao_antec` varchar(300) DEFAULT NULL,
  `a013_conta_contabil` varchar(200) DEFAULT NULL,
  `a013_centro_custo` varchar(200) DEFAULT NULL,
  `a001_id_usuario` int(11) DEFAULT NULL,
  `a013_obs_contrato` varchar(500) DEFAULT NULL,
  `a013_assinatura` varchar(200) DEFAULT NULL COMMENT 'upload',
  `a013_status` char(1) NOT NULL DEFAULT '0',
  `created_at` timestamp NOT NULL DEFAULT current_timestamp(),
  `updated_at` timestamp NULL DEFAULT current_timestamp() ON UPDATE current_timestamp(),
  `created_at_user` int(11) NOT NULL,
  `updated_at_user` int(11) DEFAULT NULL,
  `a013_id_contrato_original` int(11) DEFAULT NULL,
  `a013_aceita_termo` tinyint(4) DEFAULT NULL,
  `a013_data_cancelado` datetime DEFAULT NULL,
  `a001_id_usuario_cancelou` int(11) DEFAULT NULL,
  `a013_valor_fracao` decimal(15,2) NOT NULL,
  `a013_recorrencia` varchar(10) DEFAULT NULL,
  `a013_referencia_interna` varchar(20) DEFAULT NULL,
  `a013_usuarios_acesso` text DEFAULT NULL,
  `deleted_at` timestamp NULL DEFAULT NULL,
  `a013_empresa_contratante` int(11) NOT NULL,
  PRIMARY KEY (`a013_id_contrato`) USING BTREE,
  KEY `t013_contrato_fk1` (`a005_id_empresa`) USING BTREE,
  KEY `t013_contrato_fk2` (`a005_id_empresa_cli_for`) USING BTREE,
  KEY `t013_contrato_fk3` (`a008_id_cat_contrato`) USING BTREE,
  KEY `t013_contrato_fk4` (`a010_id_tipo_contrato`) USING BTREE,
  KEY `t013_contrato_fk5` (`a011_id_area`) USING BTREE,
  KEY `t013_contrato_fk7` (`a001_id_usuario`) USING BTREE,
  KEY `t013_contrato_fk6` (`a013_id_contrato_original`) USING BTREE,
  KEY `t013_contrato_fk8` (`a001_id_usuario_cancelou`) USING BTREE,
  CONSTRAINT `t013_contrato_fk1` FOREIGN KEY (`a005_id_empresa`) REFERENCES `t005_empresa` (`a005_id_empresa`),
  CONSTRAINT `t013_contrato_fk2` FOREIGN KEY (`a005_id_empresa_cli_for`) REFERENCES `t005_empresa` (`a005_id_empresa`),
  CONSTRAINT `t013_contrato_fk3` FOREIGN KEY (`a008_id_cat_contrato`) REFERENCES `t008_categoria_contrato` (`a008_id_cat_contrato`),
  CONSTRAINT `t013_contrato_fk4` FOREIGN KEY (`a010_id_tipo_contrato`) REFERENCES `t010_tipo_contrato` (`a010_id_tipo_contrato`),
  CONSTRAINT `t013_contrato_fk5` FOREIGN KEY (`a011_id_area`) REFERENCES `t011_area_contrato` (`a011_id_area`),
  CONSTRAINT `t013_contrato_fk6` FOREIGN KEY (`a013_id_contrato_original`) REFERENCES `t013_contrato` (`a013_id_contrato`),
  CONSTRAINT `t013_contrato_fk7` FOREIGN KEY (`a001_id_usuario`) REFERENCES `t001_usuario` (`a001_id_usuario`),
  CONSTRAINT `t013_contrato_fk8` FOREIGN KEY (`a001_id_usuario_cancelou`) REFERENCES `t001_usuario` (`a001_id_usuario`)
) ENGINE=InnoDB AUTO_INCREMENT=14 DEFAULT CHARSET=utf8 ROW_FORMAT=DYNAMIC;
/*!40101 SET character_set_client = @saved_cs_client */;

--
-- Dumping data for table `t013_contrato`
--

LOCK TABLES `t013_contrato` WRITE;
/*!40000 ALTER TABLE `t013_contrato` DISABLE KEYS */;
INSERT INTO `t013_contrato` VALUES (5,51,50,10,14,32,'Solver19','S','Suporte sistema de Firewall',365,'2020-04-01','2021-04-01',NULL,10,4000.00,'',0.01,'',0.01,12,'IGPM',60,0.01,'Aviso previo de 60 dias','1','1',52,'observações gerais',NULL,'A','2020-08-10 20:04:06','2020-08-11 01:16:25',52,52,NULL,0,NULL,NULL,0.00,NULL,NULL,NULL,NULL,0),(6,51,50,10,14,32,'','S','Suporte sistema de Firewall',365,'2020-04-01','2021-04-01',NULL,10,4000.00,'',0.01,'',0.01,12,'IGPM',60,0.01,'Aviso previo de 60 dias','1','1',52,'observações gerais',NULL,'D','2020-08-11 01:16:57','2020-08-11 01:16:57',52,52,NULL,NULL,NULL,NULL,0.00,NULL,NULL,NULL,NULL,0),(7,51,50,10,14,32,'123456','S','Suporte sistema de Firewall',365,'2020-04-01','2021-04-01',NULL,10,4000.00,'',0.01,'',0.01,12,'IGPM',60,0.01,'Aviso previo de 60 dias','1','1',52,'observações gerais',NULL,'D','2020-08-17 21:11:52','2021-01-17 12:39:18',52,52,NULL,0,NULL,NULL,0.00,NULL,NULL,NULL,NULL,0),(8,84,96,13,17,35,'adsasdasdsad','P','a das dasdasdasd2',2,'2020-12-12','2020-12-14',NULL,1,0.00,'',0.00,'',0.00,NULL,NULL,NULL,0.00,NULL,NULL,NULL,76,NULL,NULL,'A','2020-12-23 19:34:13','2021-05-11 09:43:56',76,76,NULL,0,NULL,NULL,0.00,'mensal',NULL,NULL,NULL,0),(9,82,50,NULL,18,36,'12345','S','bla cla bla bla',730,'2021-01-01','2023-01-01',NULL,10,760.12,'',0.12,'',0.12,12,'IGPM',60,NULL,'não cancelar sem falar comigo','123','asdf123',52,'observações gerais bla bla bla',NULL,'A','2021-01-09 01:37:51','2021-01-09 01:39:37',52,52,NULL,0,NULL,NULL,380.00,NULL,NULL,NULL,NULL,0),(10,82,98,NULL,20,38,'pm123','P','asdfasdf',730,'2021-03-01','2023-03-01',NULL,20,24.00,'',0.00,'',0.00,NULL,NULL,NULL,NULL,NULL,NULL,NULL,52,NULL,NULL,'A','2021-01-25 12:24:56','2021-01-25 12:24:56',52,52,NULL,NULL,NULL,NULL,1000.00,'mensal',NULL,NULL,NULL,0),(11,49,105,NULL,11,39,'382021','P','Criação de Marca Institucional - Interface do sistema - Design do Site Institucional',60,'2021-02-24','2021-04-25',NULL,23,3922.00,'',0.00,'',0.00,NULL,NULL,NULL,NULL,NULL,NULL,NULL,50,'Contrato por prazo de 90 dias corridos em 4 parcelas de 1961,00 - total de 7846,00',NULL,'A','2021-02-24 14:31:53','2021-07-04 09:25:39',93,93,NULL,0,NULL,NULL,1961.00,'mensal',NULL,'[{\"a001_id_usuario\":\"51\",\"a001_nome\":\"Caroline - Solver\",\"admin\":\"false\"},{\"a001_id_usuario\":\"50\",\"a001_nome\":\"Luiz Sisson - Dealix\",\"admin\":\"false\"},{\"a001_id_usuario\":\"93\",\"a001_nome\":\"Alecs Design\",\"admin\":\"false\"}]',NULL,0),(12,105,125,NULL,11,20,'Teste','P','teste',777,'2002-01-01','2004-02-17',NULL,11,30.91,'',0.11,'',0.01,1,'1',1,NULL,NULL,NULL,NULL,NULL,NULL,NULL,'A','2021-06-28 18:43:19','2021-07-29 14:33:43',93,93,NULL,NULL,NULL,NULL,1.11,'mensal',NULL,NULL,'2021-07-29 14:33:43',0),(13,49,127,NULL,11,21,'ABC123','S','contrato de horas técnicas para desenvolvimento do site Dealix integrado ao sistema Dealix.',182,'2021-10-01','2022-04-01',NULL,20,12000.00,'',0.00,'',0.00,12,'IPCA',30,NULL,'em caso de necessidade, avisar com 60 dias antes do cancelamento',NULL,NULL,50,NULL,NULL,'A','2022-02-14 17:04:43','2022-02-14 17:08:15',50,50,NULL,NULL,NULL,NULL,2000.00,'mensal','ORBT SITE','[{\"a001_id_usuario\":\"50\",\"a001_nome\":\"Luiz Sisson - Dealix\",\"admin\":\"false\"},{\"a001_id_usuario\":\"115\",\"a001_nome\":\"Orbital\",\"admin\":\"false\"}]',NULL,0);
/*!40000 ALTER TABLE `t013_contrato` ENABLE KEYS */;
UNLOCK TABLES;

--
-- Table structure for table `t014_contrato_documento`
--

DROP TABLE IF EXISTS `t014_contrato_documento`;
/*!40101 SET @saved_cs_client     = @@character_set_client */;
/*!40101 SET character_set_client = utf8 */;
CREATE TABLE `t014_contrato_documento` (
  `a014_id_documento` int(11) NOT NULL AUTO_INCREMENT,
  `a009_id_cat_contr_doc` int(11) DEFAULT NULL,
  `a013_id_contrato` int(11) NOT NULL,
  `a014_data` date NOT NULL,
  `a014_documento` varchar(200) DEFAULT NULL COMMENT 'upload',
  `a014_data_vencimento` date DEFAULT NULL,
  `a014_obs` varchar(500) DEFAULT NULL,
  `created_at` timestamp NOT NULL DEFAULT current_timestamp(),
  `updated_at` timestamp NULL DEFAULT current_timestamp() ON UPDATE current_timestamp(),
  `created_at_user` int(11) NOT NULL,
  `updated_at_user` int(11) DEFAULT NULL,
  PRIMARY KEY (`a014_id_documento`) USING BTREE,
  KEY `t014_contrato_documento_fk1` (`a013_id_contrato`) USING BTREE,
  KEY `t014_contrato_documento_fk2` (`a009_id_cat_contr_doc`) USING BTREE,
  CONSTRAINT `t014_contrato_documento_fk1` FOREIGN KEY (`a013_id_contrato`) REFERENCES `t013_contrato` (`a013_id_contrato`),
  CONSTRAINT `t014_contrato_documento_fk2` FOREIGN KEY (`a009_id_cat_contr_doc`) REFERENCES `t009_categoria_contrato_doc` (`a009_id_cat_contr_doc`)
) ENGINE=InnoDB AUTO_INCREMENT=8 DEFAULT CHARSET=utf8 ROW_FORMAT=DYNAMIC;
/*!40101 SET character_set_client = @saved_cs_client */;

--
-- Dumping data for table `t014_contrato_documento`
--

LOCK TABLES `t014_contrato_documento` WRITE;
/*!40000 ALTER TABLE `t014_contrato_documento` DISABLE KEYS */;
INSERT INTO `t014_contrato_documento` VALUES (3,NULL,9,'2021-01-08','/uploads/contrato_outros_documentos/gjzWQ26Uzr3T_phpZWA8i9.png',NULL,'paramotor','2021-01-09 01:39:37','2021-01-09 01:39:37',52,52),(4,NULL,9,'2021-01-08','/uploads/contrato_outros_documentos/qe1KJ03VK5Rg_php0yCIEG.jpg',NULL,'Elvis','2021-01-09 01:39:37','2021-01-09 01:39:37',52,52),(5,NULL,9,'2021-01-08','/uploads/contrato_outros_documentos/Ds92VkHNHffL_phpPomh0d.pdf',NULL,'certificado','2021-01-09 01:39:37','2021-01-09 01:39:37',52,52);
/*!40000 ALTER TABLE `t014_contrato_documento` ENABLE KEYS */;
UNLOCK TABLES;

--
-- Table structure for table `t015_contrato_hist_renovacao`
--

DROP TABLE IF EXISTS `t015_contrato_hist_renovacao`;
/*!40101 SET @saved_cs_client     = @@character_set_client */;
/*!40101 SET character_set_client = utf8 */;
CREATE TABLE `t015_contrato_hist_renovacao` (
  `a015_id_historico` int(11) NOT NULL AUTO_INCREMENT,
  `a015_data_renovacao` datetime NOT NULL DEFAULT current_timestamp() ON UPDATE current_timestamp(),
  `a013_id_contrato` int(11) DEFAULT NULL,
  `a001_id_usuario` int(11) DEFAULT NULL,
  `a015_nome_usuario` varchar(300) DEFAULT NULL,
  `a015_data_inicio` varchar(100) NOT NULL,
  `a015_dias` varchar(100) NOT NULL,
  `a015_data_fim` varchar(100) NOT NULL,
  `a015_valor_total_contrato` varchar(200) NOT NULL,
  `a015_obs` text NOT NULL,
  `created_at` timestamp NOT NULL DEFAULT current_timestamp(),
  `updated_at` timestamp NULL DEFAULT current_timestamp() ON UPDATE current_timestamp(),
  `created_at_user` int(11) NOT NULL,
  `updated_at_user` int(11) DEFAULT NULL,
  PRIMARY KEY (`a015_id_historico`) USING BTREE,
  KEY `t015_contrato_hist_renovacao_fk1` (`a013_id_contrato`) USING BTREE,
  KEY `t015_contrato_hist_renovacao_fk2` (`a001_id_usuario`) USING BTREE,
  CONSTRAINT `t015_contrato_hist_renovacao_fk1` FOREIGN KEY (`a013_id_contrato`) REFERENCES `t013_contrato` (`a013_id_contrato`),
  CONSTRAINT `t015_contrato_hist_renovacao_fk2` FOREIGN KEY (`a001_id_usuario`) REFERENCES `t001_usuario` (`a001_id_usuario`)
) ENGINE=InnoDB AUTO_INCREMENT=2 DEFAULT CHARSET=utf8 ROW_FORMAT=DYNAMIC;
/*!40101 SET character_set_client = @saved_cs_client */;

--
-- Dumping data for table `t015_contrato_hist_renovacao`
--

LOCK TABLES `t015_contrato_hist_renovacao` WRITE;
/*!40000 ALTER TABLE `t015_contrato_hist_renovacao` DISABLE KEYS */;
/*!40000 ALTER TABLE `t015_contrato_hist_renovacao` ENABLE KEYS */;
UNLOCK TABLES;

--
-- Table structure for table `t016_contrato_hist_alteracoes`
--

DROP TABLE IF EXISTS `t016_contrato_hist_alteracoes`;
/*!40101 SET @saved_cs_client     = @@character_set_client */;
/*!40101 SET character_set_client = utf8 */;
CREATE TABLE `t016_contrato_hist_alteracoes` (
  `a016_id_historico` int(11) NOT NULL AUTO_INCREMENT,
  `a013_id_contrato` int(11) DEFAULT NULL,
  `a016_data_alteracao` datetime NOT NULL DEFAULT current_timestamp(),
  `a001_id_usuario` int(11) DEFAULT NULL,
  `a016_log` text NOT NULL,
  `created_at` timestamp NOT NULL DEFAULT current_timestamp(),
  `updated_at` timestamp NULL DEFAULT current_timestamp() ON UPDATE current_timestamp(),
  `created_at_user` int(11) NOT NULL,
  `updated_at_user` int(11) DEFAULT NULL,
  `a016_campos_alterados` text DEFAULT NULL,
  PRIMARY KEY (`a016_id_historico`) USING BTREE,
  KEY `t016_historico_alteracoes_fk1` (`a001_id_usuario`) USING BTREE,
  KEY `t016_contrato_hist_alteracoes_fk1` (`a013_id_contrato`) USING BTREE,
  CONSTRAINT `t016_contrato_hist_alteracoes_fk1` FOREIGN KEY (`a013_id_contrato`) REFERENCES `t013_contrato` (`a013_id_contrato`)
) ENGINE=InnoDB AUTO_INCREMENT=24 DEFAULT CHARSET=utf8 ROW_FORMAT=DYNAMIC;
/*!40101 SET character_set_client = @saved_cs_client */;

--
-- Dumping data for table `t016_contrato_hist_alteracoes`
--

LOCK TABLES `t016_contrato_hist_alteracoes` WRITE;
/*!40000 ALTER TABLE `t016_contrato_hist_alteracoes` DISABLE KEYS */;
INSERT INTO `t016_contrato_hist_alteracoes` VALUES (7,5,'2020-08-10 17:04:06',52,'{\"a005_id_empresa\":\"51\",\"a005_id_empresa_cli_for\":\"50\",\"a008_id_cat_contrato\":\"10\",\"a010_id_tipo_contrato\":\"14\",\"a011_id_area\":\"32\",\"a013_numero_contrato\":\"123\",\"a013_classificacao\":\"S\",\"a013_finalidade\":\"Suporte sistema de Firewall\",\"a013_prazo_contrato\":\"365\",\"a013_data_inicio\":\"2020-04-01\",\"a013_data_fim\":\"2021-04-01\",\"a013_dias_vencimento\":\"10\",\"a013_valor_total_contrato\":\"4000.00\",\"a013_valor_extra\":\"0.01\",\"a013_valor_comissao\":\"0.01\",\"a013_periodicidade_reajuste\":\"12\",\"a013_indice_reajuste\":\"IGPM\",\"a013_prazo_recisao\":\"60\",\"a013_custo_recisao_antecipada\":\"0.01\",\"a013_obs_custo_revisao_antec\":\"Aviso previo de 60 dias\",\"a013_conta_contabil\":\"1\",\"a013_centro_custo\":\"1\",\"a001_id_usuario\":\"52\",\"a013_obs_contrato\":\"observa\\u00e7\\u00f5es gerais\",\"a013_assinatura\":null,\"a013_status\":\"A\",\"a013_data_cancelado\":null,\"a013_aceita_termo\":null,\"a001_id_usuario_cancelou\":null,\"a013_id_contrato_original\":null,\"list_documentos\":\"\",\"list_vencimentos\":\"\",\"created_at_user\":52,\"updated_at_user\":52,\"a013_data_renovacao\":null}','2020-08-10 20:04:06','2020-08-10 20:04:06',52,52,NULL),(8,5,'2020-08-10 17:05:35',52,'{\"a005_id_empresa\":\"51\",\"a005_id_empresa_cli_for\":\"50\",\"a008_id_cat_contrato\":\"10\",\"a010_id_tipo_contrato\":\"14\",\"a011_id_area\":\"32\",\"a013_numero_contrato\":\"123\",\"a013_classificacao\":\"S\",\"a013_finalidade\":\"Suporte sistema de Firewall\",\"a013_prazo_contrato\":\"365\",\"a013_data_inicio\":\"2020-04-01\",\"a013_data_fim\":\"2021-04-01\",\"a013_dias_vencimento\":\"10\",\"a013_valor_total_contrato\":\"4000.00\",\"a013_valor_extra\":\"0.01\",\"a013_valor_comissao\":\"0.01\",\"a013_periodicidade_reajuste\":\"12\",\"a013_indice_reajuste\":\"IGPM\",\"a013_prazo_recisao\":\"60\",\"a013_custo_recisao_antecipada\":\"0.01\",\"a013_obs_custo_revisao_antec\":\"Aviso previo de 60 dias\",\"a013_conta_contabil\":\"1\",\"a013_centro_custo\":\"1\",\"a001_id_usuario\":\"52\",\"a013_obs_contrato\":\"observa\\u00e7\\u00f5es gerais\",\"a013_assinatura\":null,\"a013_status\":\"A\",\"a013_data_cancelado\":null,\"a013_aceita_termo\":0,\"a001_id_usuario_cancelou\":null,\"a013_id_contrato_original\":null,\"list_documentos\":\"\",\"list_vencimentos\":\"1- Tipo Vencimento:30 Dias; Valor:400.00; Id Contrato:5;       \",\"created_at_user\":52,\"updated_at_user\":52,\"a013_data_renovacao\":null}','2020-08-10 20:05:35','2020-08-10 20:05:35',52,52,NULL),(9,5,'2020-08-10 21:57:47',52,'{\"a005_id_empresa\":\"51\",\"a005_id_empresa_cli_for\":\"50\",\"a008_id_cat_contrato\":\"10\",\"a010_id_tipo_contrato\":\"14\",\"a011_id_area\":\"32\",\"a013_numero_contrato\":\"asdf\",\"a013_classificacao\":\"S\",\"a013_finalidade\":\"Suporte sistema de Firewall\",\"a013_prazo_contrato\":\"365\",\"a013_data_inicio\":\"2020-04-01\",\"a013_data_fim\":\"2021-04-01\",\"a013_dias_vencimento\":\"10\",\"a013_valor_total_contrato\":\"4000.00\",\"a013_valor_extra\":\"0.01\",\"a013_valor_comissao\":\"0.01\",\"a013_periodicidade_reajuste\":\"12\",\"a013_indice_reajuste\":\"IGPM\",\"a013_prazo_recisao\":\"60\",\"a013_custo_recisao_antecipada\":\"0.01\",\"a013_obs_custo_revisao_antec\":\"Aviso previo de 60 dias\",\"a013_conta_contabil\":\"1\",\"a013_centro_custo\":\"1\",\"a001_id_usuario\":\"52\",\"a013_obs_contrato\":\"observa\\u00e7\\u00f5es gerais\",\"a013_assinatura\":null,\"a013_status\":\"A\",\"a013_data_cancelado\":null,\"a013_aceita_termo\":0,\"a001_id_usuario_cancelou\":null,\"a013_id_contrato_original\":null,\"list_documentos\":\"\",\"list_vencimentos\":\"1- Tipo Vencimento:30 Dias; Valor:400.00; Id Contrato:5;       \",\"created_at_user\":52,\"updated_at_user\":52,\"a013_data_renovacao\":null}','2020-08-11 00:57:47','2020-08-11 00:57:47',52,52,NULL),(10,5,'2020-08-10 22:16:25',52,'{\"a005_id_empresa\":\"51\",\"a005_id_empresa_cli_for\":\"50\",\"a008_id_cat_contrato\":\"10\",\"a010_id_tipo_contrato\":\"14\",\"a011_id_area\":\"32\",\"a013_numero_contrato\":\"Solver19\",\"a013_classificacao\":\"S\",\"a013_finalidade\":\"Suporte sistema de Firewall\",\"a013_prazo_contrato\":\"365\",\"a013_data_inicio\":\"2020-04-01\",\"a013_data_fim\":\"2021-04-01\",\"a013_dias_vencimento\":\"10\",\"a013_valor_total_contrato\":\"4000.00\",\"a013_valor_extra\":\"0.01\",\"a013_valor_comissao\":\"0.01\",\"a013_periodicidade_reajuste\":\"12\",\"a013_indice_reajuste\":\"IGPM\",\"a013_prazo_recisao\":\"60\",\"a013_custo_recisao_antecipada\":\"0.01\",\"a013_obs_custo_revisao_antec\":\"Aviso previo de 60 dias\",\"a013_conta_contabil\":\"1\",\"a013_centro_custo\":\"1\",\"a001_id_usuario\":\"52\",\"a013_obs_contrato\":\"observa\\u00e7\\u00f5es gerais\",\"a013_assinatura\":null,\"a013_status\":\"A\",\"a013_data_cancelado\":null,\"a013_aceita_termo\":0,\"a001_id_usuario_cancelou\":null,\"a013_id_contrato_original\":null,\"list_documentos\":\"\",\"list_vencimentos\":\"1- Tipo Vencimento:30 Dias; Valor:400.00; Id Contrato:5;       \",\"created_at_user\":52,\"updated_at_user\":52,\"a013_data_renovacao\":null}','2020-08-11 01:16:25','2020-08-11 01:16:25',52,52,NULL),(11,6,'2020-08-10 22:16:57',52,'{\"a005_id_empresa\":51,\"a005_id_empresa_cli_for\":50,\"a008_id_cat_contrato\":10,\"a010_id_tipo_contrato\":14,\"a011_id_area\":32,\"a013_numero_contrato\":\"\",\"a013_classificacao\":\"S\",\"a013_finalidade\":\"Suporte sistema de Firewall\",\"a013_prazo_contrato\":365,\"a013_data_inicio\":\"2020-04-01\",\"a013_data_fim\":\"2021-04-01\",\"a013_dias_vencimento\":10,\"a013_valor_total_contrato\":\"4000.00\",\"a013_valor_extra\":\"0.01\",\"a013_valor_comissao\":\"0.01\",\"a013_periodicidade_reajuste\":12,\"a013_indice_reajuste\":\"IGPM\",\"a013_prazo_recisao\":60,\"a013_custo_recisao_antecipada\":\"0.01\",\"a013_obs_custo_revisao_antec\":\"Aviso previo de 60 dias\",\"a013_conta_contabil\":\"1\",\"a013_centro_custo\":\"1\",\"a001_id_usuario\":52,\"a013_obs_contrato\":\"observa\\u00e7\\u00f5es gerais\",\"a013_assinatura\":null,\"a013_status\":\"D\",\"a013_data_cancelado\":null,\"a013_aceita_termo\":null,\"a001_id_usuario_cancelou\":null,\"a013_id_contrato_original\":null,\"list_documentos\":\"\",\"list_vencimentos\":\"\",\"created_at_user\":52,\"updated_at_user\":52,\"a013_data_renovacao\":null}','2020-08-11 01:16:57','2020-08-11 01:16:57',52,52,NULL),(12,7,'2020-08-17 18:11:52',52,'{\"a005_id_empresa\":51,\"a005_id_empresa_cli_for\":50,\"a008_id_cat_contrato\":10,\"a010_id_tipo_contrato\":14,\"a011_id_area\":32,\"a013_numero_contrato\":\"\",\"a013_classificacao\":\"S\",\"a013_finalidade\":\"Suporte sistema de Firewall\",\"a013_prazo_contrato\":365,\"a013_data_inicio\":\"2020-04-01\",\"a013_data_fim\":\"2021-04-01\",\"a013_dias_vencimento\":10,\"a013_valor_total_contrato\":\"4000.00\",\"a013_valor_extra\":\"0.01\",\"a013_valor_comissao\":\"0.01\",\"a013_periodicidade_reajuste\":12,\"a013_indice_reajuste\":\"IGPM\",\"a013_prazo_recisao\":60,\"a013_custo_recisao_antecipada\":\"0.01\",\"a013_obs_custo_revisao_antec\":\"Aviso previo de 60 dias\",\"a013_conta_contabil\":\"1\",\"a013_centro_custo\":\"1\",\"a001_id_usuario\":52,\"a013_obs_contrato\":\"observa\\u00e7\\u00f5es gerais\",\"a013_assinatura\":null,\"a013_status\":\"D\",\"a013_data_cancelado\":null,\"a013_aceita_termo\":null,\"a001_id_usuario_cancelou\":null,\"a013_id_contrato_original\":null,\"list_documentos\":\"\",\"list_vencimentos\":\"\",\"created_at_user\":52,\"updated_at_user\":52,\"a013_data_renovacao\":null}','2020-08-17 21:11:52','2020-08-17 21:11:52',52,52,NULL),(13,8,'2020-12-23 16:34:13',76,'{\"a005_id_empresa\":\"84\",\"a005_id_empresa_cli_for\":\"96\",\"a008_id_cat_contrato\":\"13\",\"a010_id_tipo_contrato\":\"17\",\"a011_id_area\":\"35\",\"a013_numero_contrato\":\"adsasdasdsad\",\"a013_classificacao\":\"P\",\"a013_finalidade\":\"a das dasdasdasd\",\"a013_prazo_contrato\":\"11\",\"a013_data_inicio\":\"2020-12-12\",\"a013_data_fim\":\"2020-12-23\",\"a013_dias_vencimento\":\"1\",\"a013_valor_total_contrato\":\"0.00\",\"a013_valor_fracao\":\"0.00\",\"a013_valor_extra\":\"0.00\",\"a013_valor_comissao\":\"0.00\",\"a013_periodicidade_reajuste\":null,\"a013_indice_reajuste\":null,\"a013_prazo_recisao\":null,\"a013_custo_recisao_antecipada\":\"0.00\",\"a013_obs_custo_revisao_antec\":null,\"a013_conta_contabil\":null,\"a013_centro_custo\":null,\"a001_id_usuario\":\"76\",\"a013_obs_contrato\":null,\"a013_assinatura\":null,\"a013_status\":\"A\",\"a013_data_cancelado\":null,\"a013_aceita_termo\":null,\"a001_id_usuario_cancelou\":null,\"a013_id_contrato_original\":null,\"list_documentos\":\"\",\"list_vencimentos\":\"\",\"created_at_user\":76,\"updated_at_user\":76,\"a013_data_renovacao\":null}','2020-12-23 19:34:13','2020-12-23 19:34:13',76,76,NULL),(14,8,'2020-12-23 16:34:46',76,'{\"a005_id_empresa\":\"84\",\"a005_id_empresa_cli_for\":\"96\",\"a008_id_cat_contrato\":\"13\",\"a010_id_tipo_contrato\":\"17\",\"a011_id_area\":\"35\",\"a013_numero_contrato\":\"adsasdasdsad\",\"a013_classificacao\":\"P\",\"a013_finalidade\":\"a das dasdasdasd\",\"a013_prazo_contrato\":11,\"a013_data_inicio\":\"2020-12-12\",\"a013_data_fim\":\"2020-12-23\",\"a013_dias_vencimento\":\"1\",\"a013_valor_total_contrato\":\"0.00\",\"a013_valor_fracao\":\"0.00\",\"a013_valor_extra\":\"0.00\",\"a013_valor_comissao\":\"0.00\",\"a013_periodicidade_reajuste\":null,\"a013_indice_reajuste\":null,\"a013_prazo_recisao\":null,\"a013_custo_recisao_antecipada\":\"0.00\",\"a013_obs_custo_revisao_antec\":null,\"a013_conta_contabil\":null,\"a013_centro_custo\":null,\"a001_id_usuario\":\"76\",\"a013_obs_contrato\":null,\"a013_assinatura\":null,\"a013_status\":\"A\",\"a013_data_cancelado\":null,\"a013_aceita_termo\":0,\"a001_id_usuario_cancelou\":null,\"a013_id_contrato_original\":null,\"list_documentos\":\"1- Documento:\\/uploads\\/contrato_outros_documentos\\/WvAvjiA2sT9S_phprjWusP.png; Inclus\\u00e3o:2020-12-23; Vencimento:; Observa\\u00e7\\u00e3o:wawaw; Id Categoria:; Id Contrato:8;       2- Documento:\\/uploads\\/contrato_outros_documentos\\/dyG4QASoJjWj_phpsoF46Q.pdf; Inclus\\u00e3o:2020-12-23; Vencimento:; Observa\\u00e7\\u00e3o:wewewe; Id Categoria:; Id Contrato:8;       \",\"list_vencimentos\":\"\",\"created_at_user\":76,\"updated_at_user\":76,\"a013_data_renovacao\":null}','2020-12-23 19:34:46','2020-12-23 19:34:46',76,76,NULL),(15,9,'2021-01-08 22:37:52',52,'{\"a005_id_empresa\":\"82\",\"a005_id_empresa_cli_for\":\"50\",\"a010_id_tipo_contrato\":\"18\",\"a011_id_area\":\"36\",\"a013_numero_contrato\":\"12345\",\"a013_classificacao\":\"S\",\"a013_finalidade\":\"bla cla bla bla\",\"a013_prazo_contrato\":\"730\",\"a013_data_inicio\":\"2021-01-01\",\"a013_data_fim\":\"2023-01-01\",\"a013_dias_vencimento\":\"10\",\"a013_valor_total_contrato\":\"760.12\",\"a013_valor_fracao\":\"380.00\",\"a013_valor_extra\":\"0.12\",\"a013_valor_comissao\":\"0.12\",\"a013_periodicidade_reajuste\":\"12\",\"a013_indice_reajuste\":\"IGPM\",\"a013_prazo_recisao\":\"60\",\"a013_custo_recisao_antecipada\":null,\"a013_obs_custo_revisao_antec\":\"n\\u00e3o cancelar sem falar comigo\",\"a013_conta_contabil\":\"123\",\"a013_centro_custo\":\"asdf123\",\"a001_id_usuario\":\"52\",\"a013_obs_contrato\":\"observa\\u00e7\\u00f5es gerais bla bla bla\",\"a013_assinatura\":null,\"a013_status\":\"A\",\"a013_data_cancelado\":null,\"a013_aceita_termo\":null,\"a001_id_usuario_cancelou\":null,\"a013_id_contrato_original\":null,\"list_documentos\":\"\",\"list_vencimentos\":\"\",\"created_at_user\":52,\"updated_at_user\":52,\"a013_data_renovacao\":null}','2021-01-09 01:37:52','2021-01-09 01:37:52',52,52,NULL),(16,9,'2021-01-08 22:39:37',52,'{\"a005_id_empresa\":\"82\",\"a005_id_empresa_cli_for\":\"50\",\"a010_id_tipo_contrato\":\"18\",\"a011_id_area\":\"36\",\"a013_numero_contrato\":\"12345\",\"a013_classificacao\":\"S\",\"a013_finalidade\":\"bla cla bla bla\",\"a013_prazo_contrato\":730,\"a013_data_inicio\":\"2021-01-01\",\"a013_data_fim\":\"2023-01-01\",\"a013_dias_vencimento\":\"10\",\"a013_valor_total_contrato\":\"760.12\",\"a013_valor_fracao\":\"380.00\",\"a013_valor_extra\":\"0.12\",\"a013_valor_comissao\":\"0.12\",\"a013_periodicidade_reajuste\":\"12\",\"a013_indice_reajuste\":\"IGPM\",\"a013_prazo_recisao\":\"60\",\"a013_custo_recisao_antecipada\":null,\"a013_obs_custo_revisao_antec\":\"n\\u00e3o cancelar sem falar comigo\",\"a013_conta_contabil\":\"123\",\"a013_centro_custo\":\"asdf123\",\"a001_id_usuario\":\"52\",\"a013_obs_contrato\":\"observa\\u00e7\\u00f5es gerais bla bla bla\",\"a013_assinatura\":null,\"a013_status\":\"A\",\"a013_data_cancelado\":null,\"a013_aceita_termo\":0,\"a001_id_usuario_cancelou\":null,\"a013_id_contrato_original\":null,\"list_documentos\":\"1- Documento:\\/uploads\\/contrato_outros_documentos\\/gjzWQ26Uzr3T_phpZWA8i9.png; Inclus\\u00e3o:2021-01-08; Vencimento:; Observa\\u00e7\\u00e3o:paramotor; Id Categoria:; Id Contrato:9;       2- Documento:\\/uploads\\/contrato_outros_documentos\\/qe1KJ03VK5Rg_php0yCIEG.jpg; Inclus\\u00e3o:2021-01-08; Vencimento:; Observa\\u00e7\\u00e3o:Elvis; Id Categoria:; Id Contrato:9;       3- Documento:\\/uploads\\/contrato_outros_documentos\\/Ds92VkHNHffL_phpPomh0d.pdf; Inclus\\u00e3o:2021-01-08; Vencimento:; Observa\\u00e7\\u00e3o:certificado; Id Categoria:; Id Contrato:9;       \",\"list_vencimentos\":\"\",\"created_at_user\":52,\"updated_at_user\":52,\"a013_data_renovacao\":null}','2021-01-09 01:39:37','2021-01-09 01:39:37',52,52,NULL),(17,7,'2021-01-17 09:39:18',52,'{\"a005_id_empresa\":\"51\",\"a005_id_empresa_cli_for\":\"50\",\"a010_id_tipo_contrato\":\"14\",\"a011_id_area\":\"32\",\"a013_numero_contrato\":\"123456\",\"a013_classificacao\":\"S\",\"a013_finalidade\":\"Suporte sistema de Firewall\",\"a013_prazo_contrato\":365,\"a013_data_inicio\":\"2020-04-01\",\"a013_data_fim\":\"2021-04-01\",\"a013_dias_vencimento\":\"10\",\"a013_valor_total_contrato\":\"4000.00\",\"a013_valor_fracao\":\"0.00\",\"a013_valor_extra\":\"0.01\",\"a013_valor_comissao\":\"0.01\",\"a013_periodicidade_reajuste\":\"12\",\"a013_indice_reajuste\":\"IGPM\",\"a013_prazo_recisao\":\"60\",\"a013_custo_recisao_antecipada\":\"0.01\",\"a013_obs_custo_revisao_antec\":\"Aviso previo de 60 dias\",\"a013_conta_contabil\":\"1\",\"a013_centro_custo\":\"1\",\"a001_id_usuario\":\"52\",\"a013_obs_contrato\":\"observa\\u00e7\\u00f5es gerais\",\"a013_assinatura\":null,\"a013_status\":\"D\",\"a013_data_cancelado\":null,\"a013_aceita_termo\":0,\"a001_id_usuario_cancelou\":null,\"a013_id_contrato_original\":null,\"list_documentos\":\"\",\"list_vencimentos\":\"\",\"created_at_user\":52,\"updated_at_user\":52,\"a013_data_renovacao\":null}','2021-01-17 12:39:18','2021-01-17 12:39:18',52,52,NULL),(18,5,'2021-01-17 09:39:34',52,'{\"a005_id_empresa\":\"51\",\"a005_id_empresa_cli_for\":\"50\",\"a010_id_tipo_contrato\":\"14\",\"a011_id_area\":\"32\",\"a013_numero_contrato\":\"Solver19\",\"a013_classificacao\":\"S\",\"a013_finalidade\":\"Suporte sistema de Firewall\",\"a013_prazo_contrato\":365,\"a013_data_inicio\":\"2020-04-01\",\"a013_data_fim\":\"2021-04-01\",\"a013_dias_vencimento\":\"10\",\"a013_valor_total_contrato\":\"4000.00\",\"a013_valor_fracao\":\"0.00\",\"a013_valor_extra\":\"0.01\",\"a013_valor_comissao\":\"0.01\",\"a013_periodicidade_reajuste\":\"12\",\"a013_indice_reajuste\":\"IGPM\",\"a013_prazo_recisao\":\"60\",\"a013_custo_recisao_antecipada\":\"0.01\",\"a013_obs_custo_revisao_antec\":\"Aviso previo de 60 dias\",\"a013_conta_contabil\":\"1\",\"a013_centro_custo\":\"1\",\"a001_id_usuario\":\"52\",\"a013_obs_contrato\":\"observa\\u00e7\\u00f5es gerais\",\"a013_assinatura\":null,\"a013_status\":\"A\",\"a013_data_cancelado\":null,\"a013_aceita_termo\":0,\"a001_id_usuario_cancelou\":null,\"a013_id_contrato_original\":null,\"list_documentos\":\"\",\"list_vencimentos\":\"1- Tipo Vencimento:30 Dias; Valor:400.00; Id Contrato:5;       \",\"created_at_user\":52,\"updated_at_user\":52,\"a013_data_renovacao\":null}','2021-01-17 12:39:34','2021-01-17 12:39:34',52,52,NULL),(19,10,'2021-01-25 09:24:57',52,'{\"a013_recorrencia\":\"mensal\",\"a005_id_empresa\":\"82\",\"a005_id_empresa_cli_for\":\"98\",\"a010_id_tipo_contrato\":\"20\",\"a011_id_area\":\"38\",\"a013_numero_contrato\":\"pm123\",\"a013_classificacao\":\"P\",\"a013_finalidade\":\"asdfasdf\",\"a013_prazo_contrato\":\"730\",\"a013_data_inicio\":\"2021-03-01\",\"a013_data_fim\":\"2023-03-01\",\"a013_dias_vencimento\":\"20\",\"a013_valor_total_contrato\":\"24\",\"a013_valor_fracao\":\"1000.00\",\"a013_valor_extra\":\"0.00\",\"a013_valor_comissao\":\"0.00\",\"a013_periodicidade_reajuste\":null,\"a013_indice_reajuste\":null,\"a013_prazo_recisao\":null,\"a013_custo_recisao_antecipada\":null,\"a013_obs_custo_revisao_antec\":null,\"a013_conta_contabil\":null,\"a013_centro_custo\":null,\"a001_id_usuario\":\"52\",\"a013_obs_contrato\":null,\"a013_assinatura\":null,\"a013_status\":\"A\",\"a013_data_cancelado\":null,\"a013_aceita_termo\":null,\"a001_id_usuario_cancelou\":null,\"a013_id_contrato_original\":null,\"list_documentos\":\"\",\"list_vencimentos\":\"\",\"created_at_user\":52,\"updated_at_user\":52,\"a013_data_renovacao\":null}','2021-01-25 12:24:57','2021-01-25 12:24:57',52,52,NULL),(22,8,'2021-05-11 06:43:57',76,'{\"a013_recorrencia\":\"mensal\",\"a005_id_empresa\":\"84\",\"a005_id_empresa_cli_for\":\"96\",\"a010_id_tipo_contrato\":\"17\",\"a013_numero_contrato\":\"adsasdasdsad\",\"a013_classificacao\":\"P\",\"a013_prazo_contrato\":\"2\",\"a013_data_inicio\":\"2020-12-12\",\"a013_data_fim\":\"2020-12-14\",\"a013_dias_vencimento\":\"1\",\"a013_valor_total_contrato\":\"0.00\",\"a013_valor_fracao\":\"0.00\",\"a013_valor_extra\":\"0.00\",\"a013_valor_comissao\":\"0.00\",\"a013_periodicidade_reajuste\":null,\"a013_indice_reajuste\":null,\"a013_prazo_recisao\":null,\"a013_custo_recisao_antecipada\":\"0.00\",\"a013_obs_custo_revisao_antec\":null,\"a013_obs_contrato\":null,\"a013_assinatura\":null,\"a013_status\":\"A\",\"a013_data_cancelado\":null,\"a013_aceita_termo\":0,\"a001_id_usuario_cancelou\":null,\"a013_id_contrato_original\":null,\"list_documentos\":\"\",\"list_vencimentos\":\"\",\"a013_data_renovacao\":null}','2021-05-11 09:43:57','2021-05-11 09:43:57',76,76,'{\"a013_prazo_contrato\":11,\"a013_data_fim\":\"2020-12-23\",\"a013_recorrencia\":null}'),(23,11,'2021-05-26 01:00:41',50,'{\"a013_recorrencia\":\"mensal\",\"a005_id_empresa\":\"49\",\"a005_id_empresa_cli_for\":\"105\",\"a010_id_tipo_contrato\":\"11\",\"a013_numero_contrato\":\"382021\",\"a013_classificacao\":\"P\",\"a013_prazo_contrato\":\"60\",\"a013_data_inicio\":\"2021-02-24\",\"a013_data_fim\":\"2021-04-25\",\"a013_dias_vencimento\":\"23\",\"a013_valor_total_contrato\":\"3922\",\"a013_valor_fracao\":\"1961.00\",\"a013_valor_extra\":\"0.00\",\"a013_valor_comissao\":\"0.00\",\"a013_periodicidade_reajuste\":null,\"a013_indice_reajuste\":null,\"a013_prazo_recisao\":null,\"a013_custo_recisao_antecipada\":null,\"a013_obs_custo_revisao_antec\":null,\"a013_obs_contrato\":\"Contrato por prazo de 90 dias corridos em 4 parcelas de 1961,00 - total de 7846,00\",\"a013_assinatura\":null,\"a013_status\":\"A\",\"a013_data_cancelado\":null,\"a013_aceita_termo\":0,\"a001_id_usuario_cancelou\":null,\"a013_id_contrato_original\":null,\"list_documentos\":\"\",\"list_vencimentos\":\"\",\"a013_data_renovacao\":null}','2021-05-26 04:00:41','2021-05-26 04:00:41',50,50,'{\"a013_classificacao\":\"S\",\"a013_prazo_contrato\":90,\"a013_data_fim\":\"2021-05-25\",\"a013_valor_total_contrato\":\"5.88\"}');
/*!40000 ALTER TABLE `t016_contrato_hist_alteracoes` ENABLE KEYS */;
UNLOCK TABLES;

--
-- Table structure for table `t017_contrato_tipo_vencimento`
--

DROP TABLE IF EXISTS `t017_contrato_tipo_vencimento`;
/*!40101 SET @saved_cs_client     = @@character_set_client */;
/*!40101 SET character_set_client = utf8 */;
CREATE TABLE `t017_contrato_tipo_vencimento` (
  `a017_id_vencimento` int(11) NOT NULL AUTO_INCREMENT,
  `a013_id_contrato` int(11) DEFAULT NULL,
  `a012_id_tipo_vencimento` int(11) DEFAULT NULL,
  `a017_valor` decimal(15,2) NOT NULL,
  `created_at` timestamp NOT NULL DEFAULT current_timestamp(),
  `updated_at` timestamp NULL DEFAULT current_timestamp() ON UPDATE current_timestamp(),
  `created_at_user` int(11) NOT NULL,
  `updated_at_user` int(11) DEFAULT NULL,
  PRIMARY KEY (`a017_id_vencimento`) USING BTREE,
  KEY `t017_contrato_vencimento_fk1` (`a013_id_contrato`) USING BTREE,
  KEY `t017_contrato_vencimento_fk2` (`a012_id_tipo_vencimento`) USING BTREE,
  CONSTRAINT `t017_contrato_vencimento_fk1` FOREIGN KEY (`a013_id_contrato`) REFERENCES `t013_contrato` (`a013_id_contrato`),
  CONSTRAINT `t017_contrato_vencimento_fk2` FOREIGN KEY (`a012_id_tipo_vencimento`) REFERENCES `t012_tipo_vencimento` (`a012_id_tipo_vencimento`)
) ENGINE=InnoDB AUTO_INCREMENT=6 DEFAULT CHARSET=utf8 ROW_FORMAT=DYNAMIC;
/*!40101 SET character_set_client = @saved_cs_client */;

--
-- Dumping data for table `t017_contrato_tipo_vencimento`
--

LOCK TABLES `t017_contrato_tipo_vencimento` WRITE;
/*!40000 ALTER TABLE `t017_contrato_tipo_vencimento` DISABLE KEYS */;
INSERT INTO `t017_contrato_tipo_vencimento` VALUES (5,5,13,400.00,'2021-01-17 12:39:34','2021-01-17 12:39:34',52,52);
/*!40000 ALTER TABLE `t017_contrato_tipo_vencimento` ENABLE KEYS */;
UNLOCK TABLES;

--
-- Table structure for table `t018_cotacao`
--

DROP TABLE IF EXISTS `t018_cotacao`;
/*!40101 SET @saved_cs_client     = @@character_set_client */;
/*!40101 SET character_set_client = utf8 */;
CREATE TABLE `t018_cotacao` (
  `a018_id_contacao` int(11) NOT NULL AUTO_INCREMENT,
  `a005_id_empresa` int(11) NOT NULL,
  `a018_o_que` varchar(200) NOT NULL,
  `a018_descricao` varchar(200) NOT NULL,
  `a018_porque` varchar(200) NOT NULL,
  `a018_para_quem` varchar(200) NOT NULL,
  `a018_data_prevista` date NOT NULL,
  `a018_entrega` varchar(200) NOT NULL,
  `a018_forma_pagamento` varchar(200) NOT NULL,
  `a018_onde` varchar(200) NOT NULL,
  `a018_notificar` varchar(200) NOT NULL,
  `a018_status` char(1) NOT NULL,
  `created_at` timestamp NULL DEFAULT current_timestamp(),
  `updated_at` timestamp NULL DEFAULT current_timestamp() ON UPDATE current_timestamp(),
  `created_at_user` int(11) DEFAULT NULL,
  `updated_at_user` int(11) DEFAULT NULL,
  `a018_data_cotacao` date NOT NULL,
  PRIMARY KEY (`a018_id_contacao`) USING BTREE,
  KEY `t018_cotacao_fk1` (`a005_id_empresa`) USING BTREE,
  CONSTRAINT `t018_cotacao_fk1` FOREIGN KEY (`a005_id_empresa`) REFERENCES `t005_empresa` (`a005_id_empresa`)
) ENGINE=InnoDB AUTO_INCREMENT=9 DEFAULT CHARSET=utf8 ROW_FORMAT=DYNAMIC;
/*!40101 SET character_set_client = @saved_cs_client */;

--
-- Dumping data for table `t018_cotacao`
--

LOCK TABLES `t018_cotacao` WRITE;
/*!40000 ALTER TABLE `t018_cotacao` DISABLE KEYS */;
INSERT INTO `t018_cotacao` VALUES (7,54,'memoria','pente de memória para notebook','upgrade de performance','diretor financeiro','2020-08-29','Setor de Informatica','asdf','rua horizonte , 30','lsisson@dealix.com.br','O','2020-08-06 18:47:35','2020-08-06 18:47:35',NULL,NULL,'2020-08-06'),(8,58,'Teste','teste','teste','teste','2020-08-26','dada','dada','dasda','denys@esfera.com.br','O','2020-08-10 17:32:29','2020-08-10 17:32:29',NULL,NULL,'2020-08-10');
/*!40000 ALTER TABLE `t018_cotacao` ENABLE KEYS */;
UNLOCK TABLES;

--
-- Table structure for table `t019_cotacao_upload`
--

DROP TABLE IF EXISTS `t019_cotacao_upload`;
/*!40101 SET @saved_cs_client     = @@character_set_client */;
/*!40101 SET character_set_client = utf8 */;
CREATE TABLE `t019_cotacao_upload` (
  `a019_id_upload` int(11) NOT NULL AUTO_INCREMENT,
  `a018_id_contacao` int(11) NOT NULL,
  `a019_url` varchar(200) NOT NULL,
  `created_at` timestamp NULL DEFAULT current_timestamp(),
  `updated_at` timestamp NULL DEFAULT current_timestamp() ON UPDATE current_timestamp(),
  `created_at_user` int(11) DEFAULT NULL,
  `updated_at_user` int(11) DEFAULT NULL,
  PRIMARY KEY (`a019_id_upload`) USING BTREE,
  KEY `t019_cotacao_upload_fk1` (`a018_id_contacao`) USING BTREE,
  CONSTRAINT `t019_cotacao_upload_fk1` FOREIGN KEY (`a018_id_contacao`) REFERENCES `t018_cotacao` (`a018_id_contacao`)
) ENGINE=InnoDB AUTO_INCREMENT=2 DEFAULT CHARSET=utf8 ROW_FORMAT=DYNAMIC;
/*!40101 SET character_set_client = @saved_cs_client */;

--
-- Dumping data for table `t019_cotacao_upload`
--

LOCK TABLES `t019_cotacao_upload` WRITE;
/*!40000 ALTER TABLE `t019_cotacao_upload` DISABLE KEYS */;
/*!40000 ALTER TABLE `t019_cotacao_upload` ENABLE KEYS */;
UNLOCK TABLES;

--
-- Table structure for table `t020_cotacao_fornecedor`
--

DROP TABLE IF EXISTS `t020_cotacao_fornecedor`;
/*!40101 SET @saved_cs_client     = @@character_set_client */;
/*!40101 SET character_set_client = utf8 */;
CREATE TABLE `t020_cotacao_fornecedor` (
  `a020_id_cotacao_fornecedor` int(11) NOT NULL AUTO_INCREMENT,
  `a018_id_contacao` int(11) NOT NULL,
  `a005_id_empresa` int(11) DEFAULT NULL,
  `a020_email_outro_fornecedor` varchar(200) DEFAULT NULL,
  `a020_data_entrega` date DEFAULT NULL,
  `a020_valor` decimal(15,2) DEFAULT NULL,
  `a020_obs` varchar(500) DEFAULT NULL,
  `a020_status` char(1) DEFAULT NULL,
  `created_at` timestamp NULL DEFAULT current_timestamp(),
  `updated_at` timestamp NULL DEFAULT current_timestamp() ON UPDATE current_timestamp(),
  `created_at_user` int(11) DEFAULT NULL,
  `updated_at_user` int(11) DEFAULT NULL,
  PRIMARY KEY (`a020_id_cotacao_fornecedor`) USING BTREE,
  KEY `T020_cotacao_fornecedor_fk1` (`a018_id_contacao`) USING BTREE,
  KEY `T020_cotacao_fornecedor_fk2` (`a005_id_empresa`) USING BTREE,
  CONSTRAINT `T020_cotacao_fornecedor_fk1` FOREIGN KEY (`a018_id_contacao`) REFERENCES `t018_cotacao` (`a018_id_contacao`),
  CONSTRAINT `T020_cotacao_fornecedor_fk2` FOREIGN KEY (`a005_id_empresa`) REFERENCES `t005_empresa` (`a005_id_empresa`)
) ENGINE=InnoDB AUTO_INCREMENT=4 DEFAULT CHARSET=utf8 ROW_FORMAT=DYNAMIC;
/*!40101 SET character_set_client = @saved_cs_client */;

--
-- Dumping data for table `t020_cotacao_fornecedor`
--

LOCK TABLES `t020_cotacao_fornecedor` WRITE;
/*!40000 ALTER TABLE `t020_cotacao_fornecedor` DISABLE KEYS */;
/*!40000 ALTER TABLE `t020_cotacao_fornecedor` ENABLE KEYS */;
UNLOCK TABLES;

--
-- Table structure for table `t021_cotacao_log`
--

DROP TABLE IF EXISTS `t021_cotacao_log`;
/*!40101 SET @saved_cs_client     = @@character_set_client */;
/*!40101 SET character_set_client = utf8 */;
CREATE TABLE `t021_cotacao_log` (
  `a021_id_cotacao_log` int(11) NOT NULL AUTO_INCREMENT,
  `a018_id_contacao` int(11) NOT NULL,
  `a021_data_alteracao` datetime NOT NULL,
  `a001_id_usuario` int(11) NOT NULL,
  `a021_log` text NOT NULL,
  `created_at` timestamp NULL DEFAULT current_timestamp(),
  `updated_at` timestamp NULL DEFAULT current_timestamp() ON UPDATE current_timestamp(),
  `created_at_user` int(11) DEFAULT NULL,
  `updated_at_user` int(11) DEFAULT NULL,
  PRIMARY KEY (`a021_id_cotacao_log`) USING BTREE,
  KEY `t021_cotacao_log_fk1` (`a018_id_contacao`) USING BTREE,
  CONSTRAINT `t021_cotacao_log_fk1` FOREIGN KEY (`a018_id_contacao`) REFERENCES `t018_cotacao` (`a018_id_contacao`)
) ENGINE=InnoDB AUTO_INCREMENT=10 DEFAULT CHARSET=utf8 ROW_FORMAT=DYNAMIC;
/*!40101 SET character_set_client = @saved_cs_client */;

--
-- Dumping data for table `t021_cotacao_log`
--

LOCK TABLES `t021_cotacao_log` WRITE;
/*!40000 ALTER TABLE `t021_cotacao_log` DISABLE KEYS */;
INSERT INTO `t021_cotacao_log` VALUES (8,7,'2020-08-06 15:47:35',55,'{\"a005_id_empresa\":\"54\",\"a018_o_que\":\"memoria\",\"a018_descricao\":\"pente de mem\\u00f3ria para notebook\",\"a018_porque\":\"upgrade de performance\",\"a018_para_quem\":\"diretor financeiro\",\"a018_data_prevista\":\"2020-08-29\",\"a018_status\":\"O\",\"a018_entrega\":\"Setor de Informatica\",\"a018_forma_pagamento\":\"asdf\",\"a018_onde\":\"rua horizonte , 30\",\"a018_notificar\":\"lsisson@dealix.com.br\",\"list_fornecedores\":\"\",\"list_upload\":\"\",\"a018_data_cotacao\":\"2020-08-06\"}','2020-08-06 18:47:35','2020-08-06 18:47:35',55,55),(9,8,'2020-08-10 14:32:29',59,'{\"a005_id_empresa\":\"58\",\"a018_o_que\":\"Teste\",\"a018_descricao\":\"teste\",\"a018_porque\":\"teste\",\"a018_para_quem\":\"teste\",\"a018_data_prevista\":\"2020-08-26\",\"a018_status\":\"O\",\"a018_entrega\":\"dada\",\"a018_forma_pagamento\":\"dada\",\"a018_onde\":\"dasda\",\"a018_notificar\":\"denys@esfera.com.br\",\"list_fornecedores\":\"\",\"list_upload\":\"\",\"a018_data_cotacao\":\"2020-08-10\"}','2020-08-10 17:32:29','2020-08-10 17:32:29',59,59);
/*!40000 ALTER TABLE `t021_cotacao_log` ENABLE KEYS */;
UNLOCK TABLES;

--
-- Table structure for table `t022_compromisso`
--

DROP TABLE IF EXISTS `t022_compromisso`;
/*!40101 SET @saved_cs_client     = @@character_set_client */;
/*!40101 SET character_set_client = utf8 */;
CREATE TABLE `t022_compromisso` (
  `a022_id_compromisso` int(11) NOT NULL AUTO_INCREMENT,
  `a005_id_empresa` int(11) NOT NULL,
  `a013_id_contrato` int(11) DEFAULT NULL,
  `a005_id_empresa_cli_for` int(11) DEFAULT NULL,
  `a022_classificacao` char(1) DEFAULT NULL,
  `a022_finalidade` varchar(1000) NOT NULL,
  `a022_data_vencimento` date NOT NULL,
  `a022_valor_pagar` decimal(15,2) DEFAULT NULL,
  `a022_uso_vital` int(11) DEFAULT 0,
  `a022_data_pagamento` date DEFAULT NULL,
  `a022_valor_pago` decimal(15,2) DEFAULT NULL,
  `a022_forma_pagamento` varchar(500) DEFAULT NULL,
  `a022_status` char(1) NOT NULL DEFAULT 'A',
  `created_at` timestamp NOT NULL DEFAULT current_timestamp(),
  `updated_at` timestamp NULL DEFAULT current_timestamp() ON UPDATE current_timestamp(),
  `created_at_user` int(11) NOT NULL,
  `updated_at_user` int(11) DEFAULT NULL,
  `a022_categorias` text DEFAULT NULL,
  `a022_tipo` int(11) NOT NULL,
  `a022_data_inicio` date DEFAULT NULL,
  `a022_data_fim` date DEFAULT NULL,
  `a022_recorrencia` varchar(50) DEFAULT NULL,
  PRIMARY KEY (`a022_id_compromisso`) USING BTREE,
  KEY `t022_compromisso_fk1` (`a005_id_empresa`) USING BTREE,
  KEY `t022_compromisso_fk2` (`a013_id_contrato`) USING BTREE,
  KEY `t022_compromisso_fk3` (`a005_id_empresa_cli_for`) USING BTREE,
  CONSTRAINT `t022_compromisso_fk1` FOREIGN KEY (`a005_id_empresa`) REFERENCES `t005_empresa` (`a005_id_empresa`),
  CONSTRAINT `t022_compromisso_fk2` FOREIGN KEY (`a013_id_contrato`) REFERENCES `t013_contrato` (`a013_id_contrato`),
  CONSTRAINT `t022_compromisso_fk3` FOREIGN KEY (`a005_id_empresa_cli_for`) REFERENCES `t005_empresa` (`a005_id_empresa`)
) ENGINE=InnoDB AUTO_INCREMENT=21 DEFAULT CHARSET=utf8 ROW_FORMAT=DYNAMIC;
/*!40101 SET character_set_client = @saved_cs_client */;

--
-- Dumping data for table `t022_compromisso`
--

LOCK TABLES `t022_compromisso` WRITE;
/*!40000 ALTER TABLE `t022_compromisso` DISABLE KEYS */;
INSERT INTO `t022_compromisso` VALUES (19,105,NULL,NULL,NULL,'TEste','2021-07-08',0.01,1,'2021-07-03',NULL,NULL,'A','2021-07-02 18:40:24','2021-07-02 18:40:24',93,93,NULL,2,'2001-11-11','2001-11-12','diario'),(20,105,NULL,NULL,NULL,'teste','2021-07-01',0.01,1,'2021-07-02',NULL,NULL,'A','2021-07-02 18:41:01','2021-07-02 18:41:01',93,93,NULL,2,'2012-11-11','2012-11-13','diario');
/*!40000 ALTER TABLE `t022_compromisso` ENABLE KEYS */;
UNLOCK TABLES;

--
-- Table structure for table `t023_compromisso_upload`
--

DROP TABLE IF EXISTS `t023_compromisso_upload`;
/*!40101 SET @saved_cs_client     = @@character_set_client */;
/*!40101 SET character_set_client = utf8 */;
CREATE TABLE `t023_compromisso_upload` (
  `a023_id_comprom_upload` int(11) NOT NULL AUTO_INCREMENT,
  `a022_id_compromisso` int(11) NOT NULL,
  `a023_descricao` varchar(200) NOT NULL,
  `a023_url` varchar(200) NOT NULL,
  `created_at` timestamp NOT NULL DEFAULT current_timestamp(),
  `updated_at` timestamp NULL DEFAULT current_timestamp() ON UPDATE current_timestamp(),
  `created_at_user` int(11) NOT NULL,
  `updated_at_user` int(11) DEFAULT NULL,
  PRIMARY KEY (`a023_id_comprom_upload`) USING BTREE,
  KEY `t023_compromisso_upload_fk1` (`a022_id_compromisso`) USING BTREE,
  CONSTRAINT `t023_compromisso_upload_fk1` FOREIGN KEY (`a022_id_compromisso`) REFERENCES `t022_compromisso` (`a022_id_compromisso`)
) ENGINE=InnoDB AUTO_INCREMENT=8 DEFAULT CHARSET=utf8 ROW_FORMAT=DYNAMIC;
/*!40101 SET character_set_client = @saved_cs_client */;

--
-- Dumping data for table `t023_compromisso_upload`
--

LOCK TABLES `t023_compromisso_upload` WRITE;
/*!40000 ALTER TABLE `t023_compromisso_upload` DISABLE KEYS */;
/*!40000 ALTER TABLE `t023_compromisso_upload` ENABLE KEYS */;
UNLOCK TABLES;

--
-- Table structure for table `t024_relacao_categorias_contrato`
--

DROP TABLE IF EXISTS `t024_relacao_categorias_contrato`;
/*!40101 SET @saved_cs_client     = @@character_set_client */;
/*!40101 SET character_set_client = utf8 */;
CREATE TABLE `t024_relacao_categorias_contrato` (
  `a013_id_contrato` int(11) NOT NULL,
  `a008_id_cat_contrato` int(11) NOT NULL,
  `a005_id_empresa` int(11) DEFAULT NULL,
  KEY `t024_relacao_categorias_contrato_a013_id_contrato_foreign` (`a013_id_contrato`),
  KEY `t024_relacao_categorias_contrato_a008_id_cat_contrato_foreign` (`a008_id_cat_contrato`)
) ENGINE=MyISAM DEFAULT CHARSET=utf8mb4 COLLATE=utf8mb4_unicode_ci;
/*!40101 SET character_set_client = @saved_cs_client */;

--
-- Dumping data for table `t024_relacao_categorias_contrato`
--

LOCK TABLES `t024_relacao_categorias_contrato` WRITE;
/*!40000 ALTER TABLE `t024_relacao_categorias_contrato` DISABLE KEYS */;
INSERT INTO `t024_relacao_categorias_contrato` VALUES (9,12,NULL),(9,15,NULL),(7,9,NULL),(5,9,NULL),(10,17,NULL),(11,18,NULL),(8,9,NULL),(12,9,NULL),(13,22,NULL);
/*!40000 ALTER TABLE `t024_relacao_categorias_contrato` ENABLE KEYS */;
UNLOCK TABLES;

--
-- Table structure for table `t025_empresa_documentos`
--

DROP TABLE IF EXISTS `t025_empresa_documentos`;
/*!40101 SET @saved_cs_client     = @@character_set_client */;
/*!40101 SET character_set_client = utf8 */;
CREATE TABLE `t025_empresa_documentos` (
  `a025_id_documento` bigint(20) unsigned NOT NULL AUTO_INCREMENT,
  `a005_id_empresa` int(11) NOT NULL,
  `a025_documento` varchar(255) COLLATE utf8mb4_unicode_ci NOT NULL,
  `a025_obs` varchar(255) COLLATE utf8mb4_unicode_ci DEFAULT NULL,
  `created_at` timestamp NULL DEFAULT NULL,
  `updated_at` timestamp NULL DEFAULT NULL,
  PRIMARY KEY (`a025_id_documento`),
  KEY `t025_empresa_documentos_a005_id_empresa_foreign` (`a005_id_empresa`)
) ENGINE=MyISAM AUTO_INCREMENT=2 DEFAULT CHARSET=utf8mb4 COLLATE=utf8mb4_unicode_ci;
/*!40101 SET character_set_client = @saved_cs_client */;

--
-- Dumping data for table `t025_empresa_documentos`
--

LOCK TABLES `t025_empresa_documentos` WRITE;
/*!40000 ALTER TABLE `t025_empresa_documentos` DISABLE KEYS */;
INSERT INTO `t025_empresa_documentos` VALUES (1,51,'/uploads/empresa/documentos/KXe6R51U2cu9_php71zhXK.pdf','teste1','2021-02-28 19:15:12','2021-02-28 19:15:12');
/*!40000 ALTER TABLE `t025_empresa_documentos` ENABLE KEYS */;
UNLOCK TABLES;

--
-- Table structure for table `t026_contrato_anotacoes`
--

DROP TABLE IF EXISTS `t026_contrato_anotacoes`;
/*!40101 SET @saved_cs_client     = @@character_set_client */;
/*!40101 SET character_set_client = utf8 */;
CREATE TABLE `t026_contrato_anotacoes` (
  `a026_id_anotacao` bigint(20) unsigned NOT NULL AUTO_INCREMENT,
  `a013_id_contrato` int(11) NOT NULL,
  `a001_id_usuario` int(11) NOT NULL,
  `a026_anotacao_titulo` varchar(255) COLLATE utf8mb4_unicode_ci NOT NULL,
  `a026_nome_usuario` varchar(255) COLLATE utf8mb4_unicode_ci NOT NULL,
  `a026_anotacao_descricao` text COLLATE utf8mb4_unicode_ci NOT NULL,
  `a026_anotacao_obs` text COLLATE utf8mb4_unicode_ci DEFAULT NULL,
  `a026_anotacao_aceite` tinyint(1) DEFAULT NULL,
  `a028_id_contrato_financeiro` int(11) DEFAULT NULL,
  `created_at` timestamp NULL DEFAULT NULL,
  `updated_at` timestamp NULL DEFAULT NULL,
  PRIMARY KEY (`a026_id_anotacao`),
  KEY `t026_contrato_anotacoes_a013_id_contrato_foreign` (`a013_id_contrato`),
  KEY `t026_contrato_anotacoes_a001_id_usuario_foreign` (`a001_id_usuario`)
) ENGINE=MyISAM AUTO_INCREMENT=12 DEFAULT CHARSET=utf8mb4 COLLATE=utf8mb4_unicode_ci;
/*!40101 SET character_set_client = @saved_cs_client */;

--
-- Dumping data for table `t026_contrato_anotacoes`
--

LOCK TABLES `t026_contrato_anotacoes` WRITE;
/*!40000 ALTER TABLE `t026_contrato_anotacoes` DISABLE KEYS */;
INSERT INTO `t026_contrato_anotacoes` VALUES (1,11,50,'atraso do pagamento 4a parcela','Luiz Sisson - Dealix (lsisson@dealix.com.br)','Pedi ao Alecs para aguardar o pagamento da ultima parcela, devido a dificuldade em receber de meus clientes e o mesmo concordou que seja feito até dia 10 do mes seguinte.',NULL,NULL,NULL,'2021-05-26 03:36:52','2021-05-26 03:36:52'),(2,11,50,'anotação nro 2','Luiz Sisson - Dealix (lsisson@dealix.com.br)','teste 2',NULL,NULL,NULL,'2021-05-26 03:43:16','2021-05-26 03:43:16'),(3,11,50,'pagamento final','Luiz Sisson - Dealix (lsisson@dealix.com.br)','combinado com Alecs que o pagamento final será guiado pelo contrato, ou seja, será efetuado ao ser entregue o ultimo topico do contrato.',NULL,NULL,NULL,'2021-06-22 01:01:04','2021-06-22 01:01:04'),(4,12,93,'teste','Alecs Design (alecsalvs@gmail.com)','teste',NULL,NULL,NULL,'2021-06-28 18:45:37','2021-06-28 18:45:37'),(5,13,50,'Upgrade de Valor','Luiz Sisson - Dealix (lsisson@dealix.com.br)','Em fev. de 2021 o contrato passou a ser no valor de 2030,00 devido reajuste do IPCA',NULL,NULL,NULL,'2022-02-14 17:11:47','2022-02-14 17:11:47'),(6,7,69,'Parcela adicional','José de Anchieta (willian.opiechon@gmail.com)','teste',NULL,NULL,1,'2022-06-08 11:02:30','2022-06-08 11:02:30'),(7,7,69,'Parcela adicional','José de Anchieta (willian.opiechon@gmail.com)','justificativa test',NULL,NULL,2,'2022-06-09 18:10:48','2022-06-09 18:10:48'),(8,7,69,'Parcela adicional','José de Anchieta (willian.opiechon@gmail.com)','ustificativa ss',NULL,NULL,3,'2022-06-09 18:37:30','2022-06-09 18:37:30'),(9,7,69,'Parcela adicional','José de Anchieta (willian.opiechon@gmail.com)','test Justificativa',NULL,NULL,4,'2022-06-09 18:38:51','2022-06-09 18:38:51'),(10,7,69,'Parcela adicional','José de Anchieta (willian.opiechon@gmail.com)','test Justificativa',NULL,NULL,5,'2022-06-09 18:39:41','2022-06-09 18:39:41'),(11,7,69,'Parcela adicional','José de Anchieta (willian.opiechon@gmail.com)','mais um teste',NULL,NULL,6,'2022-06-10 02:10:55','2022-06-10 02:10:55');
/*!40000 ALTER TABLE `t026_contrato_anotacoes` ENABLE KEYS */;
UNLOCK TABLES;

--
-- Table structure for table `t027_contrato_pendencias`
--

DROP TABLE IF EXISTS `t027_contrato_pendencias`;
/*!40101 SET @saved_cs_client     = @@character_set_client */;
/*!40101 SET character_set_client = utf8 */;
CREATE TABLE `t027_contrato_pendencias` (
  `a027_id_pendencia` bigint(20) unsigned NOT NULL AUTO_INCREMENT,
  `a013_id_contrato` int(11) NOT NULL,
  `a001_id_usuario` int(11) NOT NULL,
  `a005_id_empresa` int(11) NOT NULL,
  `a027_pendencia` varchar(255) COLLATE utf8mb4_unicode_ci NOT NULL,
  `a027_nome_usuario` varchar(255) COLLATE utf8mb4_unicode_ci NOT NULL,
  `a027_pendencia_aceite` tinyint(1) DEFAULT NULL,
  `created_at` timestamp NULL DEFAULT NULL,
  `updated_at` timestamp NULL DEFAULT NULL,
  PRIMARY KEY (`a027_id_pendencia`),
  KEY `t027_contrato_pendencias_a013_id_contrato_foreign` (`a013_id_contrato`),
  KEY `t027_contrato_pendencias_a001_id_usuario_foreign` (`a001_id_usuario`),
  KEY `t027_contrato_pendencias_a005_id_empresa_foreign` (`a005_id_empresa`)
) ENGINE=MyISAM AUTO_INCREMENT=4 DEFAULT CHARSET=utf8mb4 COLLATE=utf8mb4_unicode_ci;
/*!40101 SET character_set_client = @saved_cs_client */;

--
-- Dumping data for table `t027_contrato_pendencias`
--

LOCK TABLES `t027_contrato_pendencias` WRITE;
/*!40000 ALTER TABLE `t027_contrato_pendencias` DISABLE KEYS */;
INSERT INTO `t027_contrato_pendencias` VALUES (1,11,50,49,'2000','Luiz Sisson - Dealix (lsisson@dealix.com.br)',NULL,'2021-05-26 03:43:55','2021-05-26 03:43:55'),(2,12,93,105,'teste','Alecs Design (alecsalvs@gmail.com)',0,'2021-06-28 18:58:10','2021-06-28 19:02:42'),(3,13,50,49,'proposta formalizada','Luiz Sisson - Dealix (lsisson@dealix.com.br)',NULL,'2022-02-14 17:19:07','2022-02-14 17:19:07');
/*!40000 ALTER TABLE `t027_contrato_pendencias` ENABLE KEYS */;
UNLOCK TABLES;

--
-- Table structure for table `t028_contrato_financeiro`
--

DROP TABLE IF EXISTS `t028_contrato_financeiro`;
/*!40101 SET @saved_cs_client     = @@character_set_client */;
/*!40101 SET character_set_client = utf8 */;
CREATE TABLE `t028_contrato_financeiro` (
  `a028_id_contrato_financeiro` bigint(20) unsigned NOT NULL AUTO_INCREMENT,
  `a013_id_contrato` int(11) NOT NULL,
  `a005_id_empresa` int(11) NOT NULL,
  `a028_valor_fracao` decimal(15,2) NOT NULL,
  `a028_recorrencia` varchar(10) COLLATE utf8mb4_unicode_ci DEFAULT NULL,
  `a028_valor_comissao` decimal(15,2) DEFAULT NULL,
  `a028_valor_extra` decimal(15,2) DEFAULT NULL,
  `a028_valor_total_contrato` decimal(15,2) NOT NULL,
  `a028_justificativa` varchar(255) COLLATE utf8mb4_unicode_ci DEFAULT NULL,
  `a028_data_cobranca` date DEFAULT NULL,
  `a028_documento` varchar(255) COLLATE utf8mb4_unicode_ci DEFAULT NULL,
  `a028_status` tinyint(1) DEFAULT NULL,
  `a028_created_by_email` varchar(255) COLLATE utf8mb4_unicode_ci NOT NULL,
  `created_at` timestamp NULL DEFAULT NULL,
  `updated_at` timestamp NULL DEFAULT NULL,
  PRIMARY KEY (`a028_id_contrato_financeiro`),
  KEY `t028_contrato_financeiro_a013_id_contrato_foreign` (`a013_id_contrato`),
  KEY `t028_contrato_financeiro_a005_id_empresa_foreign` (`a005_id_empresa`)
) ENGINE=MyISAM AUTO_INCREMENT=7 DEFAULT CHARSET=utf8mb4 COLLATE=utf8mb4_unicode_ci;
/*!40101 SET character_set_client = @saved_cs_client */;

--
-- Dumping data for table `t028_contrato_financeiro`
--

LOCK TABLES `t028_contrato_financeiro` WRITE;
/*!40000 ALTER TABLE `t028_contrato_financeiro` DISABLE KEYS */;
INSERT INTO `t028_contrato_financeiro` VALUES (1,7,51,15.55,NULL,0.01,0.01,4000.00,'teste','2023-01-01',NULL,2,'willian.opiechon@gmail.com','2022-06-08 11:02:30','2022-06-08 11:02:30'),(2,7,51,150.75,NULL,0.15,2.55,4000.00,'justificativa test','2022-01-01',NULL,2,'willian.opiechon@gmail.com','2022-06-09 18:10:48','2022-06-09 18:10:48'),(3,7,51,1578.99,NULL,1.55,0.20,4000.00,'ustificativa ss','2023-01-01',NULL,2,'willian.opiechon@gmail.com','2022-06-09 18:37:30','2022-06-09 18:37:30'),(4,7,51,1547.77,NULL,10.00,0.02,4000.00,'test Justificativa','2023-01-01',NULL,2,'willian.opiechon@gmail.com','2022-06-09 18:38:51','2022-06-09 18:38:51'),(5,7,51,1547.77,NULL,10.00,0.02,4000.00,'test Justificativa','2023-01-01',NULL,2,'willian.opiechon@gmail.com','2022-06-09 18:39:41','2022-06-09 18:39:41'),(6,7,51,9.95,NULL,10.00,11.11,4000.00,'mais um teste','2025-01-01',NULL,2,'willian.opiechon@gmail.com','2022-06-10 02:10:55','2022-06-10 02:10:55');
/*!40000 ALTER TABLE `t028_contrato_financeiro` ENABLE KEYS */;
UNLOCK TABLES;

--
-- Table structure for table `t029_contrato_contato`
--

DROP TABLE IF EXISTS `t029_contrato_contato`;
/*!40101 SET @saved_cs_client     = @@character_set_client */;
/*!40101 SET character_set_client = utf8 */;
CREATE TABLE `t029_contrato_contato` (
  `a029_id_contrato_contato` int(10) unsigned NOT NULL AUTO_INCREMENT,
  `a013_id_contrato` int(11) NOT NULL,
  `a029_tipo_contato` varchar(255) COLLATE utf8mb4_unicode_ci NOT NULL,
  `a029_nome` varchar(255) COLLATE utf8mb4_unicode_ci NOT NULL,
  `a029_email` varchar(255) COLLATE utf8mb4_unicode_ci DEFAULT NULL,
  `a029_fone` varchar(255) COLLATE utf8mb4_unicode_ci DEFAULT NULL,
  `a029_status` tinyint(1) NOT NULL,
  `created_at_user` int(11) NOT NULL,
  `updated_at_user` int(11) DEFAULT NULL,
  `created_at` timestamp NULL DEFAULT NULL,
  `updated_at` timestamp NULL DEFAULT NULL,
  PRIMARY KEY (`a029_id_contrato_contato`)
) ENGINE=MyISAM DEFAULT CHARSET=utf8mb4 COLLATE=utf8mb4_unicode_ci;
/*!40101 SET character_set_client = @saved_cs_client */;

--
-- Dumping data for table `t029_contrato_contato`
--

LOCK TABLES `t029_contrato_contato` WRITE;
/*!40000 ALTER TABLE `t029_contrato_contato` DISABLE KEYS */;
/*!40000 ALTER TABLE `t029_contrato_contato` ENABLE KEYS */;
UNLOCK TABLES;

--
-- Table structure for table `t030_campos_exclusivos`
--

DROP TABLE IF EXISTS `t030_campos_exclusivos`;
/*!40101 SET @saved_cs_client     = @@character_set_client */;
/*!40101 SET character_set_client = utf8 */;
CREATE TABLE `t030_campos_exclusivos` (
  `a030_id_campo` int(10) unsigned NOT NULL AUTO_INCREMENT,
  `a030_secao` varchar(255) COLLATE utf8mb4_unicode_ci NOT NULL,
  `a030_identificador` varchar(255) COLLATE utf8mb4_unicode_ci NOT NULL,
  `a030_valor_identificador` varchar(255) COLLATE utf8mb4_unicode_ci NOT NULL,
  `a030_campo` varchar(255) COLLATE utf8mb4_unicode_ci NOT NULL,
  `a030_valor` varchar(255) COLLATE utf8mb4_unicode_ci NOT NULL,
  `a005_id_empresa` int(11) NOT NULL,
  `created_at` timestamp NULL DEFAULT NULL,
  `updated_at` timestamp NULL DEFAULT NULL,
  PRIMARY KEY (`a030_id_campo`)
) ENGINE=MyISAM DEFAULT CHARSET=utf8mb4 COLLATE=utf8mb4_unicode_ci;
/*!40101 SET character_set_client = @saved_cs_client */;

--
-- Dumping data for table `t030_campos_exclusivos`
--

LOCK TABLES `t030_campos_exclusivos` WRITE;
/*!40000 ALTER TABLE `t030_campos_exclusivos` DISABLE KEYS */;
/*!40000 ALTER TABLE `t030_campos_exclusivos` ENABLE KEYS */;
UNLOCK TABLES;

--
-- Table structure for table `t047_cidade`
--

DROP TABLE IF EXISTS `t047_cidade`;
/*!40101 SET @saved_cs_client     = @@character_set_client */;
/*!40101 SET character_set_client = utf8 */;
CREATE TABLE `t047_cidade` (
  `a047_id_cidade` int(11) NOT NULL AUTO_INCREMENT COMMENT 'código da cidade',
  `a047_nome_cidade` varchar(1000) CHARACTER SET latin1 NOT NULL COMMENT 'nome da cidade',
  `a048_id_estado` int(11) NOT NULL COMMENT 'código do estado que a cidade faz parte',
  `created_at` timestamp NOT NULL DEFAULT current_timestamp(),
  `updated_at` timestamp NOT NULL DEFAULT current_timestamp(),
  `created_at_user` int(11) DEFAULT NULL,
  `updated_at_user` int(11) DEFAULT NULL,
  `a049_id_pais` int(11) DEFAULT NULL,
  PRIMARY KEY (`a047_id_cidade`) USING BTREE,
  KEY `idx_t007_cidade` (`a048_id_estado`) USING BTREE,
  KEY `idx_t007_cidade_a009_id_pais` (`a049_id_pais`) USING BTREE,
  CONSTRAINT `fk_t007_cidade_t009_pais` FOREIGN KEY (`a049_id_pais`) REFERENCES `t049_pais` (`a049_id_pais`) ON DELETE NO ACTION ON UPDATE NO ACTION,
  CONSTRAINT `fk_t047_cidade_t048_estado` FOREIGN KEY (`a048_id_estado`) REFERENCES `t048_estado` (`a048_id_estado`) ON DELETE NO ACTION ON UPDATE NO ACTION
) ENGINE=InnoDB AUTO_INCREMENT=5573 DEFAULT CHARSET=utf8 ROW_FORMAT=DYNAMIC;
/*!40101 SET character_set_client = @saved_cs_client */;

--
-- Dumping data for table `t047_cidade`
--

LOCK TABLES `t047_cidade` WRITE;
/*!40000 ALTER TABLE `t047_cidade` DISABLE KEYS */;
INSERT INTO `t047_cidade` VALUES (1,'Curitiba',2,'2017-12-26 17:36:44','2017-12-26 15:36:44',2,2,5),(4,'Alta Floresta D\'Oeste',26,'2018-02-02 14:15:13','2019-04-22 17:47:41',2,NULL,5),(5,'Ariquemes',26,'2018-02-02 14:15:13','2019-04-22 17:47:41',2,NULL,5),(6,'Cabixi',26,'2018-02-02 14:15:13','2019-04-22 17:47:42',2,NULL,5),(7,'Cacoal',26,'2018-02-02 14:15:14','2019-04-22 17:47:42',2,NULL,5),(8,'Cerejeiras',26,'2018-02-02 14:15:14','2019-04-22 17:47:42',2,NULL,5),(9,'Colorado do Oeste',26,'2018-02-02 14:15:14','2019-04-22 17:47:43',2,NULL,5),(10,'Corumbiara',26,'2018-02-02 14:15:15','2019-04-22 17:47:43',2,NULL,5),(11,'Costa Marques',26,'2018-02-02 14:15:15','2019-04-22 17:47:43',2,NULL,5),(12,'Espigão D\'Oeste',26,'2018-02-02 14:15:16','2019-04-22 17:47:44',2,NULL,5),(13,'Guajará-Mirim',26,'2018-02-02 14:15:16','2019-04-22 17:47:44',2,NULL,5),(14,'Jaru',26,'2018-02-02 14:15:16','2019-04-22 17:47:45',2,NULL,5),(15,'Ji-Paraná',26,'2018-02-02 14:15:17','2019-04-22 17:47:45',2,NULL,5),(16,'Machadinho D\'Oeste',26,'2018-02-02 14:15:17','2019-04-22 17:47:45',2,NULL,5),(17,'Nova Brasilândia D\'Oeste',26,'2018-02-02 14:15:17','2019-04-22 17:47:46',2,NULL,5),(18,'Ouro Preto do Oeste',26,'2018-02-02 14:15:18','2019-04-22 17:47:46',2,NULL,5),(19,'Pimenta Bueno',26,'2018-02-02 14:15:18','2019-04-22 17:47:46',2,NULL,5),(20,'Porto Velho',26,'2018-02-02 14:15:18','2019-04-22 17:47:47',2,NULL,5),(21,'Presidente Médici',26,'2018-02-02 14:15:19','2019-04-22 17:47:47',2,NULL,5),(22,'Rio Crespo',26,'2018-02-02 14:15:19','2019-04-22 17:47:47',2,NULL,5),(23,'Rolim de Moura',26,'2018-02-02 14:15:19','2019-04-22 17:47:48',2,NULL,5),(24,'Santa Luzia D\'Oeste',26,'2018-02-02 14:15:20','2019-04-22 17:47:48',2,NULL,5),(25,'Vilhena',26,'2018-02-02 14:15:20','2019-04-22 17:47:48',2,NULL,5),(26,'São Miguel do Guaporé',26,'2018-02-02 14:15:21','2019-04-22 17:47:49',2,NULL,5),(27,'Nova Mamoré',26,'2018-02-02 14:15:21','2019-04-22 17:47:49',2,NULL,5),(28,'Alvorada D\'Oeste',26,'2018-02-02 14:15:21','2019-04-22 17:47:50',2,NULL,5),(29,'Alto Alegre dos Parecis',26,'2018-02-02 14:15:22','2019-04-22 17:47:50',2,NULL,5),(30,'Alto Paraíso',26,'2018-02-02 14:15:22','2019-04-22 17:47:50',2,NULL,5),(31,'Buritis',26,'2018-02-02 14:15:22','2019-04-22 17:47:51',2,NULL,5),(32,'Novo Horizonte do Oeste',26,'2018-02-02 14:15:23','2019-04-22 17:47:51',2,NULL,5),(33,'Cacaulândia',26,'2018-02-02 14:15:23','2019-04-22 17:47:51',2,NULL,5),(34,'Campo Novo de Rondônia',26,'2018-02-02 14:15:23','2019-04-22 17:47:52',2,NULL,5),(35,'Candeias do Jamari',26,'2018-02-02 14:15:24','2019-04-22 17:47:52',2,NULL,5),(36,'Castanheiras',26,'2018-02-02 14:15:24','2019-04-22 17:47:52',2,NULL,5),(37,'Chupinguaia',26,'2018-02-02 14:15:24','2019-04-22 17:47:53',2,NULL,5),(38,'Cujubim',26,'2018-02-02 14:15:25','2019-04-22 17:47:53',2,NULL,5),(39,'Governador Jorge Teixeira',26,'2018-02-02 14:15:25','2019-04-22 17:47:54',2,NULL,5),(40,'Itapuã do Oeste',26,'2018-02-02 14:15:25','2019-04-22 17:47:54',2,NULL,5),(41,'Ministro Andreazza',26,'2018-02-02 14:15:26','2019-04-22 17:47:54',2,NULL,5),(42,'Mirante da Serra',26,'2018-02-02 14:15:26','2019-04-22 17:47:55',2,NULL,5),(43,'Monte Negro',26,'2018-02-02 14:15:26','2019-04-22 17:47:55',2,NULL,5),(44,'Nova União',26,'2018-02-02 14:15:27','2019-04-22 17:47:55',2,NULL,5),(45,'Parecis',26,'2018-02-02 14:15:27','2019-04-22 17:47:56',2,NULL,5),(46,'Pimenteiras do Oeste',26,'2018-02-02 14:15:28','2019-04-22 17:47:56',2,NULL,5),(47,'Primavera de Rondônia',26,'2018-02-02 14:15:28','2019-04-22 17:47:56',2,NULL,5),(48,'São Felipe D\'Oeste',26,'2018-02-02 14:15:28','2019-04-22 17:47:57',2,NULL,5),(49,'São Francisco do Guaporé',26,'2018-02-02 14:15:29','2019-04-22 17:47:57',2,NULL,5),(50,'Seringueiras',26,'2018-02-02 14:15:29','2019-04-22 17:47:58',2,NULL,5),(51,'Teixeirópolis',26,'2018-02-02 14:15:29','2019-04-22 17:47:58',2,NULL,5),(52,'Theobroma',26,'2018-02-02 14:15:30','2019-04-22 17:47:58',2,NULL,5),(53,'Urupá',26,'2018-02-02 14:15:30','2019-04-22 17:47:59',2,NULL,5),(54,'Vale do Anari',26,'2018-02-02 14:23:32','2019-04-22 17:47:59',2,NULL,5),(55,'Vale do Paraíso',26,'2018-02-02 14:23:33','2019-04-22 17:47:59',2,NULL,5),(56,'Acrelândia',5,'2018-02-02 14:25:08','2019-04-22 17:48:00',2,NULL,5),(57,'Assis Brasil',5,'2018-02-02 14:25:08','2019-04-22 17:48:00',2,NULL,5),(58,'Brasiléia',5,'2018-02-02 14:25:08','2019-04-22 17:48:00',2,NULL,5),(59,'Bujari',5,'2018-02-02 14:25:09','2019-04-22 17:48:01',2,NULL,5),(60,'Capixaba',5,'2018-02-02 14:25:09','2019-04-22 17:48:01',2,NULL,5),(61,'Cruzeiro do Sul',5,'2018-02-02 14:25:09','2019-04-22 17:48:01',2,NULL,5),(62,'Epitaciolândia',5,'2018-02-02 14:25:10','2019-04-22 17:48:02',2,NULL,5),(63,'Feijó',5,'2018-02-02 14:25:10','2019-04-22 17:48:02',2,NULL,5),(64,'Jordão',5,'2018-02-02 14:25:11','2019-04-22 17:48:03',2,NULL,5),(65,'Mâncio Lima',5,'2018-02-02 14:25:11','2019-04-22 17:48:03',2,NULL,5),(66,'Manoel Urbano',5,'2018-02-02 14:25:11','2019-04-22 17:48:03',2,NULL,5),(67,'Marechal Thaumaturgo',5,'2018-02-02 14:25:12','2019-04-22 17:48:04',2,NULL,5),(68,'Plácido de Castro',5,'2018-02-02 14:25:12','2019-04-22 17:48:04',2,NULL,5),(69,'Porto Walter',5,'2018-02-02 14:25:12','2019-04-22 17:48:04',2,NULL,5),(70,'Rio Branco',5,'2018-02-02 14:25:13','2019-04-22 17:48:05',2,NULL,5),(71,'Rodrigues Alves',5,'2018-02-02 14:25:13','2019-04-22 17:48:05',2,NULL,5),(72,'Santa Rosa do Purus',5,'2018-02-02 14:25:13','2019-04-22 17:48:05',2,NULL,5),(73,'Senador Guiomard',5,'2018-02-02 14:25:14','2019-04-22 17:48:06',2,NULL,5),(74,'Sena Madureira',5,'2018-02-02 14:25:14','2019-04-22 17:48:06',2,NULL,5),(75,'Tarauacá',5,'2018-02-02 14:25:15','2019-04-22 17:48:06',2,NULL,5),(76,'Xapuri',5,'2018-02-02 14:25:15','2019-04-22 17:48:07',2,NULL,5),(77,'Porto Acre',5,'2018-02-02 14:25:15','2019-04-22 17:48:07',2,NULL,5),(78,'Alvarães',8,'2018-02-02 14:26:53','2019-04-22 17:48:08',2,NULL,5),(79,'Amaturá',8,'2018-02-02 14:26:53','2019-04-22 17:48:08',2,NULL,5),(80,'Anamã',8,'2018-02-02 14:26:53','2019-04-22 17:48:08',2,NULL,5),(81,'Anori',8,'2018-02-02 14:26:54','2019-04-22 17:48:09',2,NULL,5),(82,'Apuí',8,'2018-02-02 14:26:54','2019-04-22 17:48:09',2,NULL,5),(83,'Atalaia do Norte',8,'2018-02-02 14:26:54','2019-04-22 17:48:09',2,NULL,5),(84,'Autazes',8,'2018-02-02 14:26:55','2019-04-22 17:48:10',2,NULL,5),(85,'Barcelos',8,'2018-02-02 14:26:55','2019-04-22 17:48:10',2,NULL,5),(86,'Barreirinha',8,'2018-02-02 14:26:55','2019-04-22 17:48:10',2,NULL,5),(87,'Benjamin Constant',8,'2018-02-02 14:26:56','2019-04-22 17:48:11',2,NULL,5),(88,'Beruri',8,'2018-02-02 14:26:56','2019-04-22 17:48:11',2,NULL,5),(89,'Boa Vista do Ramos',8,'2018-02-02 14:26:57','2019-04-22 17:48:11',2,NULL,5),(90,'Boca do Acre',8,'2018-02-02 14:26:57','2019-04-22 17:48:12',2,NULL,5),(91,'Borba',8,'2018-02-02 14:26:57','2019-04-22 17:48:12',2,NULL,5),(92,'Caapiranga',8,'2018-02-02 14:26:58','2019-04-22 17:48:13',2,NULL,5),(93,'Canutama',8,'2018-02-02 14:26:58','2019-04-22 17:48:13',2,NULL,5),(94,'Carauari',8,'2018-02-02 14:26:58','2019-04-22 17:48:13',2,NULL,5),(95,'Careiro',8,'2018-02-02 14:26:59','2019-04-22 17:48:14',2,NULL,5),(96,'Careiro da Várzea',8,'2018-02-02 14:26:59','2019-04-22 17:48:14',2,NULL,5),(97,'Coari',8,'2018-02-02 14:26:59','2019-04-22 17:48:14',2,NULL,5),(98,'Codajás',8,'2018-02-02 14:27:00','2019-04-22 17:48:15',2,NULL,5),(99,'Eirunepé',8,'2018-02-02 14:27:00','2019-04-22 17:48:15',2,NULL,5),(100,'Envira',8,'2018-02-02 14:27:00','2019-04-22 17:48:15',2,NULL,5),(101,'Fonte Boa',8,'2018-02-02 14:27:01','2019-04-22 17:48:16',2,NULL,5),(102,'Guajará',8,'2018-02-02 14:27:01','2019-04-22 17:48:16',2,NULL,5),(103,'Humaitá',8,'2018-02-02 14:27:02','2019-04-22 17:48:17',2,NULL,5),(104,'Ipixuna',8,'2018-02-02 14:27:02','2019-04-22 17:48:17',2,NULL,5),(105,'Iranduba',8,'2018-02-02 14:27:02','2019-04-22 17:48:17',2,NULL,5),(106,'Itacoatiara',8,'2018-02-02 14:27:03','2019-04-22 17:48:18',2,NULL,5),(107,'Itamarati',8,'2018-02-02 14:27:03','2019-04-22 17:48:18',2,NULL,5),(108,'Itapiranga',8,'2018-02-02 14:27:03','2019-04-22 17:48:18',2,NULL,5),(109,'Japurá',8,'2018-02-02 14:27:04','2019-04-22 17:48:19',2,NULL,5),(110,'Juruá',8,'2018-02-02 14:27:04','2019-04-22 17:48:19',2,NULL,5),(111,'Jutaí',8,'2018-02-02 14:27:05','2019-04-22 17:48:19',2,NULL,5),(112,'Lábrea',8,'2018-02-02 14:27:05','2019-04-22 17:48:20',2,NULL,5),(113,'Manacapuru',8,'2018-02-02 14:27:05','2019-04-22 17:48:20',2,NULL,5),(114,'Manaquiri',8,'2018-02-02 14:27:06','2019-04-22 17:48:20',2,NULL,5),(115,'Manaus',8,'2018-02-02 14:27:06','2019-04-22 17:48:21',2,NULL,5),(116,'Manicoré',8,'2018-02-02 14:27:06','2019-04-22 17:48:21',2,NULL,5),(117,'Maraã',8,'2018-02-02 14:27:07','2019-04-22 17:48:22',2,NULL,5),(118,'Maués',8,'2018-02-02 14:27:07','2019-04-22 17:48:22',2,NULL,5),(119,'Nhamundá',8,'2018-02-02 14:27:07','2019-04-22 17:48:22',2,NULL,5),(120,'Nova Olinda do Norte',8,'2018-02-02 14:27:08','2019-04-22 17:48:23',2,NULL,5),(121,'Novo Airão',8,'2018-02-02 14:27:08','2019-04-22 17:48:23',2,NULL,5),(122,'Novo Aripuanã',8,'2018-02-02 14:27:08','2019-04-22 17:48:23',2,NULL,5),(123,'Parintins',8,'2018-02-02 14:27:09','2019-04-22 17:48:24',2,NULL,5),(124,'Pauini',8,'2018-02-02 14:27:09','2019-04-22 17:48:24',2,NULL,5),(125,'Presidente Figueiredo',8,'2018-02-02 14:27:09','2019-04-22 17:48:24',2,NULL,5),(126,'Rio Preto da Eva',8,'2018-02-02 14:27:10','2019-04-22 17:48:25',2,NULL,5),(127,'Santa Isabel do Rio Negro',8,'2018-02-02 14:27:10','2019-04-22 17:48:25',2,NULL,5),(128,'Santo Antônio do Içá',8,'2018-02-02 14:27:10','2019-04-22 17:48:25',2,NULL,5),(129,'São Gabriel da Cachoeira',8,'2018-02-02 14:27:11','2019-04-22 17:48:26',2,NULL,5),(130,'São Paulo de Olivença',8,'2018-02-02 14:27:11','2019-04-22 17:48:26',2,NULL,5),(131,'São Sebastião do Uatumã',8,'2018-02-02 14:27:12','2019-04-22 17:48:27',2,NULL,5),(132,'Silves',8,'2018-02-02 14:27:12','2019-04-22 17:48:27',2,NULL,5),(133,'Tabatinga',8,'2018-02-02 14:27:12','2019-04-22 17:48:28',2,NULL,5),(134,'Tapauá',8,'2018-02-02 14:27:13','2019-04-22 17:48:28',2,NULL,5),(135,'Tefé',8,'2018-02-02 14:27:13','2019-04-22 17:48:28',2,NULL,5),(136,'Tonantins',8,'2018-02-02 14:27:13','2019-04-22 17:48:29',2,NULL,5),(137,'Uarini',8,'2018-02-02 14:27:14','2019-04-22 17:48:29',2,NULL,5),(138,'Urucará',8,'2018-02-02 14:27:14','2019-04-22 17:48:29',2,NULL,5),(139,'Urucurituba',8,'2018-02-02 14:27:14','2019-04-22 17:48:30',2,NULL,5),(140,'Amajari',27,'2018-02-02 14:32:22','2019-04-22 17:48:30',2,NULL,5),(141,'Alto Alegre',27,'2018-02-02 14:32:22','2019-04-22 17:48:30',2,NULL,5),(142,'Boa Vista',27,'2018-02-02 14:32:22','2019-04-22 17:48:31',2,NULL,5),(143,'Bonfim',27,'2018-02-02 14:32:23','2019-04-22 17:48:31',2,NULL,5),(144,'Cantá',27,'2018-02-02 14:32:23','2019-04-22 17:48:31',2,NULL,5),(145,'Caracaraí',27,'2018-02-02 14:32:23','2019-04-22 17:48:32',2,NULL,5),(146,'Caroebe',27,'2018-02-02 14:32:24','2019-04-22 17:48:32',2,NULL,5),(147,'Iracema',27,'2018-02-02 14:32:24','2019-04-22 17:48:33',2,NULL,5),(148,'Mucajaí',27,'2018-02-02 14:32:25','2019-04-22 17:48:33',2,NULL,5),(149,'Normandia',27,'2018-02-02 14:32:25','2019-04-22 17:48:33',2,NULL,5),(150,'Pacaraima',27,'2018-02-02 14:32:25','2019-04-22 17:48:34',2,NULL,5),(151,'Rorainópolis',27,'2018-02-02 14:32:26','2019-04-22 17:48:34',2,NULL,5),(152,'São João da Baliza',27,'2018-02-02 14:32:26','2019-04-22 17:48:34',2,NULL,5),(153,'São Luiz',27,'2018-02-02 14:32:26','2019-04-22 17:48:35',2,NULL,5),(154,'Uiramutã',27,'2018-02-02 14:32:27','2019-04-22 17:48:35',2,NULL,5),(155,'Abaetetuba',18,'2018-02-02 14:34:11','2019-04-22 17:48:35',2,NULL,5),(156,'Abel Figueiredo',18,'2018-02-02 14:34:11','2019-04-22 17:48:36',2,NULL,5),(157,'Acará',18,'2018-02-02 14:34:12','2019-04-22 17:48:36',2,NULL,5),(158,'Afuá',18,'2018-02-02 14:34:12','2019-04-22 17:48:36',2,NULL,5),(159,'Água Azul do Norte',18,'2018-02-02 14:34:12','2019-04-22 17:48:37',2,NULL,5),(160,'Alenquer',18,'2018-02-02 14:34:13','2019-04-22 17:48:37',2,NULL,5),(161,'Almeirim',18,'2018-02-02 14:34:13','2019-04-22 17:48:38',2,NULL,5),(162,'Altamira',18,'2018-02-02 14:34:13','2019-04-22 17:48:38',2,NULL,5),(163,'Anajás',18,'2018-02-02 14:34:14','2019-04-22 17:48:38',2,NULL,5),(164,'Ananindeua',18,'2018-02-02 14:34:14','2019-04-22 17:48:39',2,NULL,5),(165,'Anapu',18,'2018-02-02 14:34:14','2019-04-22 17:48:39',2,NULL,5),(166,'Augusto Corrêa',18,'2018-02-02 14:34:15','2019-04-22 17:48:39',2,NULL,5),(167,'Aurora do Pará',18,'2018-02-02 14:34:15','2019-04-22 17:48:40',2,NULL,5),(168,'Aveiro',18,'2018-02-02 14:34:15','2019-04-22 17:48:40',2,NULL,5),(169,'Bagre',18,'2018-02-02 14:34:16','2019-04-22 17:48:40',2,NULL,5),(170,'Baião',18,'2018-02-02 14:34:16','2019-04-22 17:48:41',2,NULL,5),(171,'Bannach',18,'2018-02-02 14:34:17','2019-04-22 17:48:41',2,NULL,5),(172,'Barcarena',18,'2018-02-02 14:34:17','2019-04-22 17:48:42',2,NULL,5),(173,'Belém',18,'2018-02-02 14:34:17','2019-04-22 17:48:42',2,NULL,5),(174,'Belterra',18,'2018-02-02 14:34:18','2019-04-22 17:48:42',2,NULL,5),(175,'Benevides',18,'2018-02-02 14:34:18','2019-04-22 17:48:43',2,NULL,5),(176,'Bom Jesus do Tocantins',18,'2018-02-02 14:34:18','2019-04-22 17:48:43',2,NULL,5),(177,'Bonito',18,'2018-02-02 14:34:19','2019-04-22 17:48:43',2,NULL,5),(178,'Bragança',18,'2018-02-02 14:34:19','2019-04-22 17:48:44',2,NULL,5),(179,'Brasil Novo',18,'2018-02-02 14:34:19','2019-04-22 17:48:44',2,NULL,5),(180,'Brejo Grande do Araguaia',18,'2018-02-02 14:34:20','2019-04-22 17:48:44',2,NULL,5),(181,'Breu Branco',18,'2018-02-02 14:34:20','2019-04-22 17:48:45',2,NULL,5),(182,'Breves',18,'2018-02-02 14:34:20','2019-04-22 17:48:45',2,NULL,5),(183,'Bujaru',18,'2018-02-02 14:34:21','2019-04-22 17:48:45',2,NULL,5),(184,'Cachoeira do Piriá',18,'2018-02-02 14:34:21','2019-04-22 17:48:46',2,NULL,5),(185,'Cachoeira do Arari',18,'2018-02-02 14:34:21','2019-04-22 17:48:46',2,NULL,5),(186,'Cametá',18,'2018-02-02 14:34:22','2019-04-22 17:48:47',2,NULL,5),(187,'Canaã dos Carajás',18,'2018-02-02 14:34:22','2019-04-22 17:48:47',2,NULL,5),(188,'Capanema',18,'2018-02-02 14:34:22','2019-04-22 17:48:47',2,NULL,5),(189,'Capitão Poço',18,'2018-02-02 14:34:23','2019-04-22 17:48:48',2,NULL,5),(190,'Castanhal',18,'2018-02-02 14:34:23','2019-04-22 17:48:48',2,NULL,5),(191,'Chaves',18,'2018-02-02 14:34:23','2019-04-22 17:48:48',2,NULL,5),(192,'Colares',18,'2018-02-02 14:34:24','2019-04-22 17:48:49',2,NULL,5),(193,'Conceição do Araguaia',18,'2018-02-02 14:34:24','2019-04-22 17:48:49',2,NULL,5),(194,'Concórdia do Pará',18,'2018-02-02 14:34:25','2019-04-22 17:48:49',2,NULL,5),(195,'Cumaru do Norte',18,'2018-02-02 14:34:25','2019-04-22 17:48:50',2,NULL,5),(196,'Curionópolis',18,'2018-02-02 14:34:25','2019-04-22 17:48:50',2,NULL,5),(197,'Curralinho',18,'2018-02-02 14:34:26','2019-04-22 17:48:50',2,NULL,5),(198,'Curuá',18,'2018-02-02 14:34:26','2019-04-22 17:48:51',2,NULL,5),(199,'Curuçá',18,'2018-02-02 14:34:26','2019-04-22 17:48:51',2,NULL,5),(200,'Dom Eliseu',18,'2018-02-02 14:34:27','2019-04-22 17:48:52',2,NULL,5),(201,'Eldorado dos Carajás',18,'2018-02-02 14:34:27','2019-04-22 17:48:52',2,NULL,5),(202,'Faro',18,'2018-02-02 14:34:27','2019-04-22 17:48:52',2,NULL,5),(203,'Floresta do Araguaia',18,'2018-02-02 14:34:28','2019-04-22 17:48:53',2,NULL,5),(204,'Garrafão do Norte',18,'2018-02-02 14:34:28','2019-04-22 17:48:53',2,NULL,5),(205,'Goianésia do Pará',18,'2018-02-02 14:34:28','2019-04-22 17:48:53',2,NULL,5),(206,'Gurupá',18,'2018-02-02 14:34:29','2019-04-22 17:48:54',2,NULL,5),(207,'Igarapé-Açu',18,'2018-02-02 14:34:29','2019-04-22 17:48:54',2,NULL,5),(208,'Igarapé-Miri',18,'2018-02-02 14:34:29','2019-04-22 17:48:55',2,NULL,5),(209,'Inhangapi',18,'2018-02-02 14:34:30','2019-04-22 17:48:55',2,NULL,5),(210,'Ipixuna do Pará',18,'2018-02-02 14:34:30','2019-04-22 17:48:55',2,NULL,5),(211,'Irituia',18,'2018-02-02 14:34:31','2019-04-22 17:48:56',2,NULL,5),(212,'Itaituba',18,'2018-02-02 14:34:31','2019-04-22 17:48:56',2,NULL,5),(213,'Itupiranga',18,'2018-02-02 14:34:31','2019-04-22 17:48:56',2,NULL,5),(214,'Jacareacanga',18,'2018-02-02 14:34:32','2019-04-22 17:48:57',2,NULL,5),(215,'Jacundá',18,'2018-02-02 14:34:32','2019-04-22 17:48:57',2,NULL,5),(216,'Juruti',18,'2018-02-02 14:34:32','2019-04-22 17:48:57',2,NULL,5),(217,'Limoeiro do Ajuru',18,'2018-02-02 14:34:33','2019-04-22 17:48:58',2,NULL,5),(218,'Mãe do Rio',18,'2018-02-02 14:34:33','2019-04-22 17:48:58',2,NULL,5),(219,'Magalhães Barata',18,'2018-02-02 14:34:34','2019-04-22 17:48:58',2,NULL,5),(220,'Marabá',18,'2018-02-02 14:34:34','2019-04-22 17:48:59',2,NULL,5),(221,'Maracanã',18,'2018-02-02 14:34:34','2019-04-22 17:48:59',2,NULL,5),(222,'Marapanim',18,'2018-02-02 14:34:35','2019-04-22 17:49:00',2,NULL,5),(223,'Marituba',18,'2018-02-02 14:34:35','2019-04-22 17:49:00',2,NULL,5),(224,'Medicilândia',18,'2018-02-02 14:34:35','2019-04-22 17:49:00',2,NULL,5),(225,'Melgaço',18,'2018-02-02 14:34:36','2019-04-22 17:49:01',2,NULL,5),(226,'Mocajuba',18,'2018-02-02 14:34:36','2019-04-22 17:49:01',2,NULL,5),(227,'Moju',18,'2018-02-02 14:34:36','2019-04-22 17:49:01',2,NULL,5),(228,'Mojuí dos Campos',18,'2018-02-02 14:34:37','2019-04-22 17:49:02',2,NULL,5),(229,'Monte Alegre',18,'2018-02-02 14:34:37','2019-04-22 17:49:02',2,NULL,5),(230,'Muaná',18,'2018-02-02 14:34:37','2019-04-22 17:49:03',2,NULL,5),(231,'Nova Esperança do Piriá',18,'2018-02-02 14:34:38','2019-04-22 17:49:03',2,NULL,5),(232,'Nova Ipixuna',18,'2018-02-02 14:34:38','2019-04-22 17:49:03',2,NULL,5),(233,'Nova Timboteua',18,'2018-02-02 14:34:38','2019-04-22 17:49:04',2,NULL,5),(234,'Novo Progresso',18,'2018-02-02 14:34:39','2019-04-22 17:49:04',2,NULL,5),(235,'Novo Repartimento',18,'2018-02-02 14:34:39','2019-04-22 17:49:04',2,NULL,5),(236,'Óbidos',18,'2018-02-02 14:34:39','2019-04-22 17:49:05',2,NULL,5),(237,'Oeiras do Pará',18,'2018-02-02 14:34:40','2019-04-22 17:49:05',2,NULL,5),(238,'Oriximiná',18,'2018-02-02 14:34:40','2019-04-22 17:49:05',2,NULL,5),(239,'Ourém',18,'2018-02-02 14:34:41','2019-04-22 17:49:06',2,NULL,5),(240,'Ourilândia do Norte',18,'2018-02-02 14:34:41','2019-04-22 17:49:06',2,NULL,5),(241,'Pacajá',18,'2018-02-02 14:34:41','2019-04-22 17:49:06',2,NULL,5),(242,'Palestina do Pará',18,'2018-02-02 14:34:42','2019-04-22 17:49:07',2,NULL,5),(243,'Paragominas',18,'2018-02-02 14:34:42','2019-04-22 17:49:07',2,NULL,5),(244,'Parauapebas',18,'2018-02-02 14:34:42','2019-04-22 17:49:08',2,NULL,5),(245,'Pau D\'Arco',18,'2018-02-02 14:34:43','2019-04-22 17:49:08',2,NULL,5),(246,'Peixe-Boi',18,'2018-02-02 14:34:43','2019-04-22 17:49:08',2,NULL,5),(247,'Piçarra',18,'2018-02-02 14:34:43','2019-04-22 17:49:09',2,NULL,5),(248,'Placas',18,'2018-02-02 14:34:44','2019-04-22 17:49:09',2,NULL,5),(249,'Ponta de Pedras',18,'2018-02-02 14:34:44','2019-04-22 17:49:09',2,NULL,5),(250,'Portel',18,'2018-02-02 14:34:44','2019-04-22 17:49:10',2,NULL,5),(251,'Porto de Moz',18,'2018-02-02 14:34:45','2019-04-22 17:49:10',2,NULL,5),(252,'Prainha',18,'2018-02-02 14:34:45','2019-04-22 17:49:10',2,NULL,5),(253,'Primavera',18,'2018-02-02 14:34:45','2019-04-22 17:49:11',2,NULL,5),(254,'Quatipuru',18,'2018-02-02 14:34:46','2019-04-22 17:49:11',2,NULL,5),(255,'Redenção',18,'2018-02-02 14:34:46','2019-04-22 17:49:12',2,NULL,5),(256,'Rio Maria',18,'2018-02-02 14:34:46','2019-04-22 17:49:12',2,NULL,5),(257,'Rondon do Pará',18,'2018-02-02 14:34:47','2019-04-22 17:49:12',2,NULL,5),(258,'Rurópolis',18,'2018-02-02 14:34:47','2019-04-22 17:49:13',2,NULL,5),(259,'Salinópolis',18,'2018-02-02 14:34:48','2019-04-22 17:49:13',2,NULL,5),(260,'Salvaterra',18,'2018-02-02 14:34:48','2019-04-22 17:49:13',2,NULL,5),(261,'Santa Bárbara do Pará',18,'2018-02-02 14:34:48','2019-04-22 17:49:14',2,NULL,5),(262,'Santa Cruz do Arari',18,'2018-02-02 14:34:49','2019-04-22 17:49:14',2,NULL,5),(263,'Santa Isabel do Pará',18,'2018-02-02 14:34:49','2019-04-22 17:49:14',2,NULL,5),(264,'Santa Luzia do Pará',18,'2018-02-02 14:34:49','2019-04-22 17:49:15',2,NULL,5),(265,'Santa Maria das Barreiras',18,'2018-02-02 14:34:50','2019-04-22 17:49:15',2,NULL,5),(266,'Santa Maria do Pará',18,'2018-02-02 14:34:50','2019-04-22 17:49:16',2,NULL,5),(267,'Santana do Araguaia',18,'2018-02-02 14:34:50','2019-04-22 17:49:16',2,NULL,5),(268,'Santarém',18,'2018-02-02 14:34:51','2019-04-22 17:49:16',2,NULL,5),(269,'Santarém Novo',18,'2018-02-02 14:34:51','2019-04-22 17:49:17',2,NULL,5),(270,'Santo Antônio do Tauá',18,'2018-02-02 14:34:51','2019-04-22 17:49:17',2,NULL,5),(271,'São Caetano de Odivelas',18,'2018-02-02 14:34:52','2019-04-22 17:49:17',2,NULL,5),(272,'São Domingos do Araguaia',18,'2018-02-02 14:34:52','2019-04-22 17:49:18',2,NULL,5),(273,'São Domingos do Capim',18,'2018-02-02 14:34:53','2019-04-22 17:49:18',2,NULL,5),(274,'São Félix do Xingu',18,'2018-02-02 14:34:53','2019-04-22 17:49:18',2,NULL,5),(275,'São Francisco do Pará',18,'2018-02-02 14:34:53','2019-04-22 17:49:19',2,NULL,5),(276,'São Geraldo do Araguaia',18,'2018-02-02 14:34:54','2019-04-22 17:49:19',2,NULL,5),(277,'São João da Ponta',18,'2018-02-02 14:34:54','2019-04-22 17:49:19',2,NULL,5),(278,'São João de Pirabas',18,'2018-02-02 14:34:54','2019-04-22 17:49:20',2,NULL,5),(279,'São João do Araguaia',18,'2018-02-02 14:34:55','2019-04-22 17:49:20',2,NULL,5),(280,'São Miguel do Guamá',18,'2018-02-02 14:34:55','2019-04-22 17:49:21',2,NULL,5),(281,'São Sebastião da Boa Vista',18,'2018-02-02 14:34:55','2019-04-22 17:49:21',2,NULL,5),(282,'Sapucaia',18,'2018-02-02 14:34:56','2019-04-22 17:49:21',2,NULL,5),(283,'Senador José Porfírio',18,'2018-02-02 14:34:56','2019-04-22 17:49:22',2,NULL,5),(284,'Soure',18,'2018-02-02 14:34:56','2019-04-22 17:49:22',2,NULL,5),(285,'Tailândia',18,'2018-02-02 14:34:57','2019-04-22 17:49:22',2,NULL,5),(286,'Terra Alta',18,'2018-02-02 14:34:57','2019-04-22 17:49:23',2,NULL,5),(287,'Terra Santa',18,'2018-02-02 14:34:57','2019-04-22 17:49:23',2,NULL,5),(288,'Tomé-Açu',18,'2018-02-02 14:34:58','2019-04-22 17:49:23',2,NULL,5),(289,'Tracuateua',18,'2018-02-02 14:34:58','2019-04-22 17:49:24',2,NULL,5),(290,'Trairão',18,'2018-02-02 14:34:58','2019-04-22 17:49:24',2,NULL,5),(291,'Tucumã',18,'2018-02-02 14:34:59','2019-04-22 17:49:24',2,NULL,5),(292,'Tucuruí',18,'2018-02-02 14:34:59','2019-04-22 17:49:25',2,NULL,5),(293,'Ulianópolis',18,'2018-02-02 14:35:00','2019-04-22 17:49:25',2,NULL,5),(294,'Uruará',18,'2018-02-02 14:35:00','2019-04-22 17:49:26',2,NULL,5),(295,'Vigia',18,'2018-02-02 14:35:00','2019-04-22 17:49:26',2,NULL,5),(296,'Viseu',18,'2018-02-02 14:35:01','2019-04-22 17:49:26',2,NULL,5),(297,'Vitória do Xingu',18,'2018-02-02 14:35:01','2019-04-22 17:49:27',2,NULL,5),(298,'Xinguara',18,'2018-02-02 14:35:01','2019-04-22 17:49:27',2,NULL,5),(299,'Serra do Navio',7,'2018-02-02 14:36:16','2019-04-22 17:49:27',2,NULL,5),(300,'Amapá',7,'2018-02-02 14:36:16','2019-04-22 17:49:28',2,NULL,5),(301,'Pedra Branca do Amapari',7,'2018-02-02 14:36:17','2019-04-22 17:49:28',2,NULL,5),(302,'Calçoene',7,'2018-02-02 14:36:17','2019-04-22 17:49:28',2,NULL,5),(303,'Cutias',7,'2018-02-02 14:36:17','2019-04-22 17:49:29',2,NULL,5),(304,'Ferreira Gomes',7,'2018-02-02 14:36:18','2019-04-22 17:49:29',2,NULL,5),(305,'Itaubal',7,'2018-02-02 14:36:18','2019-04-22 17:49:29',2,NULL,5),(306,'Laranjal do Jari',7,'2018-02-02 14:36:18','2019-04-22 17:49:30',2,NULL,5),(307,'Macapá',7,'2018-02-02 14:36:19','2019-04-22 17:49:30',2,NULL,5),(308,'Mazagão',7,'2018-02-02 14:36:19','2019-04-22 17:49:31',2,NULL,5),(309,'Oiapoque',7,'2018-02-02 14:36:19','2019-04-22 17:49:31',2,NULL,5),(310,'Porto Grande',7,'2018-02-02 14:36:20','2019-04-22 17:49:31',2,NULL,5),(311,'Pracuúba',7,'2018-02-02 14:36:20','2019-04-22 17:49:32',2,NULL,5),(312,'Santana',7,'2018-02-02 14:36:20','2019-04-22 17:49:32',2,NULL,5),(313,'Tartarugalzinho',7,'2018-02-02 14:36:21','2019-04-22 17:49:32',2,NULL,5),(314,'Vitória do Jari',7,'2018-02-02 14:36:21','2019-04-22 17:49:33',2,NULL,5),(315,'Abreulândia',31,'2018-02-02 14:37:46','2019-04-22 17:49:33',2,NULL,5),(316,'Aguiarnópolis',31,'2018-02-02 14:37:47','2019-04-22 17:49:33',2,NULL,5),(317,'Aliança do Tocantins',31,'2018-02-02 14:37:47','2019-04-22 17:49:34',2,NULL,5),(318,'Almas',31,'2018-02-02 14:37:47','2019-04-22 17:49:34',2,NULL,5),(319,'Alvorada',31,'2018-02-02 14:37:48','2019-04-22 17:49:35',2,NULL,5),(320,'Ananás',31,'2018-02-02 14:37:48','2019-04-22 17:49:35',2,NULL,5),(321,'Angico',31,'2018-02-02 14:37:49','2019-04-22 17:49:35',2,NULL,5),(322,'Aparecida do Rio Negro',31,'2018-02-02 14:37:49','2019-04-22 17:49:36',2,NULL,5),(323,'Aragominas',31,'2018-02-02 14:37:49','2019-04-22 17:49:36',2,NULL,5),(324,'Araguacema',31,'2018-02-02 14:37:50','2019-04-22 17:49:36',2,NULL,5),(325,'Araguaçu',31,'2018-02-02 14:37:50','2019-04-22 17:49:37',2,NULL,5),(326,'Araguaína',31,'2018-02-02 14:37:50','2019-04-22 17:49:37',2,NULL,5),(327,'Araguanã',31,'2018-02-02 14:37:51','2019-04-22 17:49:37',2,NULL,5),(328,'Araguatins',31,'2018-02-02 14:37:51','2019-04-22 17:49:38',2,NULL,5),(329,'Arapoema',31,'2018-02-02 14:37:52','2019-04-22 17:49:38',2,NULL,5),(330,'Arraias',31,'2018-02-02 14:37:52','2019-04-22 17:49:38',2,NULL,5),(331,'Augustinópolis',31,'2018-02-02 14:37:53','2019-04-22 17:49:39',2,NULL,5),(332,'Aurora do Tocantins',31,'2018-02-02 14:37:53','2019-04-22 17:49:39',2,NULL,5),(333,'Axixá do Tocantins',31,'2018-02-02 14:37:53','2019-04-22 17:49:40',2,NULL,5),(334,'Babaçulândia',31,'2018-02-02 14:37:54','2019-04-22 17:49:40',2,NULL,5),(335,'Bandeirantes do Tocantins',31,'2018-02-02 14:37:54','2019-04-22 17:49:40',2,NULL,5),(336,'Barra do Ouro',31,'2018-02-02 14:37:54','2019-04-22 17:49:41',2,NULL,5),(337,'Barrolândia',31,'2018-02-02 14:37:55','2019-04-22 17:49:41',2,NULL,5),(338,'Bernardo Sayão',31,'2018-02-02 14:37:55','2019-04-22 17:49:41',2,NULL,5),(339,'Bom Jesus do Tocantins',31,'2018-02-02 14:37:55','2019-04-22 17:49:42',2,NULL,5),(340,'Brasilândia do Tocantins',31,'2018-02-02 14:37:56','2019-04-22 17:49:42',2,NULL,5),(341,'Brejinho de Nazaré',31,'2018-02-02 14:37:56','2019-04-22 17:49:42',2,NULL,5),(342,'Buriti do Tocantins',31,'2018-02-02 14:37:56','2019-04-22 17:49:43',2,NULL,5),(343,'Cachoeirinha',31,'2018-02-02 14:37:57','2019-04-22 17:49:43',2,NULL,5),(344,'Campos Lindos',31,'2018-02-02 14:37:57','2019-04-22 17:49:43',2,NULL,5),(345,'Cariri do Tocantins',31,'2018-02-02 14:37:57','2019-04-22 17:49:44',2,NULL,5),(346,'Carmolândia',31,'2018-02-02 14:37:58','2019-04-22 17:49:44',2,NULL,5),(347,'Carrasco Bonito',31,'2018-02-02 14:37:58','2019-04-22 17:49:45',2,NULL,5),(348,'Caseara',31,'2018-02-02 14:37:59','2019-04-22 17:49:45',2,NULL,5),(349,'Centenário',31,'2018-02-02 14:37:59','2019-04-22 17:49:45',2,NULL,5),(350,'Chapada de Areia',31,'2018-02-02 14:37:59','2019-04-22 17:49:46',2,NULL,5),(351,'Chapada da Natividade',31,'2018-02-02 14:38:00','2019-04-22 17:49:46',2,NULL,5),(352,'Colinas do Tocantins',31,'2018-02-02 14:38:00','2019-04-22 17:49:46',2,NULL,5),(353,'Combinado',31,'2018-02-02 14:38:00','2019-04-22 17:49:47',2,NULL,5),(354,'Conceição do Tocantins',31,'2018-02-02 14:38:01','2019-04-22 17:49:47',2,NULL,5),(355,'Couto Magalhães',31,'2018-02-02 14:38:01','2019-04-22 17:49:47',2,NULL,5),(356,'Cristalândia',31,'2018-02-02 14:38:01','2019-04-22 17:49:48',2,NULL,5),(357,'Crixás do Tocantins',31,'2018-02-02 14:38:02','2019-04-22 17:49:48',2,NULL,5),(358,'Darcinópolis',31,'2018-02-02 14:38:02','2019-04-22 17:49:48',2,NULL,5),(359,'Dianópolis',31,'2018-02-02 14:38:02','2019-04-22 17:49:49',2,NULL,5),(360,'Divinópolis do Tocantins',31,'2018-02-02 14:38:03','2019-04-22 17:49:49',2,NULL,5),(361,'Dois Irmãos do Tocantins',31,'2018-02-02 14:38:03','2019-04-22 17:49:50',2,NULL,5),(362,'Dueré',31,'2018-02-02 14:38:03','2019-04-22 17:49:50',2,NULL,5),(363,'Esperantina',31,'2018-02-02 14:38:04','2019-04-22 17:49:50',2,NULL,5),(364,'Fátima',31,'2018-02-02 14:38:04','2019-04-22 17:49:51',2,NULL,5),(365,'Figueirópolis',31,'2018-02-02 14:38:04','2019-04-22 17:49:51',2,NULL,5),(366,'Filadélfia',31,'2018-02-02 14:38:05','2019-04-22 17:49:51',2,NULL,5),(367,'Formoso do Araguaia',31,'2018-02-02 14:38:05','2019-04-22 17:49:52',2,NULL,5),(368,'Fortaleza do Tabocão',31,'2018-02-02 14:38:06','2019-04-22 17:49:52',2,NULL,5),(369,'Goianorte',31,'2018-02-02 14:38:06','2019-04-22 17:49:52',2,NULL,5),(370,'Goiatins',31,'2018-02-02 14:38:06','2019-04-22 17:49:53',2,NULL,5),(371,'Guaraí',31,'2018-02-02 14:38:07','2019-04-22 17:49:53',2,NULL,5),(372,'Gurupi',31,'2018-02-02 14:38:07','2019-04-22 17:49:53',2,NULL,5),(373,'Ipueiras',31,'2018-02-02 14:38:07','2019-04-22 17:49:54',2,NULL,5),(374,'Itacajá',31,'2018-02-02 14:38:08','2019-04-22 17:49:54',2,NULL,5),(375,'Itaguatins',31,'2018-02-02 14:38:08','2019-04-22 17:49:55',2,NULL,5),(376,'Itapiratins',31,'2018-02-02 14:38:08','2019-04-22 17:49:55',2,NULL,5),(377,'Itaporã do Tocantins',31,'2018-02-02 14:38:09','2019-04-22 17:49:55',2,NULL,5),(378,'Jaú do Tocantins',31,'2018-02-02 14:38:09','2019-04-22 17:49:56',2,NULL,5),(379,'Juarina',31,'2018-02-02 14:38:09','2019-04-22 17:49:56',2,NULL,5),(380,'Lagoa da Confusão',31,'2018-02-02 14:38:10','2019-04-22 17:49:56',2,NULL,5),(381,'Lagoa do Tocantins',31,'2018-02-02 14:38:10','2019-04-22 17:49:57',2,NULL,5),(382,'Lajeado',31,'2018-02-02 14:38:10','2019-04-22 17:49:57',2,NULL,5),(383,'Lavandeira',31,'2018-02-02 14:38:11','2019-04-22 17:49:57',2,NULL,5),(384,'Lizarda',31,'2018-02-02 14:38:11','2019-04-22 17:49:58',2,NULL,5),(385,'Luzinópolis',31,'2018-02-02 14:38:12','2019-04-22 17:49:58',2,NULL,5),(386,'Marianópolis do Tocantins',31,'2018-02-02 14:38:12','2019-04-22 17:49:58',2,NULL,5),(387,'Mateiros',31,'2018-02-02 14:38:12','2019-04-22 17:49:59',2,NULL,5),(388,'Maurilândia do Tocantins',31,'2018-02-02 14:38:13','2019-04-22 17:49:59',2,NULL,5),(389,'Miracema do Tocantins',31,'2018-02-02 14:38:13','2019-04-22 17:50:00',2,NULL,5),(390,'Miranorte',31,'2018-02-02 14:38:13','2019-04-22 17:50:00',2,NULL,5),(391,'Monte do Carmo',31,'2018-02-02 14:38:14','2019-04-22 17:50:00',2,NULL,5),(392,'Monte Santo do Tocantins',31,'2018-02-02 14:38:14','2019-04-22 17:50:01',2,NULL,5),(393,'Palmeiras do Tocantins',31,'2018-02-02 14:38:14','2019-04-22 17:50:01',2,NULL,5),(394,'Muricilândia',31,'2018-02-02 14:38:15','2019-04-22 17:50:01',2,NULL,5),(395,'Natividade',31,'2018-02-02 14:38:15','2019-04-22 17:50:02',2,NULL,5),(396,'Nazaré',31,'2018-02-02 14:38:15','2019-04-22 17:50:02',2,NULL,5),(397,'Nova Olinda',31,'2018-02-02 14:38:16','2019-04-22 17:50:02',2,NULL,5),(398,'Nova Rosalândia',31,'2018-02-02 14:38:16','2019-04-22 17:50:03',2,NULL,5),(399,'Novo Acordo',31,'2018-02-02 14:38:16','2019-04-22 17:50:03',2,NULL,5),(400,'Novo Alegre',31,'2018-02-02 14:38:17','2019-04-22 17:50:04',2,NULL,5),(401,'Novo Jardim',31,'2018-02-02 14:38:17','2019-04-22 17:50:04',2,NULL,5),(402,'Oliveira de Fátima',31,'2018-02-02 14:38:17','2019-04-22 17:50:04',2,NULL,5),(403,'Palmeirante',31,'2018-02-02 14:38:18','2019-04-22 17:50:05',2,NULL,5),(404,'Palmeirópolis',31,'2018-02-02 14:38:18','2019-04-22 17:50:05',2,NULL,5),(405,'Paraíso do Tocantins',31,'2018-02-02 14:38:19','2019-04-22 17:50:05',2,NULL,5),(406,'Paranã',31,'2018-02-02 14:38:19','2019-04-22 17:50:06',2,NULL,5),(407,'Pau D\'Arco',31,'2018-02-02 14:38:19','2019-04-22 17:50:06',2,NULL,5),(408,'Pedro Afonso',31,'2018-02-02 14:38:20','2019-04-22 17:50:06',2,NULL,5),(409,'Peixe',31,'2018-02-02 14:38:20','2019-04-22 17:50:07',2,NULL,5),(410,'Pequizeiro',31,'2018-02-02 14:38:20','2019-04-22 17:50:07',2,NULL,5),(411,'Colméia',31,'2018-02-02 14:38:21','2019-04-22 17:50:07',2,NULL,5),(412,'Pindorama do Tocantins',31,'2018-02-02 14:38:21','2019-04-22 17:50:08',2,NULL,5),(413,'Piraquê',31,'2018-02-02 14:38:21','2019-04-22 17:50:08',2,NULL,5),(414,'Pium',31,'2018-02-02 14:38:22','2019-04-22 17:50:09',2,NULL,5),(415,'Ponte Alta do Bom Jesus',31,'2018-02-02 14:38:22','2019-04-22 17:50:09',2,NULL,5),(416,'Ponte Alta do Tocantins',31,'2018-02-02 14:38:22','2019-04-22 17:50:09',2,NULL,5),(417,'Porto Alegre do Tocantins',31,'2018-02-02 14:38:23','2019-04-22 17:50:10',2,NULL,5),(418,'Porto Nacional',31,'2018-02-02 14:38:23','2019-04-22 17:50:10',2,NULL,5),(419,'Praia Norte',31,'2018-02-02 14:38:23','2019-04-22 17:50:10',2,NULL,5),(420,'Presidente Kennedy',31,'2018-02-02 14:38:24','2019-04-22 17:50:11',2,NULL,5),(421,'Pugmil',31,'2018-02-02 14:38:24','2019-04-22 17:50:11',2,NULL,5),(422,'Recursolândia',31,'2018-02-02 14:38:25','2019-04-22 17:50:11',2,NULL,5),(423,'Riachinho',31,'2018-02-02 14:38:25','2019-04-22 17:50:12',2,NULL,5),(424,'Rio da Conceição',31,'2018-02-02 14:38:25','2019-04-22 17:50:12',2,NULL,5),(425,'Rio dos Bois',31,'2018-02-02 14:38:26','2019-04-22 17:50:13',2,NULL,5),(426,'Rio Sono',31,'2018-02-02 14:38:26','2019-04-22 17:50:13',2,NULL,5),(427,'Sampaio',31,'2018-02-02 14:38:27','2019-04-22 17:50:13',2,NULL,5),(428,'Sandolândia',31,'2018-02-02 14:38:27','2019-04-22 17:50:14',2,NULL,5),(429,'Santa Fé do Araguaia',31,'2018-02-02 14:38:27','2019-04-22 17:50:14',2,NULL,5),(430,'Santa Maria do Tocantins',31,'2018-02-02 14:38:28','2019-04-22 17:50:14',2,NULL,5),(431,'Santa Rita do Tocantins',31,'2018-02-02 14:38:28','2019-04-22 17:50:15',2,NULL,5),(432,'Santa Rosa do Tocantins',31,'2018-02-02 14:38:28','2019-04-22 17:50:15',2,NULL,5),(433,'Santa Tereza do Tocantins',31,'2018-02-02 14:38:29','2019-04-22 17:50:15',2,NULL,5),(434,'Santa Terezinha do Tocantins',31,'2018-02-02 14:38:29','2019-04-22 17:50:16',2,NULL,5),(435,'São Bento do Tocantins',31,'2018-02-02 14:38:29','2019-04-22 17:50:16',2,NULL,5),(436,'São Félix do Tocantins',31,'2018-02-02 14:38:30','2019-04-22 17:50:16',2,NULL,5),(437,'São Miguel do Tocantins',31,'2018-02-02 14:38:30','2019-04-22 17:50:17',2,NULL,5),(438,'São Salvador do Tocantins',31,'2018-02-02 14:38:30','2019-04-22 17:50:17',2,NULL,5),(439,'São Sebastião do Tocantins',31,'2018-02-02 14:38:31','2019-04-22 17:50:18',2,NULL,5),(440,'São Valério',31,'2018-02-02 14:38:31','2019-04-22 17:50:18',2,NULL,5),(441,'Silvanópolis',31,'2018-02-02 14:38:32','2019-04-22 17:50:18',2,NULL,5),(442,'Sítio Novo do Tocantins',31,'2018-02-02 14:38:32','2019-04-22 17:50:19',2,NULL,5),(443,'Sucupira',31,'2018-02-02 14:38:32','2019-04-22 17:50:19',2,NULL,5),(444,'Taguatinga',31,'2018-02-02 14:38:33','2019-04-22 17:50:19',2,NULL,5),(445,'Taipas do Tocantins',31,'2018-02-02 14:38:33','2019-04-22 17:50:20',2,NULL,5),(446,'Talismã',31,'2018-02-02 14:38:33','2019-04-22 17:50:20',2,NULL,5),(447,'Palmas',31,'2018-02-02 14:38:34','2019-04-22 17:50:20',2,NULL,5),(448,'Tocantínia',31,'2018-02-02 14:38:34','2019-04-22 17:50:21',2,NULL,5),(449,'Tocantinópolis',31,'2018-02-02 14:38:34','2019-04-22 17:50:21',2,NULL,5),(450,'Tupirama',31,'2018-02-02 14:38:35','2019-04-22 17:50:22',2,NULL,5),(451,'Tupiratins',31,'2018-02-02 14:38:35','2019-04-22 17:50:22',2,NULL,5),(452,'Wanderlândia',31,'2018-02-02 14:38:35','2019-04-22 17:50:22',2,NULL,5),(453,'Xambioá',31,'2018-02-02 14:38:36','2019-04-22 17:50:23',2,NULL,5),(454,'Açailândia',14,'2018-02-02 14:39:26','2019-04-22 17:50:23',2,NULL,5),(455,'Afonso Cunha',14,'2018-02-02 14:39:26','2019-04-22 17:50:23',2,NULL,5),(456,'Água Doce do Maranhão',14,'2018-02-02 14:39:27','2019-04-22 17:50:24',2,NULL,5),(457,'Alcântara',14,'2018-02-02 14:39:27','2019-04-22 17:50:24',2,NULL,5),(458,'Aldeias Altas',14,'2018-02-02 14:39:27','2019-04-22 17:50:24',2,NULL,5),(459,'Altamira do Maranhão',14,'2018-02-02 14:39:28','2019-04-22 17:50:25',2,NULL,5),(460,'Alto Alegre do Maranhão',14,'2018-02-02 14:39:28','2019-04-22 17:50:25',2,NULL,5),(461,'Alto Alegre do Pindaré',14,'2018-02-02 14:39:29','2019-04-22 17:50:25',2,NULL,5),(462,'Alto Parnaíba',14,'2018-02-02 14:39:29','2019-04-22 17:50:26',2,NULL,5),(463,'Amapá do Maranhão',14,'2018-02-02 14:39:29','2019-04-22 17:50:26',2,NULL,5),(464,'Amarante do Maranhão',14,'2018-02-02 14:39:30','2019-04-22 17:50:27',2,NULL,5),(465,'Anajatuba',14,'2018-02-02 14:39:30','2019-04-22 17:50:27',2,NULL,5),(466,'Anapurus',14,'2018-02-02 14:39:30','2019-04-22 17:50:27',2,NULL,5),(467,'Apicum-Açu',14,'2018-02-02 14:39:31','2019-04-22 17:50:28',2,NULL,5),(468,'Araguanã',14,'2018-02-02 14:39:31','2019-04-22 17:50:28',2,NULL,5),(469,'Araioses',14,'2018-02-02 14:39:31','2019-04-22 17:50:28',2,NULL,5),(470,'Arame',14,'2018-02-02 14:39:32','2019-04-22 17:50:29',2,NULL,5),(471,'Arari',14,'2018-02-02 14:39:32','2019-04-22 17:50:29',2,NULL,5),(472,'Axixá',14,'2018-02-02 14:39:32','2019-04-22 17:50:29',2,NULL,5),(473,'Bacabal',14,'2018-02-02 14:39:33','2019-04-22 17:50:30',2,NULL,5),(474,'Bacabeira',14,'2018-02-02 14:39:33','2019-04-22 17:50:30',2,NULL,5),(475,'Bacuri',14,'2018-02-02 14:39:33','2019-04-22 17:50:31',2,NULL,5),(476,'Bacurituba',14,'2018-02-02 14:39:34','2019-04-22 17:50:31',2,NULL,5),(477,'Balsas',14,'2018-02-02 14:39:34','2019-04-22 17:50:31',2,NULL,5),(478,'Barão de Grajaú',14,'2018-02-02 14:39:34','2019-04-22 17:50:32',2,NULL,5),(479,'Barra do Corda',14,'2018-02-02 14:39:35','2019-04-22 17:50:32',2,NULL,5),(480,'Barreirinhas',14,'2018-02-02 14:39:35','2019-04-22 17:50:32',2,NULL,5),(481,'Belágua',14,'2018-02-02 14:39:36','2019-04-22 17:50:33',2,NULL,5),(482,'Bela Vista do Maranhão',14,'2018-02-02 14:39:36','2019-04-22 17:50:33',2,NULL,5),(483,'Benedito Leite',14,'2018-02-02 14:39:36','2019-04-22 17:50:33',2,NULL,5),(484,'Bequimão',14,'2018-02-02 14:39:37','2019-04-22 17:50:34',2,NULL,5),(485,'Bernardo do Mearim',14,'2018-02-02 14:39:37','2019-04-22 17:50:34',2,NULL,5),(486,'Boa Vista do Gurupi',14,'2018-02-02 14:39:37','2019-04-22 17:50:34',2,NULL,5),(487,'Bom Jardim',14,'2018-02-02 14:39:38','2019-04-22 17:50:35',2,NULL,5),(488,'Bom Jesus das Selvas',14,'2018-02-02 14:39:38','2019-04-22 17:50:35',2,NULL,5),(489,'Bom Lugar',14,'2018-02-02 14:39:38','2019-04-22 17:50:36',2,NULL,5),(490,'Brejo',14,'2018-02-02 14:39:39','2019-04-22 17:50:36',2,NULL,5),(491,'Brejo de Areia',14,'2018-02-02 14:39:39','2019-04-22 17:50:36',2,NULL,5),(492,'Buriti',14,'2018-02-02 14:39:39','2019-04-22 17:50:37',2,NULL,5),(493,'Buriti Bravo',14,'2018-02-02 14:39:40','2019-04-22 17:50:37',2,NULL,5),(494,'Buriticupu',14,'2018-02-02 14:39:40','2019-04-22 17:50:37',2,NULL,5),(495,'Buritirana',14,'2018-02-02 14:39:40','2019-04-22 17:50:38',2,NULL,5),(496,'Cachoeira Grande',14,'2018-02-02 14:39:41','2019-04-22 17:50:38',2,NULL,5),(497,'Cajapió',14,'2018-02-02 14:39:41','2019-04-22 17:50:38',2,NULL,5),(498,'Cajari',14,'2018-02-02 14:39:42','2019-04-22 17:50:39',2,NULL,5),(499,'Campestre do Maranhão',14,'2018-02-02 14:39:42','2019-04-22 17:50:39',2,NULL,5),(500,'Cândido Mendes',14,'2018-02-02 14:39:42','2019-04-22 17:50:40',2,NULL,5),(501,'Cantanhede',14,'2018-02-02 14:39:43','2019-04-22 17:50:40',2,NULL,5),(502,'Capinzal do Norte',14,'2018-02-02 14:39:43','2019-04-22 17:50:40',2,NULL,5),(503,'Carolina',14,'2018-02-02 14:39:43','2019-04-22 17:50:41',2,NULL,5),(504,'Carutapera',14,'2018-02-02 14:39:44','2019-04-22 17:50:41',2,NULL,5),(505,'Caxias',14,'2018-02-02 14:39:44','2019-04-22 17:50:41',2,NULL,5),(506,'Cedral',14,'2018-02-02 14:39:44','2019-04-22 17:50:42',2,NULL,5),(507,'Central do Maranhão',14,'2018-02-02 14:39:45','2019-04-22 17:50:42',2,NULL,5),(508,'Centro do Guilherme',14,'2018-02-02 14:39:45','2019-04-22 17:50:42',2,NULL,5),(509,'Centro Novo do Maranhão',14,'2018-02-02 14:39:45','2019-04-22 17:50:43',2,NULL,5),(510,'Chapadinha',14,'2018-02-02 14:39:46','2019-04-22 17:50:43',2,NULL,5),(511,'Cidelândia',14,'2018-02-02 14:39:46','2019-04-22 17:50:43',2,NULL,5),(512,'Codó',14,'2018-02-02 14:39:46','2019-04-22 17:50:44',2,NULL,5),(513,'Coelho Neto',14,'2018-02-02 14:39:47','2019-04-22 17:50:44',2,NULL,5),(514,'Colinas',14,'2018-02-02 14:39:47','2019-04-22 17:50:45',2,NULL,5),(515,'Conceição do Lago-Açu',14,'2018-02-02 14:39:48','2019-04-22 17:50:45',2,NULL,5),(516,'Coroatá',14,'2018-02-02 14:39:48','2019-04-22 17:50:45',2,NULL,5),(517,'Cururupu',14,'2018-02-02 14:39:48','2019-04-22 17:50:46',2,NULL,5),(518,'Davinópolis',14,'2018-02-02 14:39:49','2019-04-22 17:50:46',2,NULL,5),(519,'Dom Pedro',14,'2018-02-02 14:39:49','2019-04-22 17:50:46',2,NULL,5),(520,'Duque Bacelar',14,'2018-02-02 14:39:49','2019-04-22 17:50:47',2,NULL,5),(521,'Esperantinópolis',14,'2018-02-02 14:39:50','2019-04-22 17:50:47',2,NULL,5),(522,'Estreito',14,'2018-02-02 14:39:50','2019-04-22 17:50:47',2,NULL,5),(523,'Feira Nova do Maranhão',14,'2018-02-02 14:39:50','2019-04-22 17:50:48',2,NULL,5),(524,'Fernando Falcão',14,'2018-02-02 14:39:51','2019-04-22 17:50:48',2,NULL,5),(525,'Formosa da Serra Negra',14,'2018-02-02 14:39:51','2019-04-22 17:50:49',2,NULL,5),(526,'Fortaleza dos Nogueiras',14,'2018-02-02 14:39:51','2019-04-22 17:50:49',2,NULL,5),(527,'Fortuna',14,'2018-02-02 14:39:52','2019-04-22 17:50:49',2,NULL,5),(528,'Godofredo Viana',14,'2018-02-02 14:39:52','2019-04-22 17:50:50',2,NULL,5),(529,'Gonçalves Dias',14,'2018-02-02 14:39:52','2019-04-22 17:50:50',2,NULL,5),(530,'Governador Archer',14,'2018-02-02 14:39:53','2019-04-22 17:50:50',2,NULL,5),(531,'Governador Edison Lobão',14,'2018-02-02 14:39:53','2019-04-22 17:50:51',2,NULL,5),(532,'Governador Eugênio Barros',14,'2018-02-02 14:39:54','2019-04-22 17:50:51',2,NULL,5),(533,'Governador Luiz Rocha',14,'2018-02-02 14:39:54','2019-04-22 17:50:51',2,NULL,5),(534,'Governador Newton Bello',14,'2018-02-02 14:39:54','2019-04-22 17:50:52',2,NULL,5),(535,'Governador Nunes Freire',14,'2018-02-02 14:39:55','2019-04-22 17:50:52',2,NULL,5),(536,'Graça Aranha',14,'2018-02-02 14:39:55','2019-04-22 17:50:52',2,NULL,5),(537,'Grajaú',14,'2018-02-02 14:39:55','2019-04-22 17:50:53',2,NULL,5),(538,'Guimarães',14,'2018-02-02 14:39:56','2019-04-22 17:50:53',2,NULL,5),(539,'Humberto de Campos',14,'2018-02-02 14:39:56','2019-04-22 17:50:54',2,NULL,5),(540,'Icatu',14,'2018-02-02 14:39:56','2019-04-22 17:50:54',2,NULL,5),(541,'Igarapé do Meio',14,'2018-02-02 14:39:57','2019-04-22 17:50:54',2,NULL,5),(542,'Igarapé Grande',14,'2018-02-02 14:39:57','2019-04-22 17:50:55',2,NULL,5),(543,'Imperatriz',14,'2018-02-02 14:39:57','2019-04-22 17:50:55',2,NULL,5),(544,'Itaipava do Grajaú',14,'2018-02-02 14:39:58','2019-04-22 17:50:55',2,NULL,5),(545,'Itapecuru Mirim',14,'2018-02-02 14:39:58','2019-04-22 17:50:56',2,NULL,5),(546,'Itinga do Maranhão',14,'2018-02-02 14:39:58','2019-04-22 17:50:56',2,NULL,5),(547,'Jatobá',14,'2018-02-02 14:39:59','2019-04-22 17:50:56',2,NULL,5),(548,'Jenipapo dos Vieiras',14,'2018-02-02 14:39:59','2019-04-22 17:50:57',2,NULL,5),(549,'João Lisboa',14,'2018-02-02 14:39:59','2019-04-22 17:50:57',2,NULL,5),(550,'Joselândia',14,'2018-02-02 14:40:00','2019-04-22 17:50:57',2,NULL,5),(551,'Junco do Maranhão',14,'2018-02-02 14:40:00','2019-04-22 17:50:58',2,NULL,5),(552,'Lago da Pedra',14,'2018-02-02 14:40:01','2019-04-22 17:50:58',2,NULL,5),(553,'Lago do Junco',14,'2018-02-02 14:40:01','2019-04-22 17:50:59',2,NULL,5),(554,'Lago Verde',14,'2018-02-02 14:40:01','2019-04-22 17:50:59',2,NULL,5),(555,'Lagoa do Mato',14,'2018-02-02 14:40:02','2019-04-22 17:50:59',2,NULL,5),(556,'Lago dos Rodrigues',14,'2018-02-02 14:40:02','2019-04-22 17:51:00',2,NULL,5),(557,'Lagoa Grande do Maranhão',14,'2018-02-02 14:40:02','2019-04-22 17:51:00',2,NULL,5),(558,'Lajeado Novo',14,'2018-02-02 14:40:03','2019-04-22 17:51:00',2,NULL,5),(559,'Lima Campos',14,'2018-02-02 14:40:03','2019-04-22 17:51:01',2,NULL,5),(560,'Loreto',14,'2018-02-02 14:40:04','2019-04-22 17:51:01',2,NULL,5),(561,'Luís Domingues',14,'2018-02-02 14:40:04','2019-04-22 17:51:01',2,NULL,5),(562,'Magalhães de Almeida',14,'2018-02-02 14:40:04','2019-04-22 17:51:02',2,NULL,5),(563,'Maracaçumé',14,'2018-02-02 14:40:05','2019-04-22 17:51:02',2,NULL,5),(564,'Marajá do Sena',14,'2018-02-02 14:40:05','2019-04-22 17:51:02',2,NULL,5),(565,'Maranhãozinho',14,'2018-02-02 14:40:05','2019-04-22 17:51:03',2,NULL,5),(566,'Mata Roma',14,'2018-02-02 14:40:06','2019-04-22 17:51:03',2,NULL,5),(567,'Matinha',14,'2018-02-02 14:40:06','2019-04-22 17:51:04',2,NULL,5),(568,'Matões',14,'2018-02-02 14:40:06','2019-04-22 17:51:04',2,NULL,5),(569,'Matões do Norte',14,'2018-02-02 14:40:07','2019-04-22 17:51:04',2,NULL,5),(570,'Milagres do Maranhão',14,'2018-02-02 14:40:07','2019-04-22 17:51:05',2,NULL,5),(571,'Mirador',14,'2018-02-02 14:40:08','2019-04-22 17:51:05',2,NULL,5),(572,'Miranda do Norte',14,'2018-02-02 14:40:08','2019-04-22 17:51:05',2,NULL,5),(573,'Mirinzal',14,'2018-02-02 14:40:08','2019-04-22 17:51:06',2,NULL,5),(574,'Monção',14,'2018-02-02 14:40:09','2019-04-22 17:51:06',2,NULL,5),(575,'Montes Altos',14,'2018-02-02 14:40:09','2019-04-22 17:51:06',2,NULL,5),(576,'Morros',14,'2018-02-02 14:40:09','2019-04-22 17:51:07',2,NULL,5),(577,'Nina Rodrigues',14,'2018-02-02 14:40:10','2019-04-22 17:51:07',2,NULL,5),(578,'Nova Colinas',14,'2018-02-02 14:40:10','2019-04-22 17:51:08',2,NULL,5),(579,'Nova Iorque',14,'2018-02-02 14:40:10','2019-04-22 17:51:08',2,NULL,5),(580,'Nova Olinda do Maranhão',14,'2018-02-02 14:40:11','2019-04-22 17:51:08',2,NULL,5),(581,'Olho D\'Água das Cunhãs',14,'2018-02-02 14:40:11','2019-04-22 17:51:09',2,NULL,5),(582,'Olinda Nova do Maranhão',14,'2018-02-02 14:40:12','2019-04-22 17:51:09',2,NULL,5),(583,'Paço do Lumiar',14,'2018-02-02 14:40:12','2019-04-22 17:51:09',2,NULL,5),(584,'Palmeirândia',14,'2018-02-02 14:40:12','2019-04-22 17:51:10',2,NULL,5),(585,'Paraibano',14,'2018-02-02 14:40:13','2019-04-22 17:51:10',2,NULL,5),(586,'Parnarama',14,'2018-02-02 14:40:13','2019-04-22 17:51:10',2,NULL,5),(587,'Passagem Franca',14,'2018-02-02 14:40:13','2019-04-22 17:51:11',2,NULL,5),(588,'Pastos Bons',14,'2018-02-02 14:40:14','2019-04-22 17:51:11',2,NULL,5),(589,'Paulino Neves',14,'2018-02-02 14:40:14','2019-04-22 17:51:11',2,NULL,5),(590,'Paulo Ramos',14,'2018-02-02 14:40:14','2019-04-22 17:51:12',2,NULL,5),(591,'Pedreiras',14,'2018-02-02 14:40:15','2019-04-22 17:51:12',2,NULL,5),(592,'Pedro do Rosário',14,'2018-02-02 14:40:15','2019-04-22 17:51:13',2,NULL,5),(593,'Penalva',14,'2018-02-02 14:40:15','2019-04-22 17:51:13',2,NULL,5),(594,'Peri Mirim',14,'2018-02-02 14:40:16','2019-04-22 17:51:13',2,NULL,5),(595,'Peritoró',14,'2018-02-02 14:40:16','2019-04-22 17:51:14',2,NULL,5),(596,'Pindaré-Mirim',14,'2018-02-02 14:40:16','2019-04-22 17:51:14',2,NULL,5),(597,'Pinheiro',14,'2018-02-02 14:40:17','2019-04-22 17:51:14',2,NULL,5),(598,'Pio XII',14,'2018-02-02 14:40:17','2019-04-22 17:51:15',2,NULL,5),(599,'Pirapemas',14,'2018-02-02 14:40:17','2019-04-22 17:51:15',2,NULL,5),(600,'Poção de Pedras',14,'2018-02-02 14:40:18','2019-04-22 17:51:15',2,NULL,5),(601,'Porto Franco',14,'2018-02-02 14:40:18','2019-04-22 17:51:16',2,NULL,5),(602,'Porto Rico do Maranhão',14,'2018-02-02 14:40:18','2019-04-22 17:51:16',2,NULL,5),(603,'Presidente Dutra',14,'2018-02-02 14:40:19','2019-04-22 17:51:16',2,NULL,5),(604,'Presidente Juscelino',14,'2018-02-02 14:40:19','2019-04-22 17:51:17',2,NULL,5),(605,'Presidente Médici',14,'2018-02-02 14:40:20','2019-04-22 17:51:17',2,NULL,5),(606,'Presidente Sarney',14,'2018-02-02 14:40:20','2019-04-22 17:51:18',2,NULL,5),(607,'Presidente Vargas',14,'2018-02-02 14:40:20','2019-04-22 17:51:18',2,NULL,5),(608,'Primeira Cruz',14,'2018-02-02 14:40:21','2019-04-22 17:51:18',2,NULL,5),(609,'Raposa',14,'2018-02-02 14:40:21','2019-04-22 17:51:19',2,NULL,5),(610,'Riachão',14,'2018-02-02 14:40:21','2019-04-22 17:51:19',2,NULL,5),(611,'Ribamar Fiquene',14,'2018-02-02 14:40:22','2019-04-22 17:51:19',2,NULL,5),(612,'Rosário',14,'2018-02-02 14:40:22','2019-04-22 17:51:20',2,NULL,5),(613,'Sambaíba',14,'2018-02-02 14:40:22','2019-04-22 17:51:20',2,NULL,5),(614,'Santa Filomena do Maranhão',14,'2018-02-02 14:40:23','2019-04-22 17:51:20',2,NULL,5),(615,'Santa Helena',14,'2018-02-02 14:40:23','2019-04-22 17:51:21',2,NULL,5),(616,'Santa Inês',14,'2018-02-02 14:40:23','2019-04-22 17:51:21',2,NULL,5),(617,'Santa Luzia',14,'2018-02-02 14:40:24','2019-04-22 17:51:21',2,NULL,5),(618,'Santa Luzia do Paruá',14,'2018-02-02 14:40:24','2019-04-22 17:51:22',2,NULL,5),(619,'Santa Quitéria do Maranhão',14,'2018-02-02 14:40:24','2019-04-22 17:51:22',2,NULL,5),(620,'Santa Rita',14,'2018-02-02 14:40:25','2019-04-22 17:51:23',2,NULL,5),(621,'Santana do Maranhão',14,'2018-02-02 14:40:25','2019-04-22 17:51:23',2,NULL,5),(622,'Santo Amaro do Maranhão',14,'2018-02-02 14:40:25','2019-04-22 17:51:23',2,NULL,5),(623,'Santo Antônio dos Lopes',14,'2018-02-02 14:40:26','2019-04-22 17:51:24',2,NULL,5),(624,'São Benedito do Rio Preto',14,'2018-02-02 14:40:26','2019-04-22 17:51:24',2,NULL,5),(625,'São Bento',14,'2018-02-02 14:40:26','2019-04-22 17:51:25',2,NULL,5),(626,'São Bernardo',14,'2018-02-02 14:40:27','2019-04-22 17:51:25',2,NULL,5),(627,'São Domingos do Azeitão',14,'2018-02-02 14:40:27','2019-04-22 17:51:25',2,NULL,5),(628,'São Domingos do Maranhão',14,'2018-02-02 14:40:28','2019-04-22 17:51:26',2,NULL,5),(629,'São Félix de Balsas',14,'2018-02-02 14:40:28','2019-04-22 17:51:26',2,NULL,5),(630,'São Francisco do Brejão',14,'2018-02-02 14:40:28','2019-04-22 17:51:26',2,NULL,5),(631,'São Francisco do Maranhão',14,'2018-02-02 14:40:29','2019-04-22 17:51:27',2,NULL,5),(632,'São João Batista',14,'2018-02-02 14:40:29','2019-04-22 17:51:27',2,NULL,5),(633,'São João do Carú',14,'2018-02-02 14:40:29','2019-04-22 17:51:27',2,NULL,5),(634,'São João do Paraíso',14,'2018-02-02 14:40:30','2019-04-22 17:51:28',2,NULL,5),(635,'São João do Soter',14,'2018-02-02 14:40:30','2019-04-22 17:51:29',2,NULL,5),(636,'São João dos Patos',14,'2018-02-02 14:40:30','2019-04-22 17:51:29',2,NULL,5),(637,'São José de Ribamar',14,'2018-02-02 14:40:31','2019-04-22 17:51:29',2,NULL,5),(638,'São José dos Basílios',14,'2018-02-02 14:40:31','2019-04-22 17:51:30',2,NULL,5),(639,'São Luís',14,'2018-02-02 14:40:31','2019-04-22 17:51:30',2,NULL,5),(640,'São Luís Gonzaga do Maranhão',14,'2018-02-02 14:40:32','2019-04-22 17:51:30',2,NULL,5),(641,'São Mateus do Maranhão',14,'2018-02-02 14:40:32','2019-04-22 17:51:31',2,NULL,5),(642,'São Pedro da Água Branca',14,'2018-02-02 14:40:32','2019-04-22 17:51:31',2,NULL,5),(643,'São Pedro dos Crentes',14,'2018-02-02 14:40:33','2019-04-22 17:51:32',2,NULL,5),(644,'São Raimundo das Mangabeiras',14,'2018-02-02 14:40:33','2019-04-22 17:51:32',2,NULL,5),(645,'São Raimundo do Doca Bezerra',14,'2018-02-02 14:40:33','2019-04-22 17:51:32',2,NULL,5),(646,'São Roberto',14,'2018-02-02 14:40:34','2019-04-22 17:51:33',2,NULL,5),(647,'São Vicente Ferrer',14,'2018-02-02 14:40:34','2019-04-22 17:51:33',2,NULL,5),(648,'Satubinha',14,'2018-02-02 14:40:35','2019-04-22 17:51:34',2,NULL,5),(649,'Senador Alexandre Costa',14,'2018-02-02 14:40:35','2019-04-22 17:51:35',2,NULL,5),(650,'Senador La Rocque',14,'2018-02-02 14:40:35','2019-04-22 17:51:36',2,NULL,5),(651,'Serrano do Maranhão',14,'2018-02-02 14:40:36','2019-04-22 17:51:36',2,NULL,5),(652,'Sítio Novo',14,'2018-02-02 14:40:36','2019-04-22 17:51:36',2,NULL,5),(653,'Sucupira do Norte',14,'2018-02-02 14:40:37','2019-04-22 17:51:37',2,NULL,5),(654,'Sucupira do Riachão',14,'2018-02-02 14:40:37','2019-04-22 17:51:37',2,NULL,5),(655,'Tasso Fragoso',14,'2018-02-02 14:40:37','2019-04-22 17:51:37',2,NULL,5),(656,'Timbiras',14,'2018-02-02 14:40:38','2019-04-22 17:51:38',2,NULL,5),(657,'Timon',14,'2018-02-02 14:40:38','2019-04-22 17:51:38',2,NULL,5),(658,'Trizidela do Vale',14,'2018-02-02 14:40:38','2019-04-22 17:51:38',2,NULL,5),(659,'Tufilândia',14,'2018-02-02 14:40:39','2019-04-22 17:51:39',2,NULL,5),(660,'Tuntum',14,'2018-02-02 14:40:39','2019-04-22 17:51:39',2,NULL,5),(661,'Turiaçu',14,'2018-02-02 14:40:39','2019-04-22 17:51:40',2,NULL,5),(662,'Turilândia',14,'2018-02-02 14:40:40','2019-04-22 17:51:40',2,NULL,5),(663,'Tutóia',14,'2018-02-02 14:40:40','2019-04-22 17:51:40',2,NULL,5),(664,'Urbano Santos',14,'2018-02-02 14:40:40','2019-04-22 17:51:41',2,NULL,5),(665,'Vargem Grande',14,'2018-02-02 14:40:41','2019-04-22 17:51:41',2,NULL,5),(666,'Viana',14,'2018-02-02 14:40:41','2019-04-22 17:51:41',2,NULL,5),(667,'Vila Nova dos Martírios',14,'2018-02-02 14:40:41','2019-04-22 17:51:42',2,NULL,5),(668,'Vitória do Mearim',14,'2018-02-02 14:40:42','2019-04-22 17:51:42',2,NULL,5),(669,'Vitorino Freire',14,'2018-02-02 14:40:42','2019-04-22 17:51:42',2,NULL,5),(670,'Zé Doca',14,'2018-02-02 14:40:42','2019-04-22 17:51:43',2,NULL,5),(671,'Acauã',22,'2018-02-02 14:42:05','2019-04-22 17:51:43',2,NULL,5),(672,'Agricolândia',22,'2018-02-02 14:42:05','2019-04-22 17:51:43',2,NULL,5),(673,'Água Branca',22,'2018-02-02 14:42:06','2019-04-22 17:51:44',2,NULL,5),(674,'Alagoinha do Piauí',22,'2018-02-02 14:42:06','2019-04-22 17:51:44',2,NULL,5),(675,'Alegrete do Piauí',22,'2018-02-02 14:42:06','2019-04-22 17:51:45',2,NULL,5),(676,'Alto Longá',22,'2018-02-02 14:42:07','2019-04-22 17:51:45',2,NULL,5),(677,'Altos',22,'2018-02-02 14:42:07','2019-04-22 17:51:45',2,NULL,5),(678,'Alvorada do Gurguéia',22,'2018-02-02 14:42:08','2019-04-22 17:51:46',2,NULL,5),(679,'Amarante',22,'2018-02-02 14:42:08','2019-04-22 17:51:46',2,NULL,5),(680,'Angical do Piauí',22,'2018-02-02 14:42:08','2019-04-22 17:51:46',2,NULL,5),(681,'Anísio de Abreu',22,'2018-02-02 14:42:09','2019-04-22 17:51:47',2,NULL,5),(682,'Antônio Almeida',22,'2018-02-02 14:42:09','2019-04-22 17:51:47',2,NULL,5),(683,'Aroazes',22,'2018-02-02 14:42:09','2019-04-22 17:51:47',2,NULL,5),(684,'Aroeiras do Itaim',22,'2018-02-02 14:42:10','2019-04-22 17:51:48',2,NULL,5),(685,'Arraial',22,'2018-02-02 14:42:10','2019-04-22 17:51:48',2,NULL,5),(686,'Assunção do Piauí',22,'2018-02-02 14:42:10','2019-04-22 17:51:48',2,NULL,5),(687,'Avelino Lopes',22,'2018-02-02 14:42:11','2019-04-22 17:51:49',2,NULL,5),(688,'Baixa Grande do Ribeiro',22,'2018-02-02 14:42:11','2019-04-22 17:51:49',2,NULL,5),(689,'Barra D\'Alcântara',22,'2018-02-02 14:42:11','2019-04-22 17:51:50',2,NULL,5),(690,'Barras',22,'2018-02-02 14:42:12','2019-04-22 17:51:50',2,NULL,5),(691,'Barreiras do Piauí',22,'2018-02-02 14:42:12','2019-04-22 17:51:50',2,NULL,5),(692,'Barro Duro',22,'2018-02-02 14:42:12','2019-04-22 17:51:51',2,NULL,5),(693,'Batalha',22,'2018-02-02 14:42:13','2019-04-22 17:51:51',2,NULL,5),(694,'Bela Vista do Piauí',22,'2018-02-02 14:42:13','2019-04-22 17:51:51',2,NULL,5),(695,'Belém do Piauí',22,'2018-02-02 14:42:13','2019-04-22 17:51:52',2,NULL,5),(696,'Beneditinos',22,'2018-02-02 14:42:14','2019-04-22 17:51:52',2,NULL,5),(697,'Bertolínia',22,'2018-02-02 14:42:14','2019-04-22 17:51:52',2,NULL,5),(698,'Betânia do Piauí',22,'2018-02-02 14:42:15','2019-04-22 17:51:53',2,NULL,5),(699,'Boa Hora',22,'2018-02-02 14:42:15','2019-04-22 17:51:53',2,NULL,5),(700,'Bocaina',22,'2018-02-02 14:42:15','2019-04-22 17:51:54',2,NULL,5),(701,'Bom Jesus',22,'2018-02-02 14:42:16','2019-04-22 17:51:54',2,NULL,5),(702,'Bom Princípio do Piauí',22,'2018-02-02 14:42:16','2019-04-22 17:51:54',2,NULL,5),(703,'Bonfim do Piauí',22,'2018-02-02 14:42:16','2019-04-22 17:51:55',2,NULL,5),(704,'Boqueirão do Piauí',22,'2018-02-02 14:42:17','2019-04-22 17:51:55',2,NULL,5),(705,'Brasileira',22,'2018-02-02 14:42:17','2019-04-22 17:51:55',2,NULL,5),(706,'Brejo do Piauí',22,'2018-02-02 14:42:17','2019-04-22 17:51:56',2,NULL,5),(707,'Buriti dos Lopes',22,'2018-02-02 14:42:18','2019-04-22 17:51:56',2,NULL,5),(708,'Buriti dos Montes',22,'2018-02-02 14:42:18','2019-04-22 17:51:56',2,NULL,5),(709,'Cabeceiras do Piauí',22,'2018-02-02 14:42:18','2019-04-22 17:51:57',2,NULL,5),(710,'Cajazeiras do Piauí',22,'2018-02-02 14:42:19','2019-04-22 17:51:57',2,NULL,5),(711,'Cajueiro da Praia',22,'2018-02-02 14:42:19','2019-04-22 17:51:58',2,NULL,5),(712,'Caldeirão Grande do Piauí',22,'2018-02-02 14:42:19','2019-04-22 17:51:59',2,NULL,5),(713,'Campinas do Piauí',22,'2018-02-02 14:42:20','2019-04-22 17:51:59',2,NULL,5),(714,'Campo Alegre do Fidalgo',22,'2018-02-02 14:42:20','2019-04-22 17:52:00',2,NULL,5),(715,'Campo Grande do Piauí',22,'2018-02-02 14:42:20','2019-04-22 17:52:00',2,NULL,5),(716,'Campo Largo do Piauí',22,'2018-02-02 14:42:21','2019-04-22 17:52:00',2,NULL,5),(717,'Campo Maior',22,'2018-02-02 14:42:22','2019-04-22 17:52:01',2,NULL,5),(718,'Canavieira',22,'2018-02-02 14:42:22','2019-04-22 17:52:01',2,NULL,5),(719,'Canto do Buriti',22,'2018-02-02 14:42:22','2019-04-22 17:52:02',2,NULL,5),(720,'Capitão de Campos',22,'2018-02-02 14:42:23','2019-04-22 17:52:02',2,NULL,5),(721,'Capitão Gervásio Oliveira',22,'2018-02-02 14:42:23','2019-04-22 17:52:02',2,NULL,5),(722,'Caracol',22,'2018-02-02 14:42:23','2019-04-22 17:52:03',2,NULL,5),(723,'Caraúbas do Piauí',22,'2018-02-02 14:42:24','2019-04-22 17:52:03',2,NULL,5),(724,'Caridade do Piauí',22,'2018-02-02 14:42:24','2019-04-22 17:52:03',2,NULL,5),(725,'Castelo do Piauí',22,'2018-02-02 14:42:24','2019-04-22 17:52:04',2,NULL,5),(726,'Caxingó',22,'2018-02-02 14:42:25','2019-04-22 17:52:04',2,NULL,5),(727,'Cocal',22,'2018-02-02 14:42:25','2019-04-22 17:52:04',2,NULL,5),(728,'Cocal de Telha',22,'2018-02-02 14:42:25','2019-04-22 17:52:05',2,NULL,5),(729,'Cocal dos Alves',22,'2018-02-02 14:42:26','2019-04-22 17:52:05',2,NULL,5),(730,'Coivaras',22,'2018-02-02 14:42:26','2019-04-22 17:52:06',2,NULL,5),(731,'Colônia do Gurguéia',22,'2018-02-02 14:42:26','2019-04-22 17:52:06',2,NULL,5),(732,'Colônia do Piauí',22,'2018-02-02 14:42:27','2019-04-22 17:52:06',2,NULL,5),(733,'Conceição do Canindé',22,'2018-02-02 14:42:27','2019-04-22 17:52:07',2,NULL,5),(734,'Coronel José Dias',22,'2018-02-02 14:42:27','2019-04-22 17:52:07',2,NULL,5),(735,'Corrente',22,'2018-02-02 14:42:28','2019-04-22 17:52:07',2,NULL,5),(736,'Cristalândia do Piauí',22,'2018-02-02 14:42:28','2019-04-22 17:52:08',2,NULL,5),(737,'Cristino Castro',22,'2018-02-02 14:42:29','2019-04-22 17:52:08',2,NULL,5),(738,'Curimatá',22,'2018-02-02 14:42:29','2019-04-22 17:52:08',2,NULL,5),(739,'Currais',22,'2018-02-02 14:42:29','2019-04-22 17:52:09',2,NULL,5),(740,'Curralinhos',22,'2018-02-02 14:42:30','2019-04-22 17:52:09',2,NULL,5),(741,'Curral Novo do Piauí',22,'2018-02-02 14:42:30','2019-04-22 17:52:09',2,NULL,5),(742,'Demerval Lobão',22,'2018-02-02 14:42:30','2019-04-22 17:52:10',2,NULL,5),(743,'Dirceu Arcoverde',22,'2018-02-02 14:42:31','2019-04-22 17:52:10',2,NULL,5),(744,'Dom Expedito Lopes',22,'2018-02-02 14:42:31','2019-04-22 17:52:11',2,NULL,5),(745,'Domingos Mourão',22,'2018-02-02 14:42:31','2019-04-22 17:52:11',2,NULL,5),(746,'Dom Inocêncio',22,'2018-02-02 14:42:32','2019-04-22 17:52:11',2,NULL,5),(747,'Elesbão Veloso',22,'2018-02-02 14:42:32','2019-04-22 17:52:12',2,NULL,5),(748,'Eliseu Martins',22,'2018-02-02 14:42:32','2019-04-22 17:52:12',2,NULL,5),(749,'Esperantina',22,'2018-02-02 14:42:33','2019-04-22 17:52:12',2,NULL,5),(750,'Fartura do Piauí',22,'2018-02-02 14:42:33','2019-04-22 17:52:13',2,NULL,5),(751,'Flores do Piauí',22,'2018-02-02 14:42:33','2019-04-22 17:52:13',2,NULL,5),(752,'Floresta do Piauí',22,'2018-02-02 14:42:34','2019-04-22 17:52:14',2,NULL,5),(753,'Floriano',22,'2018-02-02 14:42:34','2019-04-22 17:52:14',2,NULL,5),(754,'Francinópolis',22,'2018-02-02 14:42:34','2019-04-22 17:52:14',2,NULL,5),(755,'Francisco Ayres',22,'2018-02-02 14:42:35','2019-04-22 17:52:15',2,NULL,5),(756,'Francisco Macedo',22,'2018-02-02 14:42:35','2019-04-22 17:52:15',2,NULL,5),(757,'Francisco Santos',22,'2018-02-02 14:42:36','2019-04-22 17:52:15',2,NULL,5),(758,'Fronteiras',22,'2018-02-02 14:42:36','2019-04-22 17:52:16',2,NULL,5),(759,'Geminiano',22,'2018-02-02 14:42:36','2019-04-22 17:52:16',2,NULL,5),(760,'Gilbués',22,'2018-02-02 14:42:37','2019-04-22 17:52:16',2,NULL,5),(761,'Guadalupe',22,'2018-02-02 14:42:37','2019-04-22 17:52:17',2,NULL,5),(762,'Guaribas',22,'2018-02-02 14:42:37','2019-04-22 17:52:17',2,NULL,5),(763,'Hugo Napoleão',22,'2018-02-02 14:42:38','2019-04-22 17:52:17',2,NULL,5),(764,'Ilha Grande',22,'2018-02-02 14:42:38','2019-04-22 17:52:18',2,NULL,5),(765,'Inhuma',22,'2018-02-02 14:42:38','2019-04-22 17:52:18',2,NULL,5),(766,'Ipiranga do Piauí',22,'2018-02-02 14:42:39','2019-04-22 17:52:19',2,NULL,5),(767,'Isaías Coelho',22,'2018-02-02 14:42:39','2019-04-22 17:52:19',2,NULL,5),(768,'Itainópolis',22,'2018-02-02 14:42:39','2019-04-22 17:52:19',2,NULL,5),(769,'Itaueira',22,'2018-02-02 14:42:40','2019-04-22 17:52:20',2,NULL,5),(770,'Jacobina do Piauí',22,'2018-02-02 14:42:40','2019-04-22 17:52:20',2,NULL,5),(771,'Jaicós',22,'2018-02-02 14:42:40','2019-04-22 17:52:20',2,NULL,5),(772,'Jardim do Mulato',22,'2018-02-02 14:42:41','2019-04-22 17:52:21',2,NULL,5),(773,'Jatobá do Piauí',22,'2018-02-02 14:42:41','2019-04-22 17:52:21',2,NULL,5),(774,'Jerumenha',22,'2018-02-02 14:42:41','2019-04-22 17:52:21',2,NULL,5),(775,'João Costa',22,'2018-02-02 14:42:42','2019-04-22 17:52:22',2,NULL,5),(776,'Joaquim Pires',22,'2018-02-02 14:42:42','2019-04-22 17:52:22',2,NULL,5),(777,'Joca Marques',22,'2018-02-02 14:42:43','2019-04-22 17:52:23',2,NULL,5),(778,'José de Freitas',22,'2018-02-02 14:42:43','2019-04-22 17:52:23',2,NULL,5),(779,'Juazeiro do Piauí',22,'2018-02-02 14:42:43','2019-04-22 17:52:23',2,NULL,5),(780,'Júlio Borges',22,'2018-02-02 14:42:44','2019-04-22 17:52:24',2,NULL,5),(781,'Jurema',22,'2018-02-02 14:42:44','2019-04-22 17:52:24',2,NULL,5),(782,'Lagoinha do Piauí',22,'2018-02-02 14:42:44','2019-04-22 17:52:24',2,NULL,5),(783,'Lagoa Alegre',22,'2018-02-02 14:42:45','2019-04-22 17:52:25',2,NULL,5),(784,'Lagoa do Barro do Piauí',22,'2018-02-02 14:42:45','2019-04-22 17:52:25',2,NULL,5),(785,'Lagoa de São Francisco',22,'2018-02-02 14:42:45','2019-04-22 17:52:25',2,NULL,5),(786,'Lagoa do Piauí',22,'2018-02-02 14:42:46','2019-04-22 17:52:26',2,NULL,5),(787,'Lagoa do Sítio',22,'2018-02-02 14:42:46','2019-04-22 17:52:26',2,NULL,5),(788,'Landri Sales',22,'2018-02-02 14:42:46','2019-04-22 17:52:26',2,NULL,5),(789,'Luís Correia',22,'2018-02-02 14:42:47','2019-04-22 17:52:27',2,NULL,5),(790,'Luzilândia',22,'2018-02-02 14:42:47','2019-04-22 17:52:27',2,NULL,5),(791,'Madeiro',22,'2018-02-02 14:42:47','2019-04-22 17:52:28',2,NULL,5),(792,'Manoel Emídio',22,'2018-02-02 14:42:48','2019-04-22 17:52:28',2,NULL,5),(793,'Marcolândia',22,'2018-02-02 14:42:48','2019-04-22 17:52:28',2,NULL,5),(794,'Marcos Parente',22,'2018-02-02 14:42:49','2019-04-22 17:52:29',2,NULL,5),(795,'Massapê do Piauí',22,'2018-02-02 14:42:49','2019-04-22 17:52:29',2,NULL,5),(796,'Matias Olímpio',22,'2018-02-02 14:42:49','2019-04-22 17:52:29',2,NULL,5),(797,'Miguel Alves',22,'2018-02-02 14:42:50','2019-04-22 17:52:30',2,NULL,5),(798,'Miguel Leão',22,'2018-02-02 14:42:50','2019-04-22 17:52:30',2,NULL,5),(799,'Milton Brandão',22,'2018-02-02 14:42:50','2019-04-22 17:52:30',2,NULL,5),(800,'Monsenhor Gil',22,'2018-02-02 14:42:51','2019-04-22 17:52:31',2,NULL,5),(801,'Monsenhor Hipólito',22,'2018-02-02 14:42:51','2019-04-22 17:52:31',2,NULL,5),(802,'Monte Alegre do Piauí',22,'2018-02-02 14:42:51','2019-04-22 17:52:32',2,NULL,5),(803,'Morro Cabeça no Tempo',22,'2018-02-02 14:42:52','2019-04-22 17:52:32',2,NULL,5),(804,'Morro do Chapéu do Piauí',22,'2018-02-02 14:42:52','2019-04-22 17:52:32',2,NULL,5),(805,'Murici dos Portelas',22,'2018-02-02 14:42:52','2019-04-22 17:52:33',2,NULL,5),(806,'Nazaré do Piauí',22,'2018-02-02 14:42:53','2019-04-22 17:52:33',2,NULL,5),(807,'Nazária',22,'2018-02-02 14:42:53','2019-04-22 17:52:34',2,NULL,5),(808,'Nossa Senhora de Nazaré',22,'2018-02-02 14:42:53','2019-04-22 17:52:34',2,NULL,5),(809,'Nossa Senhora dos Remédios',22,'2018-02-02 14:42:54','2019-04-22 17:52:34',2,NULL,5),(810,'Novo Oriente do Piauí',22,'2018-02-02 14:42:54','2019-04-22 17:52:35',2,NULL,5),(811,'Novo Santo Antônio',22,'2018-02-02 14:42:54','2019-04-22 17:52:35',2,NULL,5),(812,'Oeiras',22,'2018-02-02 14:42:55','2019-04-22 17:52:36',2,NULL,5),(813,'Olho D\'Água do Piauí',22,'2018-02-02 14:42:55','2019-04-22 17:52:36',2,NULL,5),(814,'Padre Marcos',22,'2018-02-02 14:42:55','2019-04-22 17:52:36',2,NULL,5),(815,'Paes Landim',22,'2018-02-02 14:42:56','2019-04-22 17:52:37',2,NULL,5),(816,'Pajeú do Piauí',22,'2018-02-02 14:42:56','2019-04-22 17:52:37',2,NULL,5),(817,'Palmeira do Piauí',22,'2018-02-02 14:42:57','2019-04-22 17:52:37',2,NULL,5),(818,'Palmeirais',22,'2018-02-02 14:42:57','2019-04-22 17:52:38',2,NULL,5),(819,'Paquetá',22,'2018-02-02 14:42:57','2019-04-22 17:52:38',2,NULL,5),(820,'Parnaguá',22,'2018-02-02 14:42:58','2019-04-22 17:52:38',2,NULL,5),(821,'Parnaíba',22,'2018-02-02 14:42:58','2019-04-22 17:52:39',2,NULL,5),(822,'Passagem Franca do Piauí',22,'2018-02-02 14:42:58','2019-04-22 17:52:39',2,NULL,5),(823,'Patos do Piauí',22,'2018-02-02 14:42:59','2019-04-22 17:52:39',2,NULL,5),(824,'Pau D\'Arco do Piauí',22,'2018-02-02 14:42:59','2019-04-22 17:52:40',2,NULL,5),(825,'Paulistana',22,'2018-02-02 14:42:59','2019-04-22 17:52:40',2,NULL,5),(826,'Pavussu',22,'2018-02-02 14:43:00','2019-04-22 17:52:41',2,NULL,5),(827,'Pedro II',22,'2018-02-02 14:43:00','2019-04-22 17:52:41',2,NULL,5),(828,'Pedro Laurentino',22,'2018-02-02 14:43:00','2019-04-22 17:52:41',2,NULL,5),(829,'Nova Santa Rita',22,'2018-02-02 14:43:01','2019-04-22 17:52:42',2,NULL,5),(830,'Picos',22,'2018-02-02 14:43:01','2019-04-22 17:52:42',2,NULL,5),(831,'Pimenteiras',22,'2018-02-02 14:43:01','2019-04-22 17:52:42',2,NULL,5),(832,'Pio IX',22,'2018-02-02 14:43:02','2019-04-22 17:52:43',2,NULL,5),(833,'Piracuruca',22,'2018-02-02 14:43:02','2019-04-22 17:52:43',2,NULL,5),(834,'Piripiri',22,'2018-02-02 14:43:02','2019-04-22 17:52:43',2,NULL,5),(835,'Porto',22,'2018-02-02 14:43:03','2019-04-22 17:52:44',2,NULL,5),(836,'Porto Alegre do Piauí',22,'2018-02-02 14:43:03','2019-04-22 17:52:44',2,NULL,5),(837,'Prata do Piauí',22,'2018-02-02 14:43:04','2019-04-22 17:52:45',2,NULL,5),(838,'Queimada Nova',22,'2018-02-02 14:43:04','2019-04-22 17:52:45',2,NULL,5),(839,'Redenção do Gurguéia',22,'2018-02-02 14:43:04','2019-04-22 17:52:45',2,NULL,5),(840,'Regeneração',22,'2018-02-02 14:43:05','2019-04-22 17:52:46',2,NULL,5),(841,'Riacho Frio',22,'2018-02-02 14:43:05','2019-04-22 17:52:46',2,NULL,5),(842,'Ribeira do Piauí',22,'2018-02-02 14:43:05','2019-04-22 17:52:46',2,NULL,5),(843,'Ribeiro Gonçalves',22,'2018-02-02 14:43:06','2019-04-22 17:52:47',2,NULL,5),(844,'Rio Grande do Piauí',22,'2018-02-02 14:43:06','2019-04-22 17:52:47',2,NULL,5),(845,'Santa Cruz do Piauí',22,'2018-02-02 14:43:06','2019-04-22 17:52:47',2,NULL,5),(846,'Santa Cruz dos Milagres',22,'2018-02-02 14:43:07','2019-04-22 17:52:48',2,NULL,5),(847,'Santa Filomena',22,'2018-02-02 14:43:07','2019-04-22 17:52:48',2,NULL,5),(848,'Santa Luz',22,'2018-02-02 14:43:07','2019-04-22 17:52:49',2,NULL,5),(849,'Santana do Piauí',22,'2018-02-02 14:43:08','2019-04-22 17:52:49',2,NULL,5),(850,'Santa Rosa do Piauí',22,'2018-02-02 14:43:08','2019-04-22 17:52:49',2,NULL,5),(851,'Santo Antônio de Lisboa',22,'2018-02-02 14:43:08','2019-04-22 17:52:50',2,NULL,5),(852,'Santo Antônio dos Milagres',22,'2018-02-02 14:43:09','2019-04-22 17:52:50',2,NULL,5),(853,'Santo Inácio do Piauí',22,'2018-02-02 14:43:09','2019-04-22 17:52:50',2,NULL,5),(854,'São Braz do Piauí',22,'2018-02-02 14:43:09','2019-04-22 17:52:51',2,NULL,5),(855,'São Félix do Piauí',22,'2018-02-02 14:43:10','2019-04-22 17:52:51',2,NULL,5),(856,'São Francisco de Assis do Piauí',22,'2018-02-02 14:43:10','2019-04-22 17:52:51',2,NULL,5),(857,'São Francisco do Piauí',22,'2018-02-02 14:43:11','2019-04-22 17:52:52',2,NULL,5),(858,'São Gonçalo do Gurguéia',22,'2018-02-02 14:43:11','2019-04-22 17:52:52',2,NULL,5),(859,'São Gonçalo do Piauí',22,'2018-02-02 14:43:11','2019-04-22 17:52:52',2,NULL,5),(860,'São João da Canabrava',22,'2018-02-02 14:43:12','2019-04-22 17:52:53',2,NULL,5),(861,'São João da Fronteira',22,'2018-02-02 14:43:12','2019-04-22 17:52:53',2,NULL,5),(862,'São João da Serra',22,'2018-02-02 14:43:12','2019-04-22 17:52:54',2,NULL,5),(863,'São João da Varjota',22,'2018-02-02 14:43:13','2019-04-22 17:52:54',2,NULL,5),(864,'São João do Arraial',22,'2018-02-02 14:43:13','2019-04-22 17:52:54',2,NULL,5),(865,'São João do Piauí',22,'2018-02-02 14:43:13','2019-04-22 17:52:55',2,NULL,5),(866,'São José do Divino',22,'2018-02-02 14:43:14','2019-04-22 17:52:55',2,NULL,5),(867,'São José do Peixe',22,'2018-02-02 14:43:14','2019-04-22 17:52:55',2,NULL,5),(868,'São José do Piauí',22,'2018-02-02 14:43:14','2019-04-22 17:52:56',2,NULL,5),(869,'São Julião',22,'2018-02-02 14:43:15','2019-04-22 17:52:56',2,NULL,5),(870,'São Lourenço do Piauí',22,'2018-02-02 14:43:15','2019-04-22 17:52:56',2,NULL,5),(871,'São Luis do Piauí',22,'2018-02-02 14:43:15','2019-04-22 17:52:57',2,NULL,5),(872,'São Miguel da Baixa Grande',22,'2018-02-02 14:43:16','2019-04-22 17:52:57',2,NULL,5),(873,'São Miguel do Fidalgo',22,'2018-02-02 14:43:16','2019-04-22 17:52:57',2,NULL,5),(874,'São Miguel do Tapuio',22,'2018-02-02 14:43:16','2019-04-22 17:52:58',2,NULL,5),(875,'São Pedro do Piauí',22,'2018-02-02 14:43:17','2019-04-22 17:52:58',2,NULL,5),(876,'São Raimundo Nonato',22,'2018-02-02 14:43:17','2019-04-22 17:52:59',2,NULL,5),(877,'Sebastião Barros',22,'2018-02-02 14:43:18','2019-04-22 17:52:59',2,NULL,5),(878,'Sebastião Leal',22,'2018-02-02 14:43:18','2019-04-22 17:52:59',2,NULL,5),(879,'Sigefredo Pacheco',22,'2018-02-02 14:43:18','2019-04-22 17:53:00',2,NULL,5),(880,'Simões',22,'2018-02-02 14:43:19','2019-04-22 17:53:00',2,NULL,5),(881,'Simplício Mendes',22,'2018-02-02 14:43:19','2019-04-22 17:53:00',2,NULL,5),(882,'Socorro do Piauí',22,'2018-02-02 14:43:19','2019-04-22 17:53:01',2,NULL,5),(883,'Sussuapara',22,'2018-02-02 14:43:20','2019-04-22 17:53:01',2,NULL,5),(884,'Tamboril do Piauí',22,'2018-02-02 14:43:20','2019-04-22 17:53:01',2,NULL,5),(885,'Tanque do Piauí',22,'2018-02-02 14:43:20','2019-04-22 17:53:02',2,NULL,5),(886,'Teresina',22,'2018-02-02 14:43:21','2019-04-22 17:53:02',2,NULL,5),(887,'União',22,'2018-02-02 14:43:21','2019-04-22 17:53:03',2,NULL,5),(888,'Uruçuí',22,'2018-02-02 14:43:21','2019-04-22 17:53:03',2,NULL,5),(889,'Valença do Piauí',22,'2018-02-02 14:43:22','2019-04-22 17:53:03',2,NULL,5),(890,'Várzea Branca',22,'2018-02-02 14:43:22','2019-04-22 17:53:04',2,NULL,5),(891,'Várzea Grande',22,'2018-02-02 14:43:22','2019-04-22 17:53:04',2,NULL,5),(892,'Vera Mendes',22,'2018-02-02 14:43:23','2019-04-22 17:53:04',2,NULL,5),(893,'Vila Nova do Piauí',22,'2018-02-02 14:43:23','2019-04-22 17:53:05',2,NULL,5),(894,'Wall Ferraz',22,'2018-02-02 14:43:23','2019-04-22 17:53:05',2,NULL,5),(895,'Abaiara',10,'2018-02-02 14:44:46','2019-04-22 17:53:05',2,NULL,5),(896,'Acarape',10,'2018-02-02 14:44:47','2019-04-22 17:53:06',2,NULL,5),(897,'Acaraú',10,'2018-02-02 14:44:47','2019-04-22 17:53:06',2,NULL,5),(898,'Acopiara',10,'2018-02-02 14:44:47','2019-04-22 17:53:06',2,NULL,5),(899,'Aiuaba',10,'2018-02-02 14:44:48','2019-04-22 17:53:07',2,NULL,5),(900,'Alcântaras',10,'2018-02-02 14:44:48','2019-04-22 17:53:07',2,NULL,5),(901,'Altaneira',10,'2018-02-02 14:44:48','2019-04-22 17:53:08',2,NULL,5),(902,'Alto Santo',10,'2018-02-02 14:44:49','2019-04-22 17:53:08',2,NULL,5),(903,'Amontada',10,'2018-02-02 14:44:49','2019-04-22 17:53:09',2,NULL,5),(904,'Antonina do Norte',10,'2018-02-02 14:44:49','2019-04-22 17:53:09',2,NULL,5),(905,'Apuiarés',10,'2018-02-02 14:44:50','2019-04-22 17:53:09',2,NULL,5),(906,'Aquiraz',10,'2018-02-02 14:44:50','2019-04-22 17:53:10',2,NULL,5),(907,'Aracati',10,'2018-02-02 14:44:50','2019-04-22 17:53:10',2,NULL,5),(908,'Aracoiaba',10,'2018-02-02 14:44:51','2019-04-22 17:53:11',2,NULL,5),(909,'Ararendá',10,'2018-02-02 14:44:51','2019-04-22 17:53:11',2,NULL,5),(910,'Araripe',10,'2018-02-02 14:44:52','2019-04-22 17:53:11',2,NULL,5),(911,'Aratuba',10,'2018-02-02 14:44:52','2019-04-22 17:53:12',2,NULL,5),(912,'Arneiroz',10,'2018-02-02 14:44:52','2019-04-22 17:53:12',2,NULL,5),(913,'Assaré',10,'2018-02-02 14:44:53','2019-04-22 17:53:12',2,NULL,5),(914,'Aurora',10,'2018-02-02 14:44:53','2019-04-22 17:53:13',2,NULL,5),(915,'Baixio',10,'2018-02-02 14:44:53','2019-04-22 17:53:13',2,NULL,5),(916,'Banabuiú',10,'2018-02-02 14:44:54','2019-04-22 17:53:13',2,NULL,5),(917,'Barbalha',10,'2018-02-02 14:44:54','2019-04-22 17:53:14',2,NULL,5),(918,'Barreira',10,'2018-02-02 14:44:54','2019-04-22 17:53:14',2,NULL,5),(919,'Barro',10,'2018-02-02 14:44:55','2019-04-22 17:53:14',2,NULL,5),(920,'Barroquinha',10,'2018-02-02 14:44:55','2019-04-22 17:53:15',2,NULL,5),(921,'Baturité',10,'2018-02-02 14:44:55','2019-04-22 17:53:15',2,NULL,5),(922,'Beberibe',10,'2018-02-02 14:44:56','2019-04-22 17:53:16',2,NULL,5),(923,'Bela Cruz',10,'2018-02-02 14:44:56','2019-04-22 17:53:16',2,NULL,5),(924,'Boa Viagem',10,'2018-02-02 14:44:56','2019-04-22 17:53:16',2,NULL,5),(925,'Brejo Santo',10,'2018-02-02 14:44:57','2019-04-22 17:53:17',2,NULL,5),(926,'Camocim',10,'2018-02-02 14:44:57','2019-04-22 17:53:17',2,NULL,5),(927,'Campos Sales',10,'2018-02-02 14:44:57','2019-04-22 17:53:17',2,NULL,5),(928,'Canindé',10,'2018-02-02 14:44:58','2019-04-22 17:53:18',2,NULL,5),(929,'Capistrano',10,'2018-02-02 14:44:58','2019-04-22 17:53:18',2,NULL,5),(930,'Caridade',10,'2018-02-02 14:44:59','2019-04-22 17:53:18',2,NULL,5),(931,'Cariré',10,'2018-02-02 14:44:59','2019-04-22 17:53:19',2,NULL,5),(932,'Caririaçu',10,'2018-02-02 14:44:59','2019-04-22 17:53:19',2,NULL,5),(933,'Cariús',10,'2018-02-02 14:45:00','2019-04-22 17:53:19',2,NULL,5),(934,'Carnaubal',10,'2018-02-02 14:45:00','2019-04-22 17:53:20',2,NULL,5),(935,'Cascavel',10,'2018-02-02 14:45:00','2019-04-22 17:53:20',2,NULL,5),(936,'Catarina',10,'2018-02-02 14:45:01','2019-04-22 17:53:21',2,NULL,5),(937,'Catunda',10,'2018-02-02 14:45:01','2019-04-22 17:53:21',2,NULL,5),(938,'Caucaia',10,'2018-02-02 14:45:01','2019-04-22 17:53:21',2,NULL,5),(939,'Cedro',10,'2018-02-02 14:45:02','2019-04-22 17:53:22',2,NULL,5),(940,'Chaval',10,'2018-02-02 14:45:02','2019-04-22 17:53:22',2,NULL,5),(941,'Choró',10,'2018-02-02 14:45:02','2019-04-22 17:53:22',2,NULL,5),(942,'Chorozinho',10,'2018-02-02 14:45:03','2019-04-22 17:53:23',2,NULL,5),(943,'Coreaú',10,'2018-02-02 14:45:03','2019-04-22 17:53:23',2,NULL,5),(944,'Crateús',10,'2018-02-02 14:45:03','2019-04-22 17:53:23',2,NULL,5),(945,'Crato',10,'2018-02-02 14:45:04','2019-04-22 17:53:24',2,NULL,5),(946,'Croatá',10,'2018-02-02 14:45:04','2019-04-22 17:53:24',2,NULL,5),(947,'Cruz',10,'2018-02-02 14:45:05','2019-04-22 17:53:25',2,NULL,5),(948,'Deputado Irapuan Pinheiro',10,'2018-02-02 14:45:05','2019-04-22 17:53:25',2,NULL,5),(949,'Ererê',10,'2018-02-02 14:45:05','2019-04-22 17:53:25',2,NULL,5),(950,'Eusébio',10,'2018-02-02 14:45:06','2019-04-22 17:53:26',2,NULL,5),(951,'Farias Brito',10,'2018-02-02 14:45:06','2019-04-22 17:53:26',2,NULL,5),(952,'Forquilha',10,'2018-02-02 14:45:06','2019-04-22 17:53:26',2,NULL,5),(953,'Fortaleza',10,'2018-02-02 14:45:07','2019-04-22 17:53:27',2,NULL,5),(954,'Fortim',10,'2018-02-02 14:45:07','2019-04-22 17:53:27',2,NULL,5),(955,'Frecheirinha',10,'2018-02-02 14:45:07','2019-04-22 17:53:27',2,NULL,5),(956,'General Sampaio',10,'2018-02-02 14:45:08','2019-04-22 17:53:28',2,NULL,5),(957,'Graça',10,'2018-02-02 14:45:08','2019-04-22 17:53:28',2,NULL,5),(958,'Granja',10,'2018-02-02 14:45:08','2019-04-22 17:53:28',2,NULL,5),(959,'Granjeiro',10,'2018-02-02 14:45:09','2019-04-22 17:53:29',2,NULL,5),(960,'Groaíras',10,'2018-02-02 14:45:09','2019-04-22 17:53:29',2,NULL,5),(961,'Guaiúba',10,'2018-02-02 14:45:09','2019-04-22 17:53:30',2,NULL,5),(962,'Guaraciaba do Norte',10,'2018-02-02 14:45:10','2019-04-22 17:53:30',2,NULL,5),(963,'Guaramiranga',10,'2018-02-02 14:45:10','2019-04-22 17:53:30',2,NULL,5),(964,'Hidrolândia',10,'2018-02-02 14:45:10','2019-04-22 17:53:31',2,NULL,5),(965,'Horizonte',10,'2018-02-02 14:45:11','2019-04-22 17:53:31',2,NULL,5),(966,'Ibaretama',10,'2018-02-02 14:45:11','2019-04-22 17:53:31',2,NULL,5),(967,'Ibiapina',10,'2018-02-02 14:45:12','2019-04-22 17:53:32',2,NULL,5),(968,'Ibicuitinga',10,'2018-02-02 14:45:12','2019-04-22 17:53:32',2,NULL,5),(969,'Icapuí',10,'2018-02-02 14:45:12','2019-04-22 17:53:32',2,NULL,5),(970,'Icó',10,'2018-02-02 14:45:13','2019-04-22 17:53:33',2,NULL,5),(971,'Iguatu',10,'2018-02-02 14:45:13','2019-04-22 17:53:33',2,NULL,5),(972,'Independência',10,'2018-02-02 14:45:13','2019-04-22 17:53:33',2,NULL,5),(973,'Ipaporanga',10,'2018-02-02 14:45:14','2019-04-22 17:53:34',2,NULL,5),(974,'Ipaumirim',10,'2018-02-02 14:45:14','2019-04-22 17:53:34',2,NULL,5),(975,'Ipu',10,'2018-02-02 14:45:14','2019-04-22 17:53:35',2,NULL,5),(976,'Ipueiras',10,'2018-02-02 14:45:15','2019-04-22 17:53:35',2,NULL,5),(977,'Iracema',10,'2018-02-02 14:45:15','2019-04-22 17:53:35',2,NULL,5),(978,'Irauçuba',10,'2018-02-02 14:45:15','2019-04-22 17:53:36',2,NULL,5),(979,'Itaiçaba',10,'2018-02-02 14:45:16','2019-04-22 17:53:36',2,NULL,5),(980,'Itaitinga',10,'2018-02-02 14:45:16','2019-04-22 17:53:36',2,NULL,5),(981,'Itapagé',10,'2018-02-02 14:45:16','2019-04-22 17:53:37',2,NULL,5),(982,'Itapipoca',10,'2018-02-02 14:45:17','2019-04-22 17:53:37',2,NULL,5),(983,'Itapiúna',10,'2018-02-02 14:45:17','2019-04-22 17:53:37',2,NULL,5),(984,'Itarema',10,'2018-02-02 14:45:17','2019-04-22 17:53:38',2,NULL,5),(985,'Itatira',10,'2018-02-02 14:45:18','2019-04-22 17:53:38',2,NULL,5),(986,'Jaguaretama',10,'2018-02-02 14:45:18','2019-04-22 17:53:39',2,NULL,5),(987,'Jaguaribara',10,'2018-02-02 14:45:18','2019-04-22 17:53:39',2,NULL,5),(988,'Jaguaribe',10,'2018-02-02 14:45:19','2019-04-22 17:53:39',2,NULL,5),(989,'Jaguaruana',10,'2018-02-02 14:45:19','2019-04-22 17:53:40',2,NULL,5),(990,'Jardim',10,'2018-02-02 14:45:20','2019-04-22 17:53:40',2,NULL,5),(991,'Jati',10,'2018-02-02 14:45:20','2019-04-22 17:53:40',2,NULL,5),(992,'Jijoca de Jericoacoara',10,'2018-02-02 14:45:20','2019-04-22 17:53:41',2,NULL,5),(993,'Juazeiro do Norte',10,'2018-02-02 14:45:21','2019-04-22 17:53:41',2,NULL,5),(994,'Jucás',10,'2018-02-02 14:45:21','2019-04-22 17:53:41',2,NULL,5),(995,'Lavras da Mangabeira',10,'2018-02-02 14:45:21','2019-04-22 17:53:42',2,NULL,5),(996,'Limoeiro do Norte',10,'2018-02-02 14:45:22','2019-04-22 17:53:42',2,NULL,5),(997,'Madalena',10,'2018-02-02 14:45:22','2019-04-22 17:53:42',2,NULL,5),(998,'Maracanaú',10,'2018-02-02 14:45:22','2019-04-22 17:53:43',2,NULL,5),(999,'Maranguape',10,'2018-02-02 14:45:23','2019-04-22 17:53:43',2,NULL,5),(1000,'Marco',10,'2018-02-02 14:45:23','2019-04-22 17:53:44',2,NULL,5),(1001,'Martinópole',10,'2018-02-02 14:45:23','2019-04-22 17:53:44',2,NULL,5),(1002,'Massapê',10,'2018-02-02 14:45:24','2019-04-22 17:53:45',2,NULL,5),(1003,'Mauriti',10,'2018-02-02 14:45:24','2019-04-22 17:53:45',2,NULL,5),(1004,'Meruoca',10,'2018-02-02 14:45:24','2019-04-22 17:53:46',2,NULL,5),(1005,'Milagres',10,'2018-02-02 14:45:25','2019-04-22 17:53:46',2,NULL,5),(1006,'Milhã',10,'2018-02-02 14:45:25','2019-04-22 17:53:47',2,NULL,5),(1007,'Miraíma',10,'2018-02-02 14:45:25','2019-04-22 17:53:48',2,NULL,5),(1008,'Missão Velha',10,'2018-02-02 14:45:26','2019-04-22 17:53:48',2,NULL,5),(1009,'Mombaça',10,'2018-02-02 14:45:26','2019-04-22 17:53:49',2,NULL,5),(1010,'Monsenhor Tabosa',10,'2018-02-02 14:45:26','2019-04-22 17:53:49',2,NULL,5),(1011,'Morada Nova',10,'2018-02-02 14:45:27','2019-04-22 17:53:50',2,NULL,5),(1012,'Moraújo',10,'2018-02-02 14:45:27','2019-04-22 17:53:50',2,NULL,5),(1013,'Morrinhos',10,'2018-02-02 14:45:28','2019-04-22 17:53:50',2,NULL,5),(1014,'Mucambo',10,'2018-02-02 14:45:28','2019-04-22 17:53:51',2,NULL,5),(1015,'Mulungu',10,'2018-02-02 14:45:28','2019-04-22 17:53:51',2,NULL,5),(1016,'Nova Olinda',10,'2018-02-02 14:45:29','2019-04-22 17:53:51',2,NULL,5),(1017,'Nova Russas',10,'2018-02-02 14:45:29','2019-04-22 17:53:52',2,NULL,5),(1018,'Novo Oriente',10,'2018-02-02 14:45:29','2019-04-22 17:53:52',2,NULL,5),(1019,'Ocara',10,'2018-02-02 14:45:30','2019-04-22 17:53:53',2,NULL,5),(1020,'Orós',10,'2018-02-02 14:45:30','2019-04-22 17:53:53',2,NULL,5),(1021,'Pacajus',10,'2018-02-02 14:45:30','2019-04-22 17:53:53',2,NULL,5),(1022,'Pacatuba',10,'2018-02-02 14:45:31','2019-04-22 17:53:54',2,NULL,5),(1023,'Pacoti',10,'2018-02-02 14:45:31','2019-04-22 17:53:54',2,NULL,5),(1024,'Pacujá',10,'2018-02-02 14:45:31','2019-04-22 17:53:54',2,NULL,5),(1025,'Palhano',10,'2018-02-02 14:45:32','2019-04-22 17:53:55',2,NULL,5),(1026,'Palmácia',10,'2018-02-02 14:45:32','2019-04-22 17:53:55',2,NULL,5),(1027,'Paracuru',10,'2018-02-02 14:45:32','2019-04-22 17:53:55',2,NULL,5),(1028,'Paraipaba',10,'2018-02-02 14:45:33','2019-04-22 17:53:56',2,NULL,5),(1029,'Parambu',10,'2018-02-02 14:45:33','2019-04-22 17:53:56',2,NULL,5),(1030,'Paramoti',10,'2018-02-02 14:45:34','2019-04-22 17:53:56',2,NULL,5),(1031,'Pedra Branca',10,'2018-02-02 14:45:34','2019-04-22 17:53:57',2,NULL,5),(1032,'Penaforte',10,'2018-02-02 14:45:34','2019-04-22 17:53:57',2,NULL,5),(1033,'Pentecoste',10,'2018-02-02 14:45:35','2019-04-22 17:53:58',2,NULL,5),(1034,'Pereiro',10,'2018-02-02 14:45:35','2019-04-22 17:53:58',2,NULL,5),(1035,'Pindoretama',10,'2018-02-02 14:45:35','2019-04-22 17:53:58',2,NULL,5),(1036,'Piquet Carneiro',10,'2018-02-02 14:45:36','2019-04-22 17:53:59',2,NULL,5),(1037,'Pires Ferreira',10,'2018-02-02 14:45:36','2019-04-22 17:53:59',2,NULL,5),(1038,'Poranga',10,'2018-02-02 14:45:36','2019-04-22 17:53:59',2,NULL,5),(1039,'Porteiras',10,'2018-02-02 14:45:37','2019-04-22 17:54:00',2,NULL,5),(1040,'Potengi',10,'2018-02-02 14:45:37','2019-04-22 17:54:00',2,NULL,5),(1041,'Potiretama',10,'2018-02-02 14:45:37','2019-04-22 17:54:00',2,NULL,5),(1042,'Quiterianópolis',10,'2018-02-02 14:45:38','2019-04-22 17:54:01',2,NULL,5),(1043,'Quixadá',10,'2018-02-02 14:45:38','2019-04-22 17:54:01',2,NULL,5),(1044,'Quixelô',10,'2018-02-02 14:45:38','2019-04-22 17:54:01',2,NULL,5),(1045,'Quixeramobim',10,'2018-02-02 14:45:39','2019-04-22 17:54:02',2,NULL,5),(1046,'Quixeré',10,'2018-02-02 14:45:39','2019-04-22 17:54:02',2,NULL,5),(1047,'Redenção',10,'2018-02-02 14:45:39','2019-04-22 17:54:03',2,NULL,5),(1048,'Reriutaba',10,'2018-02-02 14:45:40','2019-04-22 17:54:03',2,NULL,5),(1049,'Russas',10,'2018-02-02 14:45:40','2019-04-22 17:54:03',2,NULL,5),(1050,'Saboeiro',10,'2018-02-02 14:45:41','2019-04-22 17:54:04',2,NULL,5),(1051,'Salitre',10,'2018-02-02 14:45:41','2019-04-22 17:54:04',2,NULL,5),(1052,'Santana do Acaraú',10,'2018-02-02 14:45:41','2019-04-22 17:54:04',2,NULL,5),(1053,'Santana do Cariri',10,'2018-02-02 14:45:42','2019-04-22 17:54:05',2,NULL,5),(1054,'Santa Quitéria',10,'2018-02-02 14:45:42','2019-04-22 17:54:05',2,NULL,5),(1055,'São Benedito',10,'2018-02-02 14:45:42','2019-04-22 17:54:06',2,NULL,5),(1056,'São Gonçalo do Amarante',10,'2018-02-02 14:45:43','2019-04-22 17:54:06',2,NULL,5),(1057,'São João do Jaguaribe',10,'2018-02-02 14:45:43','2019-04-22 17:54:06',2,NULL,5),(1058,'São Luís do Curu',10,'2018-02-02 14:45:43','2019-04-22 17:54:07',2,NULL,5),(1059,'Senador Pompeu',10,'2018-02-02 14:45:44','2019-04-22 17:54:07',2,NULL,5),(1060,'Senador Sá',10,'2018-02-02 14:45:44','2019-04-22 17:54:07',2,NULL,5),(1061,'Sobral',10,'2018-02-02 14:45:44','2019-04-22 17:54:08',2,NULL,5),(1062,'Solonópole',10,'2018-02-02 14:45:45','2019-04-22 17:54:08',2,NULL,5),(1063,'Tabuleiro do Norte',10,'2018-02-02 14:45:45','2019-04-22 17:54:08',2,NULL,5),(1064,'Tamboril',10,'2018-02-02 14:45:45','2019-04-22 17:54:09',2,NULL,5),(1065,'Tarrafas',10,'2018-02-02 14:45:46','2019-04-22 17:54:09',2,NULL,5),(1066,'Tauá',10,'2018-02-02 14:45:46','2019-04-22 17:54:09',2,NULL,5),(1067,'Tejuçuoca',10,'2018-02-02 14:45:46','2019-04-22 17:54:10',2,NULL,5),(1068,'Tianguá',10,'2018-02-02 14:45:47','2019-04-22 17:54:10',2,NULL,5),(1069,'Trairi',10,'2018-02-02 14:45:47','2019-04-22 17:54:11',2,NULL,5),(1070,'Tururu',10,'2018-02-02 14:45:47','2019-04-22 17:54:11',2,NULL,5),(1071,'Ubajara',10,'2018-02-02 14:45:48','2019-04-22 17:54:11',2,NULL,5),(1072,'Umari',10,'2018-02-02 14:45:48','2019-04-22 17:54:12',2,NULL,5),(1073,'Umirim',10,'2018-02-02 14:45:49','2019-04-22 17:54:12',2,NULL,5),(1074,'Uruburetama',10,'2018-02-02 14:45:49','2019-04-22 17:54:12',2,NULL,5),(1075,'Uruoca',10,'2018-02-02 14:45:49','2019-04-22 17:54:13',2,NULL,5),(1076,'Varjota',10,'2018-02-02 14:45:50','2019-04-22 17:54:13',2,NULL,5),(1077,'Várzea Alegre',10,'2018-02-02 14:45:50','2019-04-22 17:54:13',2,NULL,5),(1078,'Viçosa do Ceará',10,'2018-02-02 14:45:50','2019-04-22 17:54:14',2,NULL,5),(1079,'Acari',24,'2018-02-02 14:47:24','2019-04-22 17:54:14',2,NULL,5),(1080,'Açu',24,'2018-02-02 14:47:25','2019-04-22 17:54:14',2,NULL,5),(1081,'Afonso Bezerra',24,'2018-02-02 14:47:25','2019-04-22 17:54:15',2,NULL,5),(1082,'Água Nova',24,'2018-02-02 14:47:25','2019-04-22 17:54:15',2,NULL,5),(1083,'Alexandria',24,'2018-02-02 14:47:26','2019-04-22 17:54:16',2,NULL,5),(1084,'Almino Afonso',24,'2018-02-02 14:47:26','2019-04-22 17:54:16',2,NULL,5),(1085,'Alto do Rodrigues',24,'2018-02-02 14:47:26','2019-04-22 17:54:16',2,NULL,5),(1086,'Angicos',24,'2018-02-02 14:47:27','2019-04-22 17:54:17',2,NULL,5),(1087,'Antônio Martins',24,'2018-02-02 14:47:27','2019-04-22 17:54:17',2,NULL,5),(1088,'Apodi',24,'2018-02-02 14:47:28','2019-04-22 17:54:18',2,NULL,5),(1089,'Areia Branca',24,'2018-02-02 14:47:28','2019-04-22 17:54:18',2,NULL,5),(1090,'Arês',24,'2018-02-02 14:47:28','2019-04-22 17:54:19',2,NULL,5),(1091,'Augusto Severo',24,'2018-02-02 14:47:29','2019-04-22 17:54:19',2,NULL,5),(1092,'Baía Formosa',24,'2018-02-02 14:47:29','2019-04-22 17:54:19',2,NULL,5),(1093,'Baraúna',24,'2018-02-02 14:47:29','2019-04-22 17:54:20',2,NULL,5),(1094,'Barcelona',24,'2018-02-02 14:47:30','2019-04-22 17:54:20',2,NULL,5),(1095,'Bento Fernandes',24,'2018-02-02 14:47:30','2019-04-22 17:54:20',2,NULL,5),(1096,'Bodó',24,'2018-02-02 14:47:30','2019-04-22 17:54:21',2,NULL,5),(1097,'Bom Jesus',24,'2018-02-02 14:47:31','2019-04-22 17:54:21',2,NULL,5),(1098,'Brejinho',24,'2018-02-02 14:47:31','2019-04-22 17:54:22',2,NULL,5),(1099,'Caiçara do Norte',24,'2018-02-02 14:47:32','2019-04-22 17:54:22',2,NULL,5),(1100,'Caiçara do Rio do Vento',24,'2018-02-02 14:47:32','2019-04-22 17:54:22',2,NULL,5),(1101,'Caicó',24,'2018-02-02 14:47:32','2019-04-22 17:54:23',2,NULL,5),(1102,'Campo Redondo',24,'2018-02-02 14:47:33','2019-04-22 17:54:23',2,NULL,5),(1103,'Canguaretama',24,'2018-02-02 14:47:33','2019-04-22 17:54:23',2,NULL,5),(1104,'Caraúbas',24,'2018-02-02 14:47:33','2019-04-22 17:54:24',2,NULL,5),(1105,'Carnaúba dos Dantas',24,'2018-02-02 14:47:34','2019-04-22 17:54:24',2,NULL,5),(1106,'Carnaubais',24,'2018-02-02 14:47:34','2019-04-22 17:54:25',2,NULL,5),(1107,'Ceará-Mirim',24,'2018-02-02 14:47:34','2019-04-22 17:54:25',2,NULL,5),(1108,'Cerro Corá',24,'2018-02-02 14:47:35','2019-04-22 17:54:25',2,NULL,5),(1109,'Coronel Ezequiel',24,'2018-02-02 14:47:35','2019-04-22 17:54:26',2,NULL,5),(1110,'Coronel João Pessoa',24,'2018-02-02 14:47:36','2019-04-22 17:54:26',2,NULL,5),(1111,'Cruzeta',24,'2018-02-02 14:47:36','2019-04-22 17:54:26',2,NULL,5),(1112,'Currais Novos',24,'2018-02-02 14:47:36','2019-04-22 17:54:27',2,NULL,5),(1113,'Doutor Severiano',24,'2018-02-02 14:47:37','2019-04-22 17:54:27',2,NULL,5),(1114,'Parnamirim',24,'2018-02-02 14:47:37','2019-04-22 17:54:27',2,NULL,5),(1115,'Encanto',24,'2018-02-02 14:47:37','2019-04-22 17:54:28',2,NULL,5),(1116,'Equador',24,'2018-02-02 14:47:38','2019-04-22 17:54:28',2,NULL,5),(1117,'Espírito Santo',24,'2018-02-02 14:47:38','2019-04-22 17:54:28',2,NULL,5),(1118,'Extremoz',24,'2018-02-02 14:47:39','2019-04-22 17:54:29',2,NULL,5),(1119,'Felipe Guerra',24,'2018-02-02 14:47:39','2019-04-22 17:54:29',2,NULL,5),(1120,'Fernando Pedroza',24,'2018-02-02 14:47:39','2019-04-22 17:54:30',2,NULL,5),(1121,'Florânia',24,'2018-02-02 14:47:40','2019-04-22 17:54:30',2,NULL,5),(1122,'Francisco Dantas',24,'2018-02-02 14:47:40','2019-04-22 17:54:30',2,NULL,5),(1123,'Frutuoso Gomes',24,'2018-02-02 14:47:41','2019-04-22 17:54:31',2,NULL,5),(1124,'Galinhos',24,'2018-02-02 14:47:41','2019-04-22 17:54:31',2,NULL,5),(1125,'Goianinha',24,'2018-02-02 14:47:41','2019-04-22 17:54:31',2,NULL,5),(1126,'Governador Dix-Sept Rosado',24,'2018-02-02 14:47:42','2019-04-22 17:54:32',2,NULL,5),(1127,'Grossos',24,'2018-02-02 14:47:42','2019-04-22 17:54:32',2,NULL,5),(1128,'Guamaré',24,'2018-02-02 14:47:43','2019-04-22 17:54:32',2,NULL,5),(1129,'Ielmo Marinho',24,'2018-02-02 14:47:43','2019-04-22 17:54:33',2,NULL,5),(1130,'Ipanguaçu',24,'2018-02-02 14:47:43','2019-04-22 17:54:33',2,NULL,5),(1131,'Ipueira',24,'2018-02-02 14:47:44','2019-04-22 17:54:33',2,NULL,5),(1132,'Itajá',24,'2018-02-02 14:47:44','2019-04-22 17:54:34',2,NULL,5),(1133,'Itaú',24,'2018-02-02 14:47:44','2019-04-22 17:54:34',2,NULL,5),(1134,'Jaçanã',24,'2018-02-02 14:47:45','2019-04-22 17:54:35',2,NULL,5),(1135,'Jandaíra',24,'2018-02-02 14:47:45','2019-04-22 17:54:35',2,NULL,5),(1136,'Janduís',24,'2018-02-02 14:47:45','2019-04-22 17:54:35',2,NULL,5),(1137,'Januário Cicco',24,'2018-02-02 14:47:46','2019-04-22 17:54:36',2,NULL,5),(1138,'Japi',24,'2018-02-02 14:47:46','2019-04-22 17:54:36',2,NULL,5),(1139,'Jardim de Angicos',24,'2018-02-02 14:47:46','2019-04-22 17:54:36',2,NULL,5),(1140,'Jardim de Piranhas',24,'2018-02-02 14:47:47','2019-04-22 17:54:37',2,NULL,5),(1141,'Jardim do Seridó',24,'2018-02-02 14:47:47','2019-04-22 17:54:37',2,NULL,5),(1142,'João Câmara',24,'2018-02-02 14:47:48','2019-04-22 17:54:37',2,NULL,5),(1143,'João Dias',24,'2018-02-02 14:47:48','2019-04-22 17:54:38',2,NULL,5),(1144,'José da Penha',24,'2018-02-02 14:47:48','2019-04-22 17:54:38',2,NULL,5),(1145,'Jucurutu',24,'2018-02-02 14:47:49','2019-04-22 17:54:39',2,NULL,5),(1146,'Jundiá',24,'2018-02-02 14:47:49','2019-04-22 17:54:39',2,NULL,5),(1147,'Lagoa D\'Anta',24,'2018-02-02 14:47:49','2019-04-22 17:54:39',2,NULL,5),(1148,'Lagoa de Pedras',24,'2018-02-02 14:47:50','2019-04-22 17:54:40',2,NULL,5),(1149,'Lagoa de Velhos',24,'2018-02-02 14:47:50','2019-04-22 17:54:40',2,NULL,5),(1150,'Lagoa Nova',24,'2018-02-02 14:47:50','2019-04-22 17:54:40',2,NULL,5),(1151,'Lagoa Salgada',24,'2018-02-02 14:47:51','2019-04-22 17:54:41',2,NULL,5),(1152,'Lajes',24,'2018-02-02 14:47:51','2019-04-22 17:54:41',2,NULL,5),(1153,'Lajes Pintadas',24,'2018-02-02 14:47:51','2019-04-22 17:54:41',2,NULL,5),(1154,'Lucrécia',24,'2018-02-02 14:47:52','2019-04-22 17:54:42',2,NULL,5),(1155,'Luís Gomes',24,'2018-02-02 14:47:52','2019-04-22 17:54:42',2,NULL,5),(1156,'Macaíba',24,'2018-02-02 14:47:53','2019-04-22 17:54:42',2,NULL,5),(1157,'Macau',24,'2018-02-02 14:47:53','2019-04-22 17:54:43',2,NULL,5),(1158,'Major Sales',24,'2018-02-02 14:47:53','2019-04-22 17:54:43',2,NULL,5),(1159,'Marcelino Vieira',24,'2018-02-02 14:47:54','2019-04-22 17:54:44',2,NULL,5),(1160,'Martins',24,'2018-02-02 14:47:54','2019-04-22 17:54:44',2,NULL,5),(1161,'Maxaranguape',24,'2018-02-02 14:47:54','2019-04-22 17:54:44',2,NULL,5),(1162,'Messias Targino',24,'2018-02-02 14:47:55','2019-04-22 17:54:45',2,NULL,5),(1163,'Montanhas',24,'2018-02-02 14:47:55','2019-04-22 17:54:45',2,NULL,5),(1164,'Monte Alegre',24,'2018-02-02 14:47:56','2019-04-22 17:54:45',2,NULL,5),(1165,'Monte das Gameleiras',24,'2018-02-02 14:47:56','2019-04-22 17:54:46',2,NULL,5),(1166,'Mossoró',24,'2018-02-02 14:47:56','2019-04-22 17:54:46',2,NULL,5),(1167,'Natal',24,'2018-02-02 14:47:57','2019-04-22 17:54:46',2,NULL,5),(1168,'Nísia Floresta',24,'2018-02-02 14:47:57','2019-04-22 17:54:47',2,NULL,5),(1169,'Nova Cruz',24,'2018-02-02 14:47:58','2019-04-22 17:54:47',2,NULL,5),(1170,'Olho-D\'Água do Borges',24,'2018-02-02 14:47:58','2019-04-22 17:54:48',2,NULL,5),(1171,'Ouro Branco',24,'2018-02-02 14:47:58','2019-04-22 17:54:48',2,NULL,5),(1172,'Paraná',24,'2018-02-02 14:47:59','2019-04-22 17:54:48',2,NULL,5),(1173,'Paraú',24,'2018-02-02 14:47:59','2019-04-22 17:54:49',2,NULL,5),(1174,'Parazinho',24,'2018-02-02 14:47:59','2019-04-22 17:54:50',2,NULL,5),(1175,'Parelhas',24,'2018-02-02 14:48:00','2019-04-22 17:54:50',2,NULL,5),(1176,'Rio do Fogo',24,'2018-02-02 14:48:00','2019-04-22 17:54:50',2,NULL,5),(1177,'Passa e Fica',24,'2018-02-02 14:48:00','2019-04-22 17:54:51',2,NULL,5),(1178,'Passagem',24,'2018-02-02 14:48:01','2019-04-22 17:54:51',2,NULL,5),(1179,'Patu',24,'2018-02-02 14:48:01','2019-04-22 17:54:51',2,NULL,5),(1180,'Santa Maria',24,'2018-02-02 14:48:01','2019-04-22 17:54:52',2,NULL,5),(1181,'Pau dos Ferros',24,'2018-02-02 14:48:02','2019-04-22 17:54:52',2,NULL,5),(1182,'Pedra Grande',24,'2018-02-02 14:48:02','2019-04-22 17:54:52',2,NULL,5),(1183,'Pedra Preta',24,'2018-02-02 14:48:02','2019-04-22 17:54:53',2,NULL,5),(1184,'Pedro Avelino',24,'2018-02-02 14:48:03','2019-04-22 17:54:53',2,NULL,5),(1185,'Pedro Velho',24,'2018-02-02 14:48:03','2019-04-22 17:54:54',2,NULL,5),(1186,'Pendências',24,'2018-02-02 14:48:03','2019-04-22 17:54:54',2,NULL,5),(1187,'Pilões',24,'2018-02-02 14:48:04','2019-04-22 17:54:54',2,NULL,5),(1188,'Poço Branco',24,'2018-02-02 14:48:04','2019-04-22 17:54:55',2,NULL,5),(1189,'Portalegre',24,'2018-02-02 14:48:05','2019-04-22 17:54:55',2,NULL,5),(1190,'Porto do Mangue',24,'2018-02-02 14:48:05','2019-04-22 17:54:55',2,NULL,5),(1191,'Presidente Juscelino',24,'2018-02-02 14:48:05','2019-04-22 17:54:56',2,NULL,5),(1192,'Pureza',24,'2018-02-02 14:48:06','2019-04-22 17:54:56',2,NULL,5),(1193,'Rafael Fernandes',24,'2018-02-02 14:48:06','2019-04-22 17:54:56',2,NULL,5),(1194,'Rafael Godeiro',24,'2018-02-02 14:48:06','2019-04-22 17:54:57',2,NULL,5),(1195,'Riacho da Cruz',24,'2018-02-02 14:48:07','2019-04-22 17:54:57',2,NULL,5),(1196,'Riacho de Santana',24,'2018-02-02 14:48:07','2019-04-22 17:54:57',2,NULL,5),(1197,'Riachuelo',24,'2018-02-02 14:48:07','2019-04-22 17:54:58',2,NULL,5),(1198,'Rodolfo Fernandes',24,'2018-02-02 14:48:08','2019-04-22 17:54:58',2,NULL,5),(1199,'Tibau',24,'2018-02-02 14:48:08','2019-04-22 17:54:59',2,NULL,5),(1200,'Ruy Barbosa',24,'2018-02-02 14:48:08','2019-04-22 17:54:59',2,NULL,5),(1201,'Santa Cruz',24,'2018-02-02 14:48:09','2019-04-22 17:54:59',2,NULL,5),(1202,'Santana do Matos',24,'2018-02-02 14:48:09','2019-04-22 17:55:00',2,NULL,5),(1203,'Santana do Seridó',24,'2018-02-02 14:48:09','2019-04-22 17:55:00',2,NULL,5),(1204,'Santo Antônio',24,'2018-02-02 14:48:10','2019-04-22 17:55:00',2,NULL,5),(1205,'São Bento do Norte',24,'2018-02-02 14:48:10','2019-04-22 17:55:01',2,NULL,5),(1206,'São Bento do Trairí',24,'2018-02-02 14:48:10','2019-04-22 17:55:01',2,NULL,5),(1207,'São Fernando',24,'2018-02-02 14:48:11','2019-04-22 17:55:01',2,NULL,5),(1208,'São Francisco do Oeste',24,'2018-02-02 14:48:11','2019-04-22 17:55:02',2,NULL,5),(1209,'São Gonçalo do Amarante',24,'2018-02-02 14:48:12','2019-04-22 17:55:02',2,NULL,5),(1210,'São João do Sabugi',24,'2018-02-02 14:48:12','2019-04-22 17:55:03',2,NULL,5),(1211,'São José de Mipibu',24,'2018-02-02 14:48:12','2019-04-22 17:55:03',2,NULL,5),(1212,'São José do Campestre',24,'2018-02-02 14:48:13','2019-04-22 17:55:03',2,NULL,5),(1213,'São José do Seridó',24,'2018-02-02 14:48:13','2019-04-22 17:55:04',2,NULL,5),(1214,'São Miguel',24,'2018-02-02 14:48:13','2019-04-22 17:55:04',2,NULL,5),(1215,'São Miguel do Gostoso',24,'2018-02-02 14:48:14','2019-04-22 17:55:04',2,NULL,5),(1216,'São Paulo do Potengi',24,'2018-02-02 14:48:14','2019-04-22 17:55:05',2,NULL,5),(1217,'São Pedro',24,'2018-02-02 14:48:14','2019-04-22 17:55:05',2,NULL,5),(1218,'São Rafael',24,'2018-02-02 14:48:15','2019-04-22 17:55:05',2,NULL,5),(1219,'São Tomé',24,'2018-02-02 14:48:15','2019-04-22 17:55:06',2,NULL,5),(1220,'São Vicente',24,'2018-02-02 14:48:15','2019-04-22 17:55:06',2,NULL,5),(1221,'Senador Elói de Souza',24,'2018-02-02 14:48:16','2019-04-22 17:55:06',2,NULL,5),(1222,'Senador Georgino Avelino',24,'2018-02-02 14:48:16','2019-04-22 17:55:07',2,NULL,5),(1223,'Serra de São Bento',24,'2018-02-02 14:48:16','2019-04-22 17:55:07',2,NULL,5),(1224,'Serra do Mel',24,'2018-02-02 14:48:17','2019-04-22 17:55:08',2,NULL,5),(1225,'Serra Negra do Norte',24,'2018-02-02 14:48:17','2019-04-22 17:55:08',2,NULL,5),(1226,'Serrinha',24,'2018-02-02 14:48:17','2019-04-22 17:55:08',2,NULL,5),(1227,'Serrinha dos Pintos',24,'2018-02-02 14:48:18','2019-04-22 17:55:09',2,NULL,5),(1228,'Severiano Melo',24,'2018-02-02 14:48:18','2019-04-22 17:55:09',2,NULL,5),(1229,'Sítio Novo',24,'2018-02-02 14:48:18','2019-04-22 17:55:09',2,NULL,5),(1230,'Taboleiro Grande',24,'2018-02-02 14:48:19','2019-04-22 17:55:10',2,NULL,5),(1231,'Taipu',24,'2018-02-02 14:48:19','2019-04-22 17:55:10',2,NULL,5),(1232,'Tangará',24,'2018-02-02 14:48:19','2019-04-22 17:55:10',2,NULL,5),(1233,'Tenente Ananias',24,'2018-02-02 14:48:20','2019-04-22 17:55:11',2,NULL,5),(1234,'Tenente Laurentino Cruz',24,'2018-02-02 14:48:20','2019-04-22 17:55:11',2,NULL,5),(1235,'Tibau do Sul',24,'2018-02-02 14:48:21','2019-04-22 17:55:12',2,NULL,5),(1236,'Timbaúba dos Batistas',24,'2018-02-02 14:48:21','2019-04-22 17:55:12',2,NULL,5),(1237,'Touros',24,'2018-02-02 14:48:21','2019-04-22 17:55:12',2,NULL,5),(1238,'Triunfo Potiguar',24,'2018-02-02 14:48:22','2019-04-22 17:55:13',2,NULL,5),(1239,'Umarizal',24,'2018-02-02 14:48:22','2019-04-22 17:55:13',2,NULL,5),(1240,'Upanema',24,'2018-02-02 14:48:22','2019-04-22 17:55:13',2,NULL,5),(1241,'Várzea',24,'2018-02-02 14:48:23','2019-04-22 17:55:14',2,NULL,5),(1242,'Venha-Ver',24,'2018-02-02 14:48:23','2019-04-22 17:55:14',2,NULL,5),(1243,'Vera Cruz',24,'2018-02-02 14:48:23','2019-04-22 17:55:14',2,NULL,5),(1244,'Viçosa',24,'2018-02-02 14:48:24','2019-04-22 17:55:15',2,NULL,5),(1245,'Vila Flor',24,'2018-02-02 14:48:24','2019-04-22 17:55:15',2,NULL,5),(1246,'Água Branca',19,'2018-02-02 14:51:20','2019-04-22 17:55:15',2,NULL,5),(1247,'Aguiar',19,'2018-02-02 14:51:20','2019-04-22 17:55:16',2,NULL,5),(1248,'Alagoa Grande',19,'2018-02-02 14:51:21','2019-04-22 17:55:16',2,NULL,5),(1249,'Alagoa Nova',19,'2018-02-02 14:51:21','2019-04-22 17:55:17',2,NULL,5),(1250,'Alagoinha',19,'2018-02-02 14:51:21','2019-04-22 17:55:17',2,NULL,5),(1251,'Alcantil',19,'2018-02-02 14:51:22','2019-04-22 17:55:17',2,NULL,5),(1252,'Algodão de Jandaíra',19,'2018-02-02 14:51:22','2019-04-22 17:55:18',2,NULL,5),(1253,'Alhandra',19,'2018-02-02 14:51:22','2019-04-22 17:55:18',2,NULL,5),(1254,'São João do Rio do Peixe',19,'2018-02-02 14:51:23','2019-04-22 17:55:18',2,NULL,5),(1255,'Amparo',19,'2018-02-02 14:51:23','2019-04-22 17:55:19',2,NULL,5),(1256,'Aparecida',19,'2018-02-02 14:51:24','2019-04-22 17:55:19',2,NULL,5),(1257,'Araçagi',19,'2018-02-02 14:51:24','2019-04-22 17:55:19',2,NULL,5),(1258,'Arara',19,'2018-02-02 14:51:24','2019-04-22 17:55:20',2,NULL,5),(1259,'Araruna',19,'2018-02-02 14:51:25','2019-04-22 17:55:20',2,NULL,5),(1260,'Areia',19,'2018-02-02 14:51:25','2019-04-22 17:55:21',2,NULL,5),(1261,'Areia de Baraúnas',19,'2018-02-02 14:51:25','2019-04-22 17:55:21',2,NULL,5),(1262,'Areial',19,'2018-02-02 14:51:26','2019-04-22 17:55:21',2,NULL,5),(1263,'Aroeiras',19,'2018-02-02 14:51:26','2019-04-22 17:55:22',2,NULL,5),(1264,'Assunção',19,'2018-02-02 14:51:26','2019-04-22 17:55:22',2,NULL,5),(1265,'Baía da Traição',19,'2018-02-02 14:51:27','2019-04-22 17:55:23',2,NULL,5),(1266,'Bananeiras',19,'2018-02-02 14:51:27','2019-04-22 17:55:23',2,NULL,5),(1267,'Baraúna',19,'2018-02-02 14:51:27','2019-04-22 17:55:23',2,NULL,5),(1268,'Barra de Santana',19,'2018-02-02 14:51:28','2019-04-22 17:55:24',2,NULL,5),(1269,'Barra de Santa Rosa',19,'2018-02-02 14:51:28','2019-04-22 17:55:26',2,NULL,5),(1270,'Barra de São Miguel',19,'2018-02-02 14:51:28','2019-04-22 17:55:26',2,NULL,5),(1271,'Bayeux',19,'2018-02-02 14:51:29','2019-04-22 17:55:27',2,NULL,5),(1272,'Belém',19,'2018-02-02 14:51:29','2019-04-22 17:55:27',2,NULL,5),(1273,'Belém do Brejo do Cruz',19,'2018-02-02 14:51:29','2019-04-22 17:55:27',2,NULL,5),(1274,'Bernardino Batista',19,'2018-02-02 14:51:30','2019-04-22 17:55:28',2,NULL,5),(1275,'Boa Ventura',19,'2018-02-02 14:51:30','2019-04-22 17:55:28',2,NULL,5),(1276,'Boa Vista',19,'2018-02-02 14:51:30','2019-04-22 17:55:28',2,NULL,5),(1277,'Bom Jesus',19,'2018-02-02 14:51:31','2019-04-22 17:55:29',2,NULL,5),(1278,'Bom Sucesso',19,'2018-02-02 14:51:31','2019-04-22 17:55:29',2,NULL,5),(1279,'Bonito de Santa Fé',19,'2018-02-02 14:51:32','2019-04-22 17:55:30',2,NULL,5),(1280,'Boqueirão',19,'2018-02-02 14:51:32','2019-04-22 17:55:30',2,NULL,5),(1281,'Igaracy',19,'2018-02-02 14:51:32','2019-04-22 17:55:30',2,NULL,5),(1282,'Borborema',19,'2018-02-02 14:51:33','2019-04-22 17:55:31',2,NULL,5),(1283,'Brejo do Cruz',19,'2018-02-02 14:51:33','2019-04-22 17:55:31',2,NULL,5),(1284,'Brejo dos Santos',19,'2018-02-02 14:51:33','2019-04-22 17:55:31',2,NULL,5),(1285,'Caaporã',19,'2018-02-02 14:51:34','2019-04-22 17:55:32',2,NULL,5),(1286,'Cabaceiras',19,'2018-02-02 14:51:34','2019-04-22 17:55:32',2,NULL,5),(1287,'Cabedelo',19,'2018-02-02 14:51:34','2019-04-22 17:55:32',2,NULL,5),(1288,'Cachoeira dos Índios',19,'2018-02-02 14:51:35','2019-04-22 17:55:33',2,NULL,5),(1289,'Cacimba de Areia',19,'2018-02-02 14:51:35','2019-04-22 17:55:33',2,NULL,5),(1290,'Cacimba de Dentro',19,'2018-02-02 14:51:35','2019-04-22 17:55:33',2,NULL,5),(1291,'Cacimbas',19,'2018-02-02 14:51:36','2019-04-22 17:55:34',2,NULL,5),(1292,'Caiçara',19,'2018-02-02 14:51:36','2019-04-22 17:55:34',2,NULL,5),(1293,'Cajazeiras',19,'2018-02-02 14:51:36','2019-04-22 17:55:35',2,NULL,5),(1294,'Cajazeirinhas',19,'2018-02-02 14:51:37','2019-04-22 17:55:35',2,NULL,5),(1295,'Caldas Brandão',19,'2018-02-02 14:51:37','2019-04-22 17:55:35',2,NULL,5),(1296,'Camalaú',19,'2018-02-02 14:51:37','2019-04-22 17:55:36',2,NULL,5),(1297,'Campina Grande',19,'2018-02-02 14:51:38','2019-04-22 17:55:37',2,NULL,5),(1298,'Capim',19,'2018-02-02 14:51:38','2019-04-22 17:55:37',2,NULL,5),(1299,'Caraúbas',19,'2018-02-02 14:51:39','2019-04-22 17:55:38',2,NULL,5),(1300,'Carrapateira',19,'2018-02-02 14:51:39','2019-04-22 17:55:38',2,NULL,5),(1301,'Casserengue',19,'2018-02-02 14:51:39','2019-04-22 17:55:38',2,NULL,5),(1302,'Catingueira',19,'2018-02-02 14:51:40','2019-04-22 17:55:39',2,NULL,5),(1303,'Catolé do Rocha',19,'2018-02-02 14:51:40','2019-04-22 17:55:39',2,NULL,5),(1304,'Caturité',19,'2018-02-02 14:51:40','2019-04-22 17:55:39',2,NULL,5),(1305,'Conceição',19,'2018-02-02 14:51:41','2019-04-22 17:55:40',2,NULL,5),(1306,'Condado',19,'2018-02-02 14:51:41','2019-04-22 17:55:40',2,NULL,5),(1307,'Conde',19,'2018-02-02 14:51:41','2019-04-22 17:55:41',2,NULL,5),(1308,'Congo',19,'2018-02-02 14:51:42','2019-04-22 17:55:41',2,NULL,5),(1309,'Coremas',19,'2018-02-02 14:51:42','2019-04-22 17:55:41',2,NULL,5),(1310,'Coxixola',19,'2018-02-02 14:51:42','2019-04-22 17:55:42',2,NULL,5),(1311,'Cruz do Espírito Santo',19,'2018-02-02 14:51:43','2019-04-22 17:55:42',2,NULL,5),(1312,'Cubati',19,'2018-02-02 14:51:43','2019-04-22 17:55:42',2,NULL,5),(1313,'Cuité',19,'2018-02-02 14:51:43','2019-04-22 17:55:43',2,NULL,5),(1314,'Cuitegi',19,'2018-02-02 14:51:44','2019-04-22 17:55:43',2,NULL,5),(1315,'Cuité de Mamanguape',19,'2018-02-02 14:51:44','2019-04-22 17:55:43',2,NULL,5),(1316,'Curral de Cima',19,'2018-02-02 14:51:44','2019-04-22 17:55:44',2,NULL,5),(1317,'Curral Velho',19,'2018-02-02 14:51:45','2019-04-22 17:55:44',2,NULL,5),(1318,'Damião',19,'2018-02-02 14:51:45','2019-04-22 17:55:45',2,NULL,5),(1319,'Desterro',19,'2018-02-02 14:51:45','2019-04-22 17:55:45',2,NULL,5),(1320,'Vista Serrana',19,'2018-02-02 14:51:46','2019-04-22 17:55:45',2,NULL,5),(1321,'Diamante',19,'2018-02-02 14:51:46','2019-04-22 17:55:46',2,NULL,5),(1322,'Dona Inês',19,'2018-02-02 14:51:47','2019-04-22 17:55:46',2,NULL,5),(1323,'Duas Estradas',19,'2018-02-02 14:51:47','2019-04-22 17:55:46',2,NULL,5),(1324,'Emas',19,'2018-02-02 14:51:47','2019-04-22 17:55:47',2,NULL,5),(1325,'Esperança',19,'2018-02-02 14:51:48','2019-04-22 17:55:47',2,NULL,5),(1326,'Fagundes',19,'2018-02-02 14:51:48','2019-04-22 17:55:47',2,NULL,5),(1327,'Frei Martinho',19,'2018-02-02 14:51:48','2019-04-22 17:55:48',2,NULL,5),(1328,'Gado Bravo',19,'2018-02-02 14:51:49','2019-04-22 17:55:48',2,NULL,5),(1329,'Guarabira',19,'2018-02-02 14:51:49','2019-04-22 17:55:48',2,NULL,5),(1330,'Gurinhém',19,'2018-02-02 14:51:49','2019-04-22 17:55:49',2,NULL,5),(1331,'Gurjão',19,'2018-02-02 14:51:50','2019-04-22 17:55:49',2,NULL,5),(1332,'Ibiara',19,'2018-02-02 14:51:50','2019-04-22 17:55:50',2,NULL,5),(1333,'Imaculada',19,'2018-02-02 14:51:50','2019-04-22 17:55:50',2,NULL,5),(1334,'Ingá',19,'2018-02-02 14:51:51','2019-04-22 17:55:50',2,NULL,5),(1335,'Itabaiana',19,'2018-02-02 14:51:51','2019-04-22 17:55:51',2,NULL,5),(1336,'Itaporanga',19,'2018-02-02 14:51:51','2019-04-22 17:55:51',2,NULL,5),(1337,'Itapororoca',19,'2018-02-02 14:51:52','2019-04-22 17:55:51',2,NULL,5),(1338,'Itatuba',19,'2018-02-02 14:51:52','2019-04-22 17:55:52',2,NULL,5),(1339,'Jacaraú',19,'2018-02-02 14:51:52','2019-04-22 17:55:52',2,NULL,5),(1340,'Jericó',19,'2018-02-02 14:51:53','2019-04-22 17:55:52',2,NULL,5),(1341,'João Pessoa',19,'2018-02-02 14:51:53','2019-04-22 17:55:53',2,NULL,5),(1342,'Juarez Távora',19,'2018-02-02 14:51:54','2019-04-22 17:55:53',2,NULL,5),(1343,'Juazeirinho',19,'2018-02-02 14:51:54','2019-04-22 17:55:53',2,NULL,5),(1344,'Junco do Seridó',19,'2018-02-02 14:51:54','2019-04-22 17:55:54',2,NULL,5),(1345,'Juripiranga',19,'2018-02-02 14:51:55','2019-04-22 17:55:54',2,NULL,5),(1346,'Juru',19,'2018-02-02 14:51:55','2019-04-22 17:55:55',2,NULL,5),(1347,'Lagoa',19,'2018-02-02 14:51:55','2019-04-22 17:55:55',2,NULL,5),(1348,'Lagoa de Dentro',19,'2018-02-02 14:51:56','2019-04-22 17:55:55',2,NULL,5),(1349,'Lagoa Seca',19,'2018-02-02 14:51:56','2019-04-22 17:55:56',2,NULL,5),(1350,'Lastro',19,'2018-02-02 14:51:56','2019-04-22 17:55:56',2,NULL,5),(1351,'Livramento',19,'2018-02-02 14:51:57','2019-04-22 17:55:56',2,NULL,5),(1352,'Logradouro',19,'2018-02-02 14:51:57','2019-04-22 17:55:57',2,NULL,5),(1353,'Lucena',19,'2018-02-02 14:51:57','2019-04-22 17:55:57',2,NULL,5),(1354,'Mãe D\'Água',19,'2018-02-02 14:51:58','2019-04-22 17:55:57',2,NULL,5),(1355,'Malta',19,'2018-02-02 14:51:58','2019-04-22 17:55:58',2,NULL,5),(1356,'Mamanguape',19,'2018-02-02 14:51:58','2019-04-22 17:55:58',2,NULL,5),(1357,'Manaíra',19,'2018-02-02 14:51:59','2019-04-22 17:55:58',2,NULL,5),(1358,'Marcação',19,'2018-02-02 14:51:59','2019-04-22 17:55:59',2,NULL,5),(1359,'Mari',19,'2018-02-02 14:52:00','2019-04-22 17:55:59',2,NULL,5),(1360,'Marizópolis',19,'2018-02-02 14:52:00','2019-04-22 17:56:00',2,NULL,5),(1361,'Massaranduba',19,'2018-02-02 14:52:00','2019-04-22 17:56:00',2,NULL,5),(1362,'Mataraca',19,'2018-02-02 14:52:01','2019-04-22 17:56:00',2,NULL,5),(1363,'Matinhas',19,'2018-02-02 14:52:01','2019-04-22 17:56:01',2,NULL,5),(1364,'Mato Grosso',19,'2018-02-02 14:52:01','2019-04-22 17:56:01',2,NULL,5),(1365,'Maturéia',19,'2018-02-02 14:52:02','2019-04-22 17:56:01',2,NULL,5),(1366,'Mogeiro',19,'2018-02-02 14:52:02','2019-04-22 17:56:02',2,NULL,5),(1367,'Montadas',19,'2018-02-02 14:52:02','2019-04-22 17:56:02',2,NULL,5),(1368,'Monte Horebe',19,'2018-02-02 14:52:03','2019-04-22 17:56:02',2,NULL,5),(1369,'Monteiro',19,'2018-02-02 14:52:03','2019-04-22 17:56:03',2,NULL,5),(1370,'Mulungu',19,'2018-02-02 14:52:03','2019-04-22 17:56:03',2,NULL,5),(1371,'Natuba',19,'2018-02-02 14:52:04','2019-04-22 17:56:04',2,NULL,5),(1372,'Nazarezinho',19,'2018-02-02 14:52:04','2019-04-22 17:56:04',2,NULL,5),(1373,'Nova Floresta',19,'2018-02-02 14:52:04','2019-04-22 17:56:04',2,NULL,5),(1374,'Nova Olinda',19,'2018-02-02 14:52:05','2019-04-22 17:56:05',2,NULL,5),(1375,'Nova Palmeira',19,'2018-02-02 14:52:05','2019-04-22 17:56:05',2,NULL,5),(1376,'Olho D\'Água',19,'2018-02-02 14:52:05','2019-04-22 17:56:06',2,NULL,5),(1377,'Olivedos',19,'2018-02-02 14:52:06','2019-04-22 17:56:07',2,NULL,5),(1378,'Ouro Velho',19,'2018-02-02 14:52:06','2019-04-22 17:56:07',2,NULL,5),(1379,'Parari',19,'2018-02-02 14:52:06','2019-04-22 17:56:08',2,NULL,5),(1380,'Passagem',19,'2018-02-02 14:52:07','2019-04-22 17:56:09',2,NULL,5),(1381,'Patos',19,'2018-02-02 14:52:07','2019-04-22 17:56:11',2,NULL,5),(1382,'Paulista',19,'2018-02-02 14:52:08','2019-04-22 17:56:13',2,NULL,5),(1383,'Pedra Branca',19,'2018-02-02 14:52:08','2019-04-22 17:56:14',2,NULL,5),(1384,'Pedra Lavrada',19,'2018-02-02 14:52:08','2019-04-22 17:56:16',2,NULL,5),(1385,'Pedras de Fogo',19,'2018-02-02 14:52:09','2019-04-22 17:56:18',2,NULL,5),(1386,'Piancó',19,'2018-02-02 14:52:09','2019-04-22 17:56:18',2,NULL,5),(1387,'Picuí',19,'2018-02-02 14:52:09','2019-04-22 17:56:20',2,NULL,5),(1388,'Pilar',19,'2018-02-02 14:52:10','2019-04-22 17:56:21',2,NULL,5),(1389,'Pilões',19,'2018-02-02 14:52:10','2019-04-22 17:56:22',2,NULL,5),(1390,'Pilõezinhos',19,'2018-02-02 14:52:10','2019-04-22 17:56:22',2,NULL,5),(1391,'Pirpirituba',19,'2018-02-02 14:52:11','2019-04-22 17:56:22',2,NULL,5),(1392,'Pitimbu',19,'2018-02-02 14:52:11','2019-04-22 17:56:23',2,NULL,5),(1393,'Pocinhos',19,'2018-02-02 14:52:11','2019-04-22 17:56:23',2,NULL,5),(1394,'Poço Dantas',19,'2018-02-02 14:52:12','2019-04-22 17:56:23',2,NULL,5),(1395,'Poço de José de Moura',19,'2018-02-02 14:52:12','2019-04-22 17:56:24',2,NULL,5),(1396,'Pombal',19,'2018-02-02 14:52:12','2019-04-22 17:56:24',2,NULL,5),(1397,'Prata',19,'2018-02-02 14:52:13','2019-04-22 17:56:24',2,NULL,5),(1398,'Princesa Isabel',19,'2018-02-02 14:52:13','2019-04-22 17:56:25',2,NULL,5),(1399,'Puxinanã',19,'2018-02-02 14:52:13','2019-04-22 17:56:25',2,NULL,5),(1400,'Queimadas',19,'2018-02-02 14:52:14','2019-04-22 17:56:25',2,NULL,5),(1401,'Quixabá',19,'2018-02-02 14:52:14','2019-04-22 17:56:26',2,NULL,5),(1402,'Remígio',19,'2018-02-02 14:52:15','2019-04-22 17:56:26',2,NULL,5),(1403,'Pedro Régis',19,'2018-02-02 14:52:15','2019-04-22 17:56:27',2,NULL,5),(1404,'Riachão',19,'2018-02-02 14:52:15','2019-04-22 17:56:27',2,NULL,5),(1405,'Riachão do Bacamarte',19,'2018-02-02 14:52:16','2019-04-22 17:56:27',2,NULL,5),(1406,'Riachão do Poço',19,'2018-02-02 14:52:16','2019-04-22 17:56:28',2,NULL,5),(1407,'Riacho de Santo Antônio',19,'2018-02-02 14:52:16','2019-04-22 17:56:28',2,NULL,5),(1408,'Riacho dos Cavalos',19,'2018-02-02 14:52:17','2019-04-22 17:56:29',2,NULL,5),(1409,'Rio Tinto',19,'2018-02-02 14:52:17','2019-04-22 17:56:29',2,NULL,5),(1410,'Salgadinho',19,'2018-02-02 14:52:17','2019-04-22 17:56:29',2,NULL,5),(1411,'Salgado de São Félix',19,'2018-02-02 14:52:18','2019-04-22 17:56:30',2,NULL,5),(1412,'Santa Cecília',19,'2018-02-02 14:52:18','2019-04-22 17:56:30',2,NULL,5),(1413,'Santa Cruz',19,'2018-02-02 14:52:18','2019-04-22 17:56:31',2,NULL,5),(1414,'Santa Helena',19,'2018-02-02 14:52:19','2019-04-22 17:56:31',2,NULL,5),(1415,'Santa Inês',19,'2018-02-02 14:52:19','2019-04-22 17:56:31',2,NULL,5),(1416,'Santa Luzia',19,'2018-02-02 14:52:19','2019-04-22 17:56:32',2,NULL,5),(1417,'Santana de Mangueira',19,'2018-02-02 14:52:20','2019-04-22 17:56:32',2,NULL,5),(1418,'Santana dos Garrotes',19,'2018-02-02 14:52:20','2019-04-22 17:56:32',2,NULL,5),(1419,'Joca Claudino',19,'2018-02-02 14:52:20','2019-04-22 17:56:33',2,NULL,5),(1420,'Santa Rita',19,'2018-02-02 14:52:21','2019-04-22 17:56:33',2,NULL,5),(1421,'Santa Teresinha',19,'2018-02-02 14:52:21','2019-04-22 17:56:33',2,NULL,5),(1422,'Santo André',19,'2018-02-02 14:52:22','2019-04-22 17:56:34',2,NULL,5),(1423,'São Bento',19,'2018-02-02 14:52:22','2019-04-22 17:56:34',2,NULL,5),(1424,'São Bentinho',19,'2018-02-02 14:52:22','2019-04-22 17:56:34',2,NULL,5),(1425,'São Domingos do Cariri',19,'2018-02-02 14:52:23','2019-04-22 17:56:35',2,NULL,5),(1426,'São Domingos',19,'2018-02-02 14:52:23','2019-04-22 17:56:35',2,NULL,5),(1427,'São Francisco',19,'2018-02-02 14:52:23','2019-04-22 17:56:36',2,NULL,5),(1428,'São João do Cariri',19,'2018-02-02 14:52:24','2019-04-22 17:56:36',2,NULL,5),(1429,'São João do Tigre',19,'2018-02-02 14:52:24','2019-04-22 17:56:36',2,NULL,5),(1430,'São José da Lagoa Tapada',19,'2018-02-02 14:52:24','2019-04-22 17:56:37',2,NULL,5),(1431,'São José de Caiana',19,'2018-02-02 14:52:25','2019-04-22 17:56:37',2,NULL,5),(1432,'São José de Espinharas',19,'2018-02-02 14:52:25','2019-04-22 17:56:37',2,NULL,5),(1433,'São José dos Ramos',19,'2018-02-02 14:52:25','2019-04-22 17:56:38',2,NULL,5),(1434,'São José de Piranhas',19,'2018-02-02 14:52:26','2019-04-22 17:56:38',2,NULL,5),(1435,'São José de Princesa',19,'2018-02-02 14:52:26','2019-04-22 17:56:38',2,NULL,5),(1436,'São José do Bonfim',19,'2018-02-02 14:52:26','2019-04-22 17:56:39',2,NULL,5),(1437,'São José do Brejo do Cruz',19,'2018-02-02 14:52:27','2019-04-22 17:56:39',2,NULL,5),(1438,'São José do Sabugi',19,'2018-02-02 14:52:27','2019-04-22 17:56:39',2,NULL,5),(1439,'São José dos Cordeiros',19,'2018-02-02 14:52:27','2019-04-22 17:56:40',2,NULL,5),(1440,'São Mamede',19,'2018-02-02 14:52:28','2019-04-22 17:56:40',2,NULL,5),(1441,'São Miguel de Taipu',19,'2018-02-02 14:52:28','2019-04-22 17:56:41',2,NULL,5),(1442,'São Sebastião de Lagoa de Roça',19,'2018-02-02 14:52:28','2019-04-22 17:56:41',2,NULL,5),(1443,'São Sebastião do Umbuzeiro',19,'2018-02-02 14:52:29','2019-04-22 17:56:41',2,NULL,5),(1444,'Sapé',19,'2018-02-02 14:52:29','2019-04-22 17:56:42',2,NULL,5),(1445,'São Vicente do Seridó',19,'2018-02-02 14:52:30','2019-04-22 17:56:42',2,NULL,5),(1446,'Serra Branca',19,'2018-02-02 14:52:30','2019-04-22 17:56:42',2,NULL,5),(1447,'Serra da Raiz',19,'2018-02-02 14:52:30','2019-04-22 17:56:43',2,NULL,5),(1448,'Serra Grande',19,'2018-02-02 14:52:31','2019-04-22 17:56:43',2,NULL,5),(1449,'Serra Redonda',19,'2018-02-02 14:52:31','2019-04-22 17:56:43',2,NULL,5),(1450,'Serraria',19,'2018-02-02 14:52:31','2019-04-22 17:56:44',2,NULL,5),(1451,'Sertãozinho',19,'2018-02-02 14:52:32','2019-04-22 17:56:44',2,NULL,5),(1452,'Sobrado',19,'2018-02-02 14:52:32','2019-04-22 17:56:45',2,NULL,5),(1453,'Solânea',19,'2018-02-02 14:52:32','2019-04-22 17:56:45',2,NULL,5),(1454,'Soledade',19,'2018-02-02 14:52:33','2019-04-22 17:56:45',2,NULL,5),(1455,'Sossêgo',19,'2018-02-02 14:52:33','2019-04-22 17:56:46',2,NULL,5),(1456,'Sousa',19,'2018-02-02 14:52:33','2019-04-22 17:56:46',2,NULL,5),(1457,'Sumé',19,'2018-02-02 14:52:34','2019-04-22 17:56:46',2,NULL,5),(1458,'Tacima',19,'2018-02-02 14:52:34','2019-04-22 17:56:47',2,NULL,5),(1459,'Taperoá',19,'2018-02-02 14:52:34','2019-04-22 17:56:47',2,NULL,5),(1460,'Tavares',19,'2018-02-02 14:52:35','2019-04-22 17:56:47',2,NULL,5),(1461,'Teixeira',19,'2018-02-02 14:52:35','2019-04-22 17:56:48',2,NULL,5),(1462,'Tenório',19,'2018-02-02 14:52:35','2019-04-22 17:56:48',2,NULL,5),(1463,'Triunfo',19,'2018-02-02 14:52:36','2019-04-22 17:56:49',2,NULL,5),(1464,'Uiraúna',19,'2018-02-02 14:52:36','2019-04-22 17:56:49',2,NULL,5),(1465,'Umbuzeiro',19,'2018-02-02 14:52:37','2019-04-22 17:56:49',2,NULL,5),(1466,'Várzea',19,'2018-02-02 14:52:37','2019-04-22 17:56:50',2,NULL,5),(1467,'Vieirópolis',19,'2018-02-02 14:52:37','2019-04-22 17:56:50',2,NULL,5),(1468,'Zabelê',19,'2018-02-02 14:52:38','2019-04-22 17:56:50',2,NULL,5),(1469,'Abreu e Lima',21,'2018-02-02 14:53:01','2019-04-22 17:56:51',2,NULL,5),(1470,'Afogados da Ingazeira',21,'2018-02-02 14:53:29','2019-04-22 17:56:51',2,NULL,5),(1471,'Afrânio',21,'2018-02-02 14:53:30','2019-04-22 17:56:51',2,NULL,5),(1472,'Agrestina',21,'2018-02-02 14:53:30','2019-04-22 17:56:52',2,NULL,5),(1473,'Água Preta',21,'2018-02-02 14:53:30','2019-04-22 17:56:52',2,NULL,5),(1474,'Águas Belas',21,'2018-02-02 14:53:31','2019-04-22 17:56:53',2,NULL,5),(1475,'Alagoinha',21,'2018-02-02 14:53:31','2019-04-22 17:56:53',2,NULL,5),(1476,'Aliança',21,'2018-02-02 14:53:32','2019-04-22 17:56:53',2,NULL,5),(1477,'Altinho',21,'2018-02-02 14:53:32','2019-04-22 17:56:54',2,NULL,5),(1478,'Amaraji',21,'2018-02-02 14:53:32','2019-04-22 17:56:54',2,NULL,5),(1479,'Angelim',21,'2018-02-02 14:53:33','2019-04-22 17:56:54',2,NULL,5),(1480,'Araçoiaba',21,'2018-02-02 14:53:33','2019-04-22 17:56:55',2,NULL,5),(1481,'Araripina',21,'2018-02-02 14:53:33','2019-04-22 17:56:55',2,NULL,5),(1482,'Arcoverde',21,'2018-02-02 14:53:34','2019-04-22 17:56:55',2,NULL,5),(1483,'Barra de Guabiraba',21,'2018-02-02 14:53:34','2019-04-22 17:56:56',2,NULL,5),(1484,'Barreiros',21,'2018-02-02 14:53:34','2019-04-22 17:56:56',2,NULL,5),(1485,'Belém de Maria',21,'2018-02-02 14:53:35','2019-04-22 17:56:56',2,NULL,5),(1486,'Belém do São Francisco',21,'2018-02-02 14:53:35','2019-04-22 17:56:57',2,NULL,5),(1487,'Belo Jardim',21,'2018-02-02 14:53:35','2019-04-22 17:56:57',2,NULL,5),(1488,'Betânia',21,'2018-02-02 14:53:36','2019-04-22 17:56:58',2,NULL,5),(1489,'Bezerros',21,'2018-02-02 14:53:36','2019-04-22 17:56:58',2,NULL,5),(1490,'Bodocó',21,'2018-02-02 14:53:37','2019-04-22 17:56:58',2,NULL,5),(1491,'Bom Conselho',21,'2018-02-02 14:53:37','2019-04-22 17:56:59',2,NULL,5),(1492,'Bom Jardim',21,'2018-02-02 14:53:37','2019-04-22 17:56:59',2,NULL,5),(1493,'Bonito',21,'2018-02-02 14:53:38','2019-04-22 17:56:59',2,NULL,5),(1494,'Brejão',21,'2018-02-02 14:53:38','2019-04-22 17:57:00',2,NULL,5),(1495,'Brejinho',21,'2018-02-02 14:53:38','2019-04-22 17:57:00',2,NULL,5),(1496,'Brejo da Madre de Deus',21,'2018-02-02 14:53:39','2019-04-22 17:57:00',2,NULL,5),(1497,'Buenos Aires',21,'2018-02-02 14:53:39','2019-04-22 17:57:01',2,NULL,5),(1498,'Buíque',21,'2018-02-02 14:53:39','2019-04-22 17:57:01',2,NULL,5),(1499,'Cabo de Santo Agostinho',21,'2018-02-02 14:53:40','2019-04-22 17:57:01',2,NULL,5),(1500,'Cabrobó',21,'2018-02-02 14:53:40','2019-04-22 17:57:02',2,NULL,5),(1501,'Cachoeirinha',21,'2018-02-02 14:53:40','2019-04-22 17:57:02',2,NULL,5),(1502,'Caetés',21,'2018-02-02 14:53:41','2019-04-22 17:57:03',2,NULL,5),(1503,'Calçado',21,'2018-02-02 14:53:41','2019-04-22 17:57:03',2,NULL,5),(1504,'Calumbi',21,'2018-02-02 14:53:41','2019-04-22 17:57:03',2,NULL,5),(1505,'Camaragibe',21,'2018-02-02 14:53:42','2019-04-22 17:57:04',2,NULL,5),(1506,'Camocim de São Félix',21,'2018-02-02 14:53:42','2019-04-22 17:57:04',2,NULL,5),(1507,'Camutanga',21,'2018-02-02 14:53:42','2019-04-22 17:57:04',2,NULL,5),(1508,'Canhotinho',21,'2018-02-02 14:53:43','2019-04-22 17:57:05',2,NULL,5),(1509,'Capoeiras',21,'2018-02-02 14:53:43','2019-04-22 17:57:05',2,NULL,5),(1510,'Carnaíba',21,'2018-02-02 14:53:43','2019-04-22 17:57:05',2,NULL,5),(1511,'Carnaubeira da Penha',21,'2018-02-02 14:53:44','2019-04-22 17:57:06',2,NULL,5),(1512,'Carpina',21,'2018-02-02 14:53:44','2019-04-22 17:57:06',2,NULL,5),(1513,'Caruaru',21,'2018-02-02 14:53:45','2019-04-22 17:57:06',2,NULL,5),(1514,'Casinhas',21,'2018-02-02 14:53:45','2019-04-22 17:57:07',2,NULL,5),(1515,'Catende',21,'2018-02-02 14:53:45','2019-04-22 17:57:07',2,NULL,5),(1516,'Cedro',21,'2018-02-02 14:53:46','2019-04-22 17:57:08',2,NULL,5),(1517,'Chã de Alegria',21,'2018-02-02 14:53:46','2019-04-22 17:57:08',2,NULL,5),(1518,'Chã Grande',21,'2018-02-02 14:53:46','2019-04-22 17:57:08',2,NULL,5),(1519,'Condado',21,'2018-02-02 14:53:47','2019-04-22 17:57:09',2,NULL,5),(1520,'Correntes',21,'2018-02-02 14:53:47','2019-04-22 17:57:09',2,NULL,5),(1521,'Cortês',21,'2018-02-02 14:53:47','2019-04-22 17:57:09',2,NULL,5),(1522,'Cumaru',21,'2018-02-02 14:53:48','2019-04-22 17:57:10',2,NULL,5),(1523,'Cupira',21,'2018-02-02 14:53:48','2019-04-22 17:57:10',2,NULL,5),(1524,'Custódia',21,'2018-02-02 14:53:48','2019-04-22 17:57:10',2,NULL,5),(1525,'Dormentes',21,'2018-02-02 14:53:49','2019-04-22 17:57:11',2,NULL,5),(1526,'Escada',21,'2018-02-02 14:53:49','2019-04-22 17:57:11',2,NULL,5),(1527,'Exu',21,'2018-02-02 14:53:49','2019-04-22 17:57:11',2,NULL,5),(1528,'Feira Nova',21,'2018-02-02 14:53:50','2019-04-22 17:57:12',2,NULL,5),(1529,'Fernando de Noronha',21,'2018-02-02 14:53:50','2019-04-22 17:57:12',2,NULL,5),(1530,'Ferreiros',21,'2018-02-02 14:53:51','2019-04-22 17:57:13',2,NULL,5),(1531,'Flores',21,'2018-02-02 14:53:51','2019-04-22 17:57:13',2,NULL,5),(1532,'Floresta',21,'2018-02-02 14:53:51','2019-04-22 17:57:13',2,NULL,5),(1533,'Frei Miguelinho',21,'2018-02-02 14:53:52','2019-04-22 17:57:14',2,NULL,5),(1534,'Gameleira',21,'2018-02-02 14:53:52','2019-04-22 17:57:14',2,NULL,5),(1535,'Garanhuns',21,'2018-02-02 14:53:52','2019-04-22 17:57:14',2,NULL,5),(1536,'Glória do Goitá',21,'2018-02-02 14:53:53','2019-04-22 17:57:15',2,NULL,5),(1537,'Goiana',21,'2018-02-02 14:53:53','2019-04-22 17:57:15',2,NULL,5),(1538,'Granito',21,'2018-02-02 14:53:53','2019-04-22 17:57:15',2,NULL,5),(1539,'Gravatá',21,'2018-02-02 14:53:54','2019-04-22 17:57:16',2,NULL,5),(1540,'Iati',21,'2018-02-02 14:53:54','2019-04-22 17:57:16',2,NULL,5),(1541,'Ibimirim',21,'2018-02-02 14:53:54','2019-04-22 17:57:17',2,NULL,5),(1542,'Ibirajuba',21,'2018-02-02 14:53:55','2019-04-22 17:57:17',2,NULL,5),(1543,'Igarassu',21,'2018-02-02 14:53:55','2019-04-22 17:57:17',2,NULL,5),(1544,'Iguaraci',21,'2018-02-02 14:53:55','2019-04-22 17:57:18',2,NULL,5),(1545,'Inajá',21,'2018-02-02 14:53:56','2019-04-22 17:57:18',2,NULL,5),(1546,'Ingazeira',21,'2018-02-02 14:53:56','2019-04-22 17:57:18',2,NULL,5),(1547,'Ipojuca',21,'2018-02-02 14:53:56','2019-04-22 17:57:19',2,NULL,5),(1548,'Ipubi',21,'2018-02-02 14:53:57','2019-04-22 17:57:19',2,NULL,5),(1549,'Itacuruba',21,'2018-02-02 14:53:57','2019-04-22 17:57:19',2,NULL,5),(1550,'Itaíba',21,'2018-02-02 14:53:57','2019-04-22 17:57:20',2,NULL,5),(1551,'Ilha de Itamaracá',21,'2018-02-02 14:53:58','2019-04-22 17:57:20',2,NULL,5),(1552,'Itambé',21,'2018-02-02 14:53:58','2019-04-22 17:57:20',2,NULL,5),(1553,'Itapetim',21,'2018-02-02 14:53:58','2019-04-22 17:57:21',2,NULL,5),(1554,'Itapissuma',21,'2018-02-02 14:53:59','2019-04-22 17:57:21',2,NULL,5),(1555,'Itaquitinga',21,'2018-02-02 14:53:59','2019-04-22 17:57:22',2,NULL,5),(1556,'Jaboatão dos Guararapes',21,'2018-02-02 14:54:00','2019-04-22 17:57:22',2,NULL,5),(1557,'Jaqueira',21,'2018-02-02 14:54:00','2019-04-22 17:57:22',2,NULL,5),(1558,'Jataúba',21,'2018-02-02 14:54:00','2019-04-22 17:57:23',2,NULL,5),(1559,'Jatobá',21,'2018-02-02 14:54:01','2019-04-22 17:57:23',2,NULL,5),(1560,'João Alfredo',21,'2018-02-02 14:54:01','2019-04-22 17:57:23',2,NULL,5),(1561,'Joaquim Nabuco',21,'2018-02-02 14:54:01','2019-04-22 17:57:24',2,NULL,5),(1562,'Jucati',21,'2018-02-02 14:54:02','2019-04-22 17:57:24',2,NULL,5),(1563,'Jupi',21,'2018-02-02 14:54:02','2019-04-22 17:57:24',2,NULL,5),(1564,'Jurema',21,'2018-02-02 14:54:02','2019-04-22 17:57:25',2,NULL,5),(1565,'Lagoa do Carro',21,'2018-02-02 14:54:03','2019-04-22 17:57:25',2,NULL,5),(1566,'Lagoa de Itaenga',21,'2018-02-02 14:54:03','2019-04-22 17:57:25',2,NULL,5),(1567,'Lagoa do Ouro',21,'2018-02-02 14:54:03','2019-04-22 17:57:26',2,NULL,5),(1568,'Lagoa dos Gatos',21,'2018-02-02 14:54:04','2019-04-22 17:57:26',2,NULL,5),(1569,'Lagoa Grande',21,'2018-02-02 14:54:04','2019-04-22 17:57:27',2,NULL,5),(1570,'Lajedo',21,'2018-02-02 14:54:04','2019-04-22 17:57:27',2,NULL,5),(1571,'Limoeiro',21,'2018-02-02 14:54:05','2019-04-22 17:57:27',2,NULL,5),(1572,'Macaparana',21,'2018-02-02 14:54:05','2019-04-22 17:57:28',2,NULL,5),(1573,'Machados',21,'2018-02-02 14:54:05','2019-04-22 17:57:28',2,NULL,5),(1574,'Manari',21,'2018-02-02 14:54:06','2019-04-22 17:57:28',2,NULL,5),(1575,'Maraial',21,'2018-02-02 14:54:06','2019-04-22 17:57:29',2,NULL,5),(1576,'Mirandiba',21,'2018-02-02 14:54:07','2019-04-22 17:57:29',2,NULL,5),(1577,'Moreno',21,'2018-02-02 14:54:07','2019-04-22 17:57:29',2,NULL,5),(1578,'Nazaré da Mata',21,'2018-02-02 14:54:07','2019-04-22 17:57:30',2,NULL,5),(1579,'Olinda',21,'2018-02-02 14:54:08','2019-04-22 17:57:30',2,NULL,5),(1580,'Orobó',21,'2018-02-02 14:54:08','2019-04-22 17:57:31',2,NULL,5),(1581,'Orocó',21,'2018-02-02 14:54:08','2019-04-22 17:57:31',2,NULL,5),(1582,'Ouricuri',21,'2018-02-02 14:54:09','2019-04-22 17:57:31',2,NULL,5),(1583,'Palmares',21,'2018-02-02 14:54:09','2019-04-22 17:57:32',2,NULL,5),(1584,'Palmeirina',21,'2018-02-02 14:54:09','2019-04-22 17:57:32',2,NULL,5),(1585,'Panelas',21,'2018-02-02 14:54:10','2019-04-22 17:57:32',2,NULL,5),(1586,'Paranatama',21,'2018-02-02 14:54:10','2019-04-22 17:57:33',2,NULL,5),(1587,'Parnamirim',21,'2018-02-02 14:54:10','2019-04-22 17:57:33',2,NULL,5),(1588,'Passira',21,'2018-02-02 14:54:11','2019-04-22 17:57:33',2,NULL,5),(1589,'Paudalho',21,'2018-02-02 14:54:11','2019-04-22 17:57:34',2,NULL,5),(1590,'Paulista',21,'2018-02-02 14:54:11','2019-04-22 17:57:34',2,NULL,5),(1591,'Pedra',21,'2018-02-02 14:54:12','2019-04-22 17:57:34',2,NULL,5),(1592,'Pesqueira',21,'2018-02-02 14:54:12','2019-04-22 17:57:35',2,NULL,5),(1593,'Petrolândia',21,'2018-02-02 14:54:12','2019-04-22 17:57:35',2,NULL,5),(1594,'Petrolina',21,'2018-02-02 14:54:13','2019-04-22 17:57:36',2,NULL,5),(1595,'Poção',21,'2018-02-02 14:54:13','2019-04-22 17:57:36',2,NULL,5),(1596,'Pombos',21,'2018-02-02 14:54:13','2019-04-22 17:57:36',2,NULL,5),(1597,'Primavera',21,'2018-02-02 14:54:14','2019-04-22 17:57:37',2,NULL,5),(1598,'Quipapá',21,'2018-02-02 14:54:14','2019-04-22 17:57:37',2,NULL,5),(1599,'Quixaba',21,'2018-02-02 14:54:15','2019-04-22 17:57:38',2,NULL,5),(1600,'Recife',21,'2018-02-02 14:54:15','2019-04-22 17:57:38',2,NULL,5),(1601,'Riacho das Almas',21,'2018-02-02 14:54:15','2019-04-22 17:57:38',2,NULL,5),(1602,'Ribeirão',21,'2018-02-02 14:54:16','2019-04-22 17:57:39',2,NULL,5),(1603,'Rio Formoso',21,'2018-02-02 14:54:16','2019-04-22 17:57:39',2,NULL,5),(1604,'Sairé',21,'2018-02-02 14:54:16','2019-04-22 17:57:39',2,NULL,5),(1605,'Salgadinho',21,'2018-02-02 14:54:17','2019-04-22 17:57:40',2,NULL,5),(1606,'Salgueiro',21,'2018-02-02 14:54:17','2019-04-22 17:57:40',2,NULL,5),(1607,'Saloá',21,'2018-02-02 14:54:17','2019-04-22 17:57:40',2,NULL,5),(1608,'Sanharó',21,'2018-02-02 14:54:18','2019-04-22 17:57:41',2,NULL,5),(1609,'Santa Cruz',21,'2018-02-02 14:54:18','2019-04-22 17:57:41',2,NULL,5),(1610,'Santa Cruz da Baixa Verde',21,'2018-02-02 14:54:18','2019-04-22 17:57:42',2,NULL,5),(1611,'Santa Cruz do Capibaribe',21,'2018-02-02 14:54:19','2019-04-22 17:57:42',2,NULL,5),(1612,'Santa Filomena',21,'2018-02-02 14:54:19','2019-04-22 17:57:42',2,NULL,5),(1613,'Santa Maria da Boa Vista',21,'2018-02-02 14:54:19','2019-04-22 17:57:43',2,NULL,5),(1614,'Santa Maria do Cambucá',21,'2018-02-02 14:54:20','2019-04-22 17:57:43',2,NULL,5),(1615,'Santa Terezinha',21,'2018-02-02 14:54:20','2019-04-22 17:57:43',2,NULL,5),(1616,'São Benedito do Sul',21,'2018-02-02 14:54:20','2019-04-22 17:57:44',2,NULL,5),(1617,'São Bento do Una',21,'2018-02-02 14:54:21','2019-04-22 17:57:44',2,NULL,5),(1618,'São Caitano',21,'2018-02-02 14:54:21','2019-04-22 17:57:44',2,NULL,5),(1619,'São João',21,'2018-02-02 14:54:22','2019-04-22 17:57:45',2,NULL,5),(1620,'São Joaquim do Monte',21,'2018-02-02 14:54:22','2019-04-22 17:57:45',2,NULL,5),(1621,'São José da Coroa Grande',21,'2018-02-02 14:54:22','2019-04-22 17:57:45',2,NULL,5),(1622,'São José do Belmonte',21,'2018-02-02 14:54:23','2019-04-22 17:57:46',2,NULL,5),(1623,'São José do Egito',21,'2018-02-02 14:54:23','2019-04-22 17:57:46',2,NULL,5),(1624,'São Lourenço da Mata',21,'2018-02-02 14:54:23','2019-04-22 17:57:47',2,NULL,5),(1625,'São Vicente Ferrer',21,'2018-02-02 14:54:24','2019-04-22 17:57:47',2,NULL,5),(1626,'Serra Talhada',21,'2018-02-02 14:54:24','2019-04-22 17:57:47',2,NULL,5),(1627,'Serrita',21,'2018-02-02 14:54:24','2019-04-22 17:57:48',2,NULL,5),(1628,'Sertânia',21,'2018-02-02 14:54:25','2019-04-22 17:57:48',2,NULL,5),(1629,'Sirinhaém',21,'2018-02-02 14:54:25','2019-04-22 17:57:48',2,NULL,5),(1630,'Moreilândia',21,'2018-02-02 14:54:25','2019-04-22 17:57:49',2,NULL,5),(1631,'Solidão',21,'2018-02-02 14:54:26','2019-04-22 17:57:49',2,NULL,5),(1632,'Surubim',21,'2018-02-02 14:54:26','2019-04-22 17:57:49',2,NULL,5),(1633,'Tabira',21,'2018-02-02 14:54:26','2019-04-22 17:57:50',2,NULL,5),(1634,'Tacaimbó',21,'2018-02-02 14:54:27','2019-04-22 17:57:50',2,NULL,5),(1635,'Tacaratu',21,'2018-02-02 14:54:27','2019-04-22 17:57:50',2,NULL,5),(1636,'Tamandaré',21,'2018-02-02 14:54:27','2019-04-22 17:57:51',2,NULL,5),(1637,'Taquaritinga do Norte',21,'2018-02-02 14:54:28','2019-04-22 17:57:51',2,NULL,5),(1638,'Terezinha',21,'2018-02-02 14:54:28','2019-04-22 17:57:52',2,NULL,5),(1639,'Terra Nova',21,'2018-02-02 14:54:28','2019-04-22 17:57:52',2,NULL,5),(1640,'Timbaúba',21,'2018-02-02 14:54:29','2019-04-22 17:57:52',2,NULL,5),(1641,'Toritama',21,'2018-02-02 14:54:29','2019-04-22 17:57:53',2,NULL,5),(1642,'Tracunhaém',21,'2018-02-02 14:54:30','2019-04-22 17:57:53',2,NULL,5),(1643,'Trindade',21,'2018-02-02 14:54:30','2019-04-22 17:57:53',2,NULL,5),(1644,'Triunfo',21,'2018-02-02 14:54:30','2019-04-22 17:57:54',2,NULL,5),(1645,'Tupanatinga',21,'2018-02-02 14:54:31','2019-04-22 17:57:54',2,NULL,5),(1646,'Tuparetama',21,'2018-02-02 14:54:31','2019-04-22 17:57:54',2,NULL,5),(1647,'Venturosa',21,'2018-02-02 14:54:31','2019-04-22 17:57:55',2,NULL,5),(1648,'Verdejante',21,'2018-02-02 14:54:32','2019-04-22 17:57:55',2,NULL,5),(1649,'Vertente do Lério',21,'2018-02-02 14:54:32','2019-04-22 17:57:55',2,NULL,5),(1650,'Vertentes',21,'2018-02-02 14:54:32','2019-04-22 17:57:56',2,NULL,5),(1651,'Vicência',21,'2018-02-02 14:54:33','2019-04-22 17:57:56',2,NULL,5),(1652,'Vitória de Santo Antão',21,'2018-02-02 14:54:33','2019-04-22 17:57:57',2,NULL,5),(1653,'Xexéu',21,'2018-02-02 14:54:33','2019-04-22 17:57:57',2,NULL,5),(1654,'Água Branca',6,'2018-02-02 14:54:57','2019-04-22 17:57:57',2,NULL,5),(1655,'Anadia',6,'2018-02-02 14:54:57','2019-04-22 17:57:58',2,NULL,5),(1656,'Arapiraca',6,'2018-02-02 14:54:57','2019-04-22 17:57:58',2,NULL,5),(1657,'Atalaia',6,'2018-02-02 14:54:58','2019-04-22 17:57:58',2,NULL,5),(1658,'Barra de Santo Antônio',6,'2018-02-02 14:54:58','2019-04-22 17:57:59',2,NULL,5),(1659,'Barra de São Miguel',6,'2018-02-02 14:54:59','2019-04-22 17:57:59',2,NULL,5),(1660,'Batalha',6,'2018-02-02 14:54:59','2019-04-22 17:57:59',2,NULL,5),(1661,'Belém',6,'2018-02-02 14:54:59','2019-04-22 17:58:00',2,NULL,5),(1662,'Belo Monte',6,'2018-02-02 14:55:00','2019-04-22 17:58:00',2,NULL,5),(1663,'Boca da Mata',6,'2018-02-02 14:55:00','2019-04-22 17:58:00',2,NULL,5),(1664,'Branquinha',6,'2018-02-02 14:55:00','2019-04-22 17:58:01',2,NULL,5),(1665,'Cacimbinhas',6,'2018-02-02 14:55:01','2019-04-22 17:58:01',2,NULL,5),(1666,'Cajueiro',6,'2018-02-02 14:55:01','2019-04-22 17:58:02',2,NULL,5),(1667,'Campestre',6,'2018-02-02 14:55:01','2019-04-22 17:58:02',2,NULL,5),(1668,'Campo Alegre',6,'2018-02-02 14:55:02','2019-04-22 17:58:02',2,NULL,5),(1669,'Campo Grande',6,'2018-02-02 14:55:02','2019-04-22 17:58:03',2,NULL,5),(1670,'Canapi',6,'2018-02-02 14:55:02','2019-04-22 17:58:03',2,NULL,5),(1671,'Capela',6,'2018-02-02 14:55:03','2019-04-22 17:58:03',2,NULL,5),(1672,'Carneiros',6,'2018-02-02 14:55:03','2019-04-22 17:58:04',2,NULL,5),(1673,'Chã Preta',6,'2018-02-02 14:55:03','2019-04-22 17:58:04',2,NULL,5),(1674,'Coité do Nóia',6,'2018-02-02 14:55:04','2019-04-22 17:58:04',2,NULL,5),(1675,'Colônia Leopoldina',6,'2018-02-02 14:55:04','2019-04-22 17:58:05',2,NULL,5),(1676,'Coqueiro Seco',6,'2018-02-02 14:55:04','2019-04-22 17:58:05',2,NULL,5),(1677,'Coruripe',6,'2018-02-02 14:55:05','2019-04-22 17:58:06',2,NULL,5),(1678,'Craíbas',6,'2018-02-02 14:55:05','2019-04-22 17:58:06',2,NULL,5),(1679,'Delmiro Gouveia',6,'2018-02-02 14:55:06','2019-04-22 17:58:06',2,NULL,5),(1680,'Dois Riachos',6,'2018-02-02 14:55:06','2019-04-22 17:58:07',2,NULL,5),(1681,'Estrela de Alagoas',6,'2018-02-02 14:55:06','2019-04-22 17:58:07',2,NULL,5),(1682,'Feira Grande',6,'2018-02-02 14:55:07','2019-04-22 17:58:07',2,NULL,5),(1683,'Feliz Deserto',6,'2018-02-02 14:55:07','2019-04-22 17:58:08',2,NULL,5),(1684,'Flexeiras',6,'2018-02-02 14:55:07','2019-04-22 17:58:08',2,NULL,5),(1685,'Girau do Ponciano',6,'2018-02-02 14:55:08','2019-04-22 17:58:08',2,NULL,5),(1686,'Ibateguara',6,'2018-02-02 14:55:08','2019-04-22 17:58:09',2,NULL,5),(1687,'Igaci',6,'2018-02-02 14:55:08','2019-04-22 17:58:09',2,NULL,5),(1688,'Igreja Nova',6,'2018-02-02 14:55:09','2019-04-22 17:58:09',2,NULL,5),(1689,'Inhapi',6,'2018-02-02 14:55:09','2019-04-22 17:58:10',2,NULL,5),(1690,'Jacaré dos Homens',6,'2018-02-02 14:55:09','2019-04-22 17:58:10',2,NULL,5),(1691,'Jacuípe',6,'2018-02-02 14:55:10','2019-04-22 17:58:11',2,NULL,5),(1692,'Japaratinga',6,'2018-02-02 14:55:10','2019-04-22 17:58:11',2,NULL,5),(1693,'Jaramataia',6,'2018-02-02 14:55:11','2019-04-22 17:58:11',2,NULL,5),(1694,'Jequiá da Praia',6,'2018-02-02 14:55:11','2019-04-22 17:58:12',2,NULL,5),(1695,'Joaquim Gomes',6,'2018-02-02 14:55:11','2019-04-22 17:58:12',2,NULL,5),(1696,'Jundiá',6,'2018-02-02 14:55:12','2019-04-22 17:58:13',2,NULL,5),(1697,'Junqueiro',6,'2018-02-02 14:55:12','2019-04-22 17:58:13',2,NULL,5),(1698,'Lagoa da Canoa',6,'2018-02-02 14:55:12','2019-04-22 17:58:13',2,NULL,5),(1699,'Limoeiro de Anadia',6,'2018-02-02 14:55:13','2019-04-22 17:58:14',2,NULL,5),(1700,'Maceió',6,'2018-02-02 14:55:13','2019-04-22 17:58:14',2,NULL,5),(1701,'Major Isidoro',6,'2018-02-02 14:55:13','2019-04-22 17:58:14',2,NULL,5),(1702,'Maragogi',6,'2018-02-02 14:55:14','2019-04-22 17:58:15',2,NULL,5),(1703,'Maravilha',6,'2018-02-02 14:55:14','2019-04-22 17:58:15',2,NULL,5),(1704,'Marechal Deodoro',6,'2018-02-02 14:55:14','2019-04-22 17:58:16',2,NULL,5),(1705,'Maribondo',6,'2018-02-02 14:55:15','2019-04-22 17:58:16',2,NULL,5),(1706,'Mar Vermelho',6,'2018-02-02 14:55:15','2019-04-22 17:58:16',2,NULL,5),(1707,'Mata Grande',6,'2018-02-02 14:55:15','2019-04-22 17:58:17',2,NULL,5),(1708,'Matriz de Camaragibe',6,'2018-02-02 14:55:16','2019-04-22 17:58:17',2,NULL,5),(1709,'Messias',6,'2018-02-02 14:55:16','2019-04-22 17:58:17',2,NULL,5),(1710,'Minador do Negrão',6,'2018-02-02 14:55:16','2019-04-22 17:58:18',2,NULL,5),(1711,'Monteirópolis',6,'2018-02-02 14:55:17','2019-04-22 17:58:18',2,NULL,5),(1712,'Murici',6,'2018-02-02 14:55:17','2019-04-22 17:58:18',2,NULL,5),(1713,'Novo Lino',6,'2018-02-02 14:55:17','2019-04-22 17:58:19',2,NULL,5),(1714,'Olho D\'Água das Flores',6,'2018-02-02 14:55:18','2019-04-22 17:58:19',2,NULL,5),(1715,'Olho D\'Água do Casado',6,'2018-02-02 14:55:18','2019-04-22 17:58:20',2,NULL,5),(1716,'Olho D\'Água Grande',6,'2018-02-02 14:55:19','2019-04-22 17:58:20',2,NULL,5),(1717,'Olivença',6,'2018-02-02 14:55:19','2019-04-22 17:58:20',2,NULL,5),(1718,'Ouro Branco',6,'2018-02-02 14:55:19','2019-04-22 17:58:21',2,NULL,5),(1719,'Palestina',6,'2018-02-02 14:55:20','2019-04-22 17:58:21',2,NULL,5),(1720,'Palmeira dos Índios',6,'2018-02-02 14:55:20','2019-04-22 17:58:21',2,NULL,5),(1721,'Pão de Açúcar',6,'2018-02-02 14:55:20','2019-04-22 17:58:22',2,NULL,5),(1722,'Pariconha',6,'2018-02-02 14:55:21','2019-04-22 17:58:22',2,NULL,5),(1723,'Paripueira',6,'2018-02-02 14:55:21','2019-04-22 17:58:22',2,NULL,5),(1724,'Passo de Camaragibe',6,'2018-02-02 14:55:21','2019-04-22 17:58:23',2,NULL,5),(1725,'Paulo Jacinto',6,'2018-02-02 14:55:22','2019-04-22 17:58:23',2,NULL,5),(1726,'Penedo',6,'2018-02-02 14:55:22','2019-04-22 17:58:23',2,NULL,5),(1727,'Piaçabuçu',6,'2018-02-02 14:55:22','2019-04-22 17:58:24',2,NULL,5),(1728,'Pilar',6,'2018-02-02 14:55:23','2019-04-22 17:58:24',2,NULL,5),(1729,'Pindoba',6,'2018-02-02 14:55:23','2019-04-22 17:58:25',2,NULL,5),(1730,'Piranhas',6,'2018-02-02 14:55:23','2019-04-22 17:58:25',2,NULL,5),(1731,'Poço das Trincheiras',6,'2018-02-02 14:55:24','2019-04-22 17:58:25',2,NULL,5),(1732,'Porto Calvo',6,'2018-02-02 14:55:24','2019-04-22 17:58:26',2,NULL,5),(1733,'Porto de Pedras',6,'2018-02-02 14:55:24','2019-04-22 17:58:26',2,NULL,5),(1734,'Porto Real do Colégio',6,'2018-02-02 14:55:25','2019-04-22 17:58:26',2,NULL,5),(1735,'Quebrangulo',6,'2018-02-02 14:55:25','2019-04-22 17:58:27',2,NULL,5),(1736,'Rio Largo',6,'2018-02-02 14:55:25','2019-04-22 17:58:27',2,NULL,5),(1737,'Roteiro',6,'2018-02-02 14:55:26','2019-04-22 17:58:27',2,NULL,5),(1738,'Santa Luzia do Norte',6,'2018-02-02 14:55:26','2019-04-22 17:58:28',2,NULL,5),(1739,'Santana do Ipanema',6,'2018-02-02 14:55:27','2019-04-22 17:58:28',2,NULL,5),(1740,'Santana do Mundaú',6,'2018-02-02 14:55:27','2019-04-22 17:58:29',2,NULL,5),(1741,'São Brás',6,'2018-02-02 14:55:27','2019-04-22 17:58:29',2,NULL,5),(1742,'São José da Laje',6,'2018-02-02 14:55:28','2019-04-22 17:58:29',2,NULL,5),(1743,'São José da Tapera',6,'2018-02-02 14:55:28','2019-04-22 17:58:30',2,NULL,5),(1744,'São Luís do Quitunde',6,'2018-02-02 14:55:28','2019-04-22 17:58:30',2,NULL,5),(1745,'São Miguel dos Campos',6,'2018-02-02 14:55:29','2019-04-22 17:58:30',2,NULL,5),(1746,'São Miguel dos Milagres',6,'2018-02-02 14:55:29','2019-04-22 17:58:31',2,NULL,5),(1747,'São Sebastião',6,'2018-02-02 14:55:29','2019-04-22 17:58:31',2,NULL,5),(1748,'Satuba',6,'2018-02-02 14:55:30','2019-04-22 17:58:31',2,NULL,5),(1749,'Senador Rui Palmeira',6,'2018-02-02 14:55:30','2019-04-22 17:58:32',2,NULL,5),(1750,'Tanque D\'Arca',6,'2018-02-02 14:55:30','2019-04-22 17:58:32',2,NULL,5),(1751,'Taquarana',6,'2018-02-02 14:55:31','2019-04-22 17:58:32',2,NULL,5),(1752,'Teotônio Vilela',6,'2018-02-02 14:55:31','2019-04-22 17:58:33',2,NULL,5),(1753,'Traipu',6,'2018-02-02 14:55:31','2019-04-22 17:58:33',2,NULL,5),(1754,'União dos Palmares',6,'2018-02-02 14:55:32','2019-04-22 17:58:34',2,NULL,5),(1755,'Viçosa',6,'2018-02-02 14:55:32','2019-04-22 17:58:34',2,NULL,5),(1756,'Amparo de São Francisco',30,'2018-02-02 14:56:26','2019-04-22 17:58:34',2,NULL,5),(1757,'Aquidabã',30,'2018-02-02 14:56:26','2019-04-22 17:58:35',2,NULL,5),(1758,'Aracaju',30,'2018-02-02 14:56:27','2019-04-22 17:58:35',2,NULL,5),(1759,'Arauá',30,'2018-02-02 14:56:27','2019-04-22 17:58:35',2,NULL,5),(1760,'Areia Branca',30,'2018-02-02 14:56:27','2019-04-22 17:58:36',2,NULL,5),(1761,'Barra dos Coqueiros',30,'2018-02-02 14:56:28','2019-04-22 17:58:36',2,NULL,5),(1762,'Boquim',30,'2018-02-02 14:56:28','2019-04-22 17:58:36',2,NULL,5),(1763,'Brejo Grande',30,'2018-02-02 14:56:28','2019-04-22 17:58:37',2,NULL,5),(1764,'Campo do Brito',30,'2018-02-02 14:56:29','2019-04-22 17:58:37',2,NULL,5),(1765,'Canhoba',30,'2018-02-02 14:56:29','2019-04-22 17:58:38',2,NULL,5),(1766,'Canindé de São Francisco',30,'2018-02-02 14:56:29','2019-04-22 17:58:38',2,NULL,5),(1767,'Capela',30,'2018-02-02 14:56:30','2019-04-22 17:58:38',2,NULL,5),(1768,'Carira',30,'2018-02-02 14:56:30','2019-04-22 17:58:39',2,NULL,5),(1769,'Carmópolis',30,'2018-02-02 14:56:30','2019-04-22 17:58:39',2,NULL,5),(1770,'Cedro de São João',30,'2018-02-02 14:56:31','2019-04-22 17:58:39',2,NULL,5),(1771,'Cristinápolis',30,'2018-02-02 14:56:31','2019-04-22 17:58:40',2,NULL,5),(1772,'Cumbe',30,'2018-02-02 14:56:32','2019-04-22 17:58:40',2,NULL,5),(1773,'Divina Pastora',30,'2018-02-02 14:56:32','2019-04-22 17:58:40',2,NULL,5),(1774,'Estância',30,'2018-02-02 14:56:32','2019-04-22 17:58:41',2,NULL,5),(1775,'Feira Nova',30,'2018-02-02 14:56:33','2019-04-22 17:58:41',2,NULL,5),(1776,'Frei Paulo',30,'2018-02-02 14:56:33','2019-04-22 17:58:41',2,NULL,5),(1777,'Gararu',30,'2018-02-02 14:56:33','2019-04-22 17:58:42',2,NULL,5),(1778,'General Maynard',30,'2018-02-02 14:56:34','2019-04-22 17:58:42',2,NULL,5),(1779,'Gracho Cardoso',30,'2018-02-02 14:56:34','2019-04-22 17:58:43',2,NULL,5),(1780,'Ilha das Flores',30,'2018-02-02 14:56:34','2019-04-22 17:58:43',2,NULL,5),(1781,'Indiaroba',30,'2018-02-02 14:56:35','2019-04-22 17:58:43',2,NULL,5),(1782,'Itabaiana',30,'2018-02-02 14:56:35','2019-04-22 17:58:44',2,NULL,5),(1783,'Itabaianinha',30,'2018-02-02 14:56:35','2019-04-22 17:58:44',2,NULL,5),(1784,'Itabi',30,'2018-02-02 14:56:36','2019-04-22 17:58:44',2,NULL,5),(1785,'Itaporanga D\'Ajuda',30,'2018-02-02 14:56:36','2019-04-22 17:58:45',2,NULL,5),(1786,'Japaratuba',30,'2018-02-02 14:56:36','2019-04-22 17:58:45',2,NULL,5),(1787,'Japoatã',30,'2018-02-02 14:56:37','2019-04-22 17:58:45',2,NULL,5),(1788,'Lagarto',30,'2018-02-02 14:56:37','2019-04-22 17:58:46',2,NULL,5),(1789,'Laranjeiras',30,'2018-02-02 14:56:37','2019-04-22 17:58:46',2,NULL,5),(1790,'Macambira',30,'2018-02-02 14:56:38','2019-04-22 17:58:46',2,NULL,5),(1791,'Malhada dos Bois',30,'2018-02-02 14:56:38','2019-04-22 17:58:47',2,NULL,5),(1792,'Malhador',30,'2018-02-02 14:56:39','2019-04-22 17:58:47',2,NULL,5),(1793,'Maruim',30,'2018-02-02 14:56:39','2019-04-22 17:58:48',2,NULL,5),(1794,'Moita Bonita',30,'2018-02-02 14:56:39','2019-04-22 17:58:48',2,NULL,5),(1795,'Monte Alegre de Sergipe',30,'2018-02-02 14:56:40','2019-04-22 17:58:48',2,NULL,5),(1796,'Muribeca',30,'2018-02-02 14:56:40','2019-04-22 17:58:49',2,NULL,5),(1797,'Neópolis',30,'2018-02-02 14:56:40','2019-04-22 17:58:49',2,NULL,5),(1798,'Nossa Senhora Aparecida',30,'2018-02-02 14:56:41','2019-04-22 17:58:49',2,NULL,5),(1799,'Nossa Senhora da Glória',30,'2018-02-02 14:56:41','2019-04-22 17:58:50',2,NULL,5),(1800,'Nossa Senhora das Dores',30,'2018-02-02 14:56:42','2019-04-22 17:58:50',2,NULL,5),(1801,'Nossa Senhora de Lourdes',30,'2018-02-02 14:56:42','2019-04-22 17:58:50',2,NULL,5),(1802,'Nossa Senhora do Socorro',30,'2018-02-02 14:56:42','2019-04-22 17:58:51',2,NULL,5),(1803,'Pacatuba',30,'2018-02-02 14:56:43','2019-04-22 17:58:51',2,NULL,5),(1804,'Pedra Mole',30,'2018-02-02 14:56:43','2019-04-22 17:58:51',2,NULL,5),(1805,'Pedrinhas',30,'2018-02-02 14:56:43','2019-04-22 17:58:52',2,NULL,5),(1806,'Pinhão',30,'2018-02-02 14:56:44','2019-04-22 17:58:52',2,NULL,5),(1807,'Pirambu',30,'2018-02-02 14:56:44','2019-04-22 17:58:53',2,NULL,5),(1808,'Poço Redondo',30,'2018-02-02 14:56:44','2019-04-22 17:58:53',2,NULL,5),(1809,'Poço Verde',30,'2018-02-02 14:56:45','2019-04-22 17:58:53',2,NULL,5),(1810,'Porto da Folha',30,'2018-02-02 14:56:45','2019-04-22 17:58:54',2,NULL,5),(1811,'Propriá',30,'2018-02-02 14:56:45','2019-04-22 17:58:54',2,NULL,5),(1812,'Riachão do Dantas',30,'2018-02-02 14:56:46','2019-04-22 17:58:54',2,NULL,5),(1813,'Riachuelo',30,'2018-02-02 14:56:46','2019-04-22 17:58:55',2,NULL,5),(1814,'Ribeirópolis',30,'2018-02-02 14:56:46','2019-04-22 17:58:55',2,NULL,5),(1815,'Rosário do Catete',30,'2018-02-02 14:56:47','2019-04-22 17:58:55',2,NULL,5),(1816,'Salgado',30,'2018-02-02 14:56:47','2019-04-22 17:58:56',2,NULL,5),(1817,'Santa Luzia do Itanhy',30,'2018-02-02 14:56:48','2019-04-22 17:58:56',2,NULL,5),(1818,'Santana do São Francisco',30,'2018-02-02 14:56:48','2019-04-22 17:58:57',2,NULL,5),(1819,'Santa Rosa de Lima',30,'2018-02-02 14:56:48','2019-04-22 17:58:57',2,NULL,5),(1820,'Santo Amaro das Brotas',30,'2018-02-02 14:56:49','2019-04-22 17:58:57',2,NULL,5),(1821,'São Cristóvão',30,'2018-02-02 14:56:49','2019-04-22 17:58:58',2,NULL,5),(1822,'São Domingos',30,'2018-02-02 14:56:49','2019-04-22 17:58:58',2,NULL,5),(1823,'São Francisco',30,'2018-02-02 14:56:50','2019-04-22 17:58:58',2,NULL,5),(1824,'São Miguel do Aleixo',30,'2018-02-02 14:56:50','2019-04-22 17:58:59',2,NULL,5),(1825,'Simão Dias',30,'2018-02-02 14:56:50','2019-04-22 17:58:59',2,NULL,5),(1826,'Siriri',30,'2018-02-02 14:56:51','2019-04-22 17:58:59',2,NULL,5),(1827,'Telha',30,'2018-02-02 14:56:51','2019-04-22 17:59:00',2,NULL,5),(1828,'Tobias Barreto',30,'2018-02-02 14:56:51','2019-04-22 17:59:00',2,NULL,5),(1829,'Tomar do Geru',30,'2018-02-02 14:56:52','2019-04-22 17:59:00',2,NULL,5),(1830,'Umbaúba',30,'2018-02-02 14:56:52','2019-04-22 17:59:01',2,NULL,5),(1831,'Abaíra',9,'2018-02-02 14:58:34','2019-04-22 17:59:01',2,NULL,5),(1832,'Abaré',9,'2018-02-02 14:58:34','2019-04-22 17:59:02',2,NULL,5),(1833,'Acajutiba',9,'2018-02-02 14:58:35','2019-04-22 17:59:02',2,NULL,5),(1834,'Adustina',9,'2018-02-02 14:58:35','2019-04-22 17:59:02',2,NULL,5),(1835,'Água Fria',9,'2018-02-02 14:58:35','2019-04-22 17:59:03',2,NULL,5),(1836,'Érico Cardoso',9,'2018-02-02 14:58:36','2019-04-22 17:59:03',2,NULL,5),(1837,'Aiquara',9,'2018-02-02 14:58:36','2019-04-22 17:59:03',2,NULL,5),(1838,'Alagoinhas',9,'2018-02-02 14:58:36','2019-04-22 17:59:04',2,NULL,5),(1839,'Alcobaça',9,'2018-02-02 14:58:37','2019-04-22 17:59:04',2,NULL,5),(1840,'Almadina',9,'2018-02-02 14:58:37','2019-04-22 17:59:04',2,NULL,5),(1841,'Amargosa',9,'2018-02-02 14:58:37','2019-04-22 17:59:05',2,NULL,5),(1842,'Amélia Rodrigues',9,'2018-02-02 14:58:38','2019-04-22 17:59:05',2,NULL,5),(1843,'América Dourada',9,'2018-02-02 14:58:38','2019-04-22 17:59:06',2,NULL,5),(1844,'Anagé',9,'2018-02-02 14:58:38','2019-04-22 17:59:06',2,NULL,5),(1845,'Andaraí',9,'2018-02-02 14:58:39','2019-04-22 17:59:06',2,NULL,5),(1846,'Andorinha',9,'2018-02-02 14:58:39','2019-04-22 17:59:07',2,NULL,5),(1847,'Angical',9,'2018-02-02 14:58:39','2019-04-22 17:59:07',2,NULL,5),(1848,'Anguera',9,'2018-02-02 14:58:40','2019-04-22 17:59:07',2,NULL,5),(1849,'Antas',9,'2018-02-02 14:58:40','2019-04-22 17:59:08',2,NULL,5),(1850,'Antônio Cardoso',9,'2018-02-02 14:58:41','2019-04-22 17:59:08',2,NULL,5),(1851,'Antônio Gonçalves',9,'2018-02-02 14:58:41','2019-04-22 17:59:08',2,NULL,5),(1852,'Aporá',9,'2018-02-02 14:58:41','2019-04-22 17:59:09',2,NULL,5),(1853,'Apuarema',9,'2018-02-02 14:58:42','2019-04-22 17:59:09',2,NULL,5),(1854,'Aracatu',9,'2018-02-02 14:58:42','2019-04-22 17:59:09',2,NULL,5),(1855,'Araças',9,'2018-02-02 14:58:42','2019-04-22 17:59:10',2,NULL,5),(1856,'Araci',9,'2018-02-02 14:58:43','2019-04-22 17:59:10',2,NULL,5),(1857,'Aramari',9,'2018-02-02 14:58:43','2019-04-22 17:59:11',2,NULL,5),(1858,'Arataca',9,'2018-02-02 14:58:43','2019-04-22 17:59:11',2,NULL,5),(1859,'Aratuípe',9,'2018-02-02 14:58:44','2019-04-22 17:59:11',2,NULL,5),(1860,'Aurelino Leal',9,'2018-02-02 14:58:44','2019-04-22 17:59:12',2,NULL,5),(1861,'Baianópolis',9,'2018-02-02 14:58:44','2019-04-22 17:59:12',2,NULL,5),(1862,'Baixa Grande',9,'2018-02-02 14:58:45','2019-04-22 17:59:12',2,NULL,5),(1863,'Banzaê',9,'2018-02-02 14:58:45','2019-04-22 17:59:13',2,NULL,5),(1864,'Barra',9,'2018-02-02 14:58:45','2019-04-22 17:59:13',2,NULL,5),(1865,'Barra da Estiva',9,'2018-02-02 14:58:46','2019-04-22 17:59:13',2,NULL,5),(1866,'Barra do Choça',9,'2018-02-02 14:58:46','2019-04-22 17:59:14',2,NULL,5),(1867,'Barra do Mendes',9,'2018-02-02 14:58:47','2019-04-22 17:59:14',2,NULL,5),(1868,'Barra do Rocha',9,'2018-02-02 14:58:47','2019-04-22 17:59:14',2,NULL,5),(1869,'Barreiras',9,'2018-02-02 14:58:47','2019-04-22 17:59:15',2,NULL,5),(1870,'Barro Alto',9,'2018-02-02 14:58:48','2019-04-22 17:59:15',2,NULL,5),(1871,'Barrocas',9,'2018-02-02 14:58:48','2019-04-22 17:59:16',2,NULL,5),(1872,'Barro Preto',9,'2018-02-02 14:58:48','2019-04-22 17:59:16',2,NULL,5),(1873,'Belmonte',9,'2018-02-02 14:58:49','2019-04-22 17:59:16',2,NULL,5),(1874,'Belo Campo',9,'2018-02-02 14:58:49','2019-04-22 17:59:17',2,NULL,5),(1875,'Biritinga',9,'2018-02-02 14:58:49','2019-04-22 17:59:17',2,NULL,5),(1876,'Boa Nova',9,'2018-02-02 14:58:50','2019-04-22 17:59:17',2,NULL,5),(1877,'Boa Vista do Tupim',9,'2018-02-02 14:58:50','2019-04-22 17:59:18',2,NULL,5),(1878,'Bom Jesus da Lapa',9,'2018-02-02 14:58:51','2019-04-22 17:59:18',2,NULL,5),(1879,'Bom Jesus da Serra',9,'2018-02-02 14:58:51','2019-04-22 17:59:18',2,NULL,5),(1880,'Boninal',9,'2018-02-02 14:58:51','2019-04-22 17:59:19',2,NULL,5),(1881,'Bonito',9,'2018-02-02 14:58:52','2019-04-22 17:59:19',2,NULL,5),(1882,'Boquira',9,'2018-02-02 14:58:52','2019-04-22 17:59:19',2,NULL,5),(1883,'Botuporã',9,'2018-02-02 14:58:52','2019-04-22 17:59:20',2,NULL,5),(1884,'Brejões',9,'2018-02-02 14:58:53','2019-04-22 17:59:20',2,NULL,5),(1885,'Brejolândia',9,'2018-02-02 14:58:53','2019-04-22 17:59:21',2,NULL,5),(1886,'Brotas de Macaúbas',9,'2018-02-02 14:58:53','2019-04-22 17:59:21',2,NULL,5),(1887,'Brumado',9,'2018-02-02 14:58:54','2019-04-22 17:59:21',2,NULL,5),(1888,'Buerarema',9,'2018-02-02 14:58:54','2019-04-22 17:59:22',2,NULL,5),(1889,'Buritirama',9,'2018-02-02 14:58:54','2019-04-22 17:59:22',2,NULL,5),(1890,'Caatiba',9,'2018-02-02 14:58:55','2019-04-22 17:59:22',2,NULL,5),(1891,'Cabaceiras do Paraguaçu',9,'2018-02-02 14:58:55','2019-04-22 17:59:23',2,NULL,5),(1892,'Cachoeira',9,'2018-02-02 14:58:55','2019-04-22 17:59:23',2,NULL,5),(1893,'Caculé',9,'2018-02-02 14:58:56','2019-04-22 17:59:23',2,NULL,5),(1894,'Caém',9,'2018-02-02 14:58:56','2019-04-22 17:59:24',2,NULL,5),(1895,'Caetanos',9,'2018-02-02 14:58:56','2019-04-22 17:59:24',2,NULL,5),(1896,'Caetité',9,'2018-02-02 14:58:57','2019-04-22 17:59:24',2,NULL,5),(1897,'Cafarnaum',9,'2018-02-02 14:58:57','2019-04-22 17:59:25',2,NULL,5),(1898,'Cairu',9,'2018-02-02 14:58:58','2019-04-22 17:59:25',2,NULL,5),(1899,'Caldeirão Grande',9,'2018-02-02 14:58:58','2019-04-22 17:59:26',2,NULL,5),(1900,'Camacan',9,'2018-02-02 14:58:58','2019-04-22 17:59:26',2,NULL,5),(1901,'Camaçari',9,'2018-02-02 14:58:59','2019-04-22 17:59:26',2,NULL,5),(1902,'Camamu',9,'2018-02-02 14:58:59','2019-04-22 17:59:27',2,NULL,5),(1903,'Campo Alegre de Lourdes',9,'2018-02-02 14:58:59','2019-04-22 17:59:27',2,NULL,5),(1904,'Campo Formoso',9,'2018-02-02 14:59:00','2019-04-22 17:59:27',2,NULL,5),(1905,'Canápolis',9,'2018-02-02 14:59:00','2019-04-22 17:59:28',2,NULL,5),(1906,'Canarana',9,'2018-02-02 14:59:00','2019-04-22 17:59:28',2,NULL,5),(1907,'Canavieiras',9,'2018-02-02 14:59:01','2019-04-22 17:59:28',2,NULL,5),(1908,'Candeal',9,'2018-02-02 14:59:01','2019-04-22 17:59:29',2,NULL,5),(1909,'Candeias',9,'2018-02-02 14:59:01','2019-04-22 17:59:29',2,NULL,5),(1910,'Candiba',9,'2018-02-02 14:59:02','2019-04-22 17:59:29',2,NULL,5),(1911,'Cândido Sales',9,'2018-02-02 14:59:02','2019-04-22 17:59:30',2,NULL,5),(1912,'Cansanção',9,'2018-02-02 14:59:02','2019-04-22 17:59:30',2,NULL,5),(1913,'Canudos',9,'2018-02-02 14:59:03','2019-04-22 17:59:31',2,NULL,5),(1914,'Capela do Alto Alegre',9,'2018-02-02 14:59:03','2019-04-22 17:59:31',2,NULL,5),(1915,'Capim Grosso',9,'2018-02-02 14:59:04','2019-04-22 17:59:31',2,NULL,5),(1916,'Caraíbas',9,'2018-02-02 14:59:04','2019-04-22 17:59:32',2,NULL,5),(1917,'Caravelas',9,'2018-02-02 14:59:04','2019-04-22 17:59:32',2,NULL,5),(1918,'Cardeal da Silva',9,'2018-02-02 14:59:05','2019-04-22 17:59:32',2,NULL,5),(1919,'Carinhanha',9,'2018-02-02 14:59:05','2019-04-22 17:59:33',2,NULL,5),(1920,'Casa Nova',9,'2018-02-02 14:59:06','2019-04-22 17:59:33',2,NULL,5),(1921,'Castro Alves',9,'2018-02-02 14:59:07','2019-04-22 17:59:34',2,NULL,5),(1922,'Catolândia',9,'2018-02-02 14:59:07','2019-04-22 17:59:34',2,NULL,5),(1923,'Catu',9,'2018-02-02 14:59:08','2019-04-22 17:59:34',2,NULL,5),(1924,'Caturama',9,'2018-02-02 14:59:09','2019-04-22 17:59:35',2,NULL,5),(1925,'Central',9,'2018-02-02 14:59:09','2019-04-22 17:59:35',2,NULL,5),(1926,'Chorrochó',9,'2018-02-02 14:59:10','2019-04-22 17:59:35',2,NULL,5),(1927,'Cícero Dantas',9,'2018-02-02 14:59:10','2019-04-22 17:59:36',2,NULL,5),(1928,'Cipó',9,'2018-02-02 14:59:11','2019-04-22 17:59:36',2,NULL,5),(1929,'Coaraci',9,'2018-02-02 14:59:11','2019-04-22 17:59:36',2,NULL,5),(1930,'Cocos',9,'2018-02-02 14:59:11','2019-04-22 17:59:37',2,NULL,5),(1931,'Conceição da Feira',9,'2018-02-02 14:59:12','2019-04-22 17:59:37',2,NULL,5),(1932,'Conceição do Almeida',9,'2018-02-02 14:59:12','2019-04-22 17:59:37',2,NULL,5),(1933,'Conceição do Coité',9,'2018-02-02 14:59:13','2019-04-22 17:59:38',2,NULL,5),(1934,'Conceição do Jacuípe',9,'2018-02-02 14:59:13','2019-04-22 17:59:38',2,NULL,5),(1935,'Conde',9,'2018-02-02 14:59:13','2019-04-22 17:59:39',2,NULL,5),(1936,'Condeúba',9,'2018-02-02 14:59:14','2019-04-22 17:59:39',2,NULL,5),(1937,'Contendas do Sincorá',9,'2018-02-02 14:59:14','2019-04-22 17:59:39',2,NULL,5),(1938,'Coração de Maria',9,'2018-02-02 14:59:15','2019-04-22 17:59:40',2,NULL,5),(1939,'Cordeiros',9,'2018-02-02 14:59:15','2019-04-22 17:59:40',2,NULL,5),(1940,'Coribe',9,'2018-02-02 14:59:15','2019-04-22 17:59:40',2,NULL,5),(1941,'Coronel João Sá',9,'2018-02-02 14:59:16','2019-04-22 17:59:41',2,NULL,5),(1942,'Correntina',9,'2018-02-02 14:59:16','2019-04-22 17:59:41',2,NULL,5),(1943,'Cotegipe',9,'2018-02-02 14:59:16','2019-04-22 17:59:41',2,NULL,5),(1944,'Cravolândia',9,'2018-02-02 14:59:17','2019-04-22 17:59:42',2,NULL,5),(1945,'Crisópolis',9,'2018-02-02 14:59:17','2019-04-22 17:59:42',2,NULL,5),(1946,'Cristópolis',9,'2018-02-02 14:59:18','2019-04-22 17:59:42',2,NULL,5),(1947,'Cruz das Almas',9,'2018-02-02 14:59:18','2019-04-22 17:59:43',2,NULL,5),(1948,'Curaçá',9,'2018-02-02 14:59:18','2019-04-22 17:59:43',2,NULL,5),(1949,'Dário Meira',9,'2018-02-02 14:59:19','2019-04-22 17:59:44',2,NULL,5),(1950,'Dias D\'Ávila',9,'2018-02-02 14:59:19','2019-04-22 17:59:44',2,NULL,5),(1951,'Dom Basílio',9,'2018-02-02 14:59:19','2019-04-22 17:59:44',2,NULL,5),(1952,'Dom Macedo Costa',9,'2018-02-02 14:59:20','2019-04-22 17:59:45',2,NULL,5),(1953,'Elísio Medrado',9,'2018-02-02 14:59:20','2019-04-22 17:59:45',2,NULL,5),(1954,'Encruzilhada',9,'2018-02-02 14:59:21','2019-04-22 17:59:45',2,NULL,5),(1955,'Entre Rios',9,'2018-02-02 14:59:21','2019-04-22 17:59:46',2,NULL,5),(1956,'Esplanada',9,'2018-02-02 14:59:22','2019-04-22 17:59:46',2,NULL,5),(1957,'Euclides da Cunha',9,'2018-02-02 14:59:22','2019-04-22 17:59:46',2,NULL,5),(1958,'Eunápolis',9,'2018-02-02 14:59:23','2019-04-22 17:59:47',2,NULL,5),(1959,'Fátima',9,'2018-02-02 14:59:23','2019-04-22 17:59:47',2,NULL,5),(1960,'Feira da Mata',9,'2018-02-02 14:59:23','2019-04-22 17:59:48',2,NULL,5),(1961,'Feira de Santana',9,'2018-02-02 14:59:24','2019-04-22 17:59:48',2,NULL,5),(1962,'Filadélfia',9,'2018-02-02 14:59:25','2019-04-22 17:59:48',2,NULL,5),(1963,'Firmino Alves',9,'2018-02-02 14:59:25','2019-04-22 17:59:49',2,NULL,5),(1964,'Floresta Azul',9,'2018-02-02 14:59:26','2019-04-22 17:59:49',2,NULL,5),(1965,'Formosa do Rio Preto',9,'2018-02-02 14:59:26','2019-04-22 17:59:50',2,NULL,5),(1966,'Gandu',9,'2018-02-02 14:59:26','2019-04-22 17:59:50',2,NULL,5),(1967,'Gavião',9,'2018-02-02 14:59:27','2019-04-22 17:59:50',2,NULL,5),(1968,'Gentio do Ouro',9,'2018-02-02 14:59:27','2019-04-22 17:59:51',2,NULL,5),(1969,'Glória',9,'2018-02-02 14:59:27','2019-04-22 17:59:51',2,NULL,5),(1970,'Gongogi',9,'2018-02-02 14:59:28','2019-04-22 17:59:52',2,NULL,5),(1971,'Governador Mangabeira',9,'2018-02-02 14:59:28','2019-04-22 17:59:52',2,NULL,5),(1972,'Guajeru',9,'2018-02-02 14:59:29','2019-04-22 17:59:52',2,NULL,5),(1973,'Guanambi',9,'2018-02-02 14:59:29','2019-04-22 17:59:53',2,NULL,5),(1974,'Guaratinga',9,'2018-02-02 14:59:30','2019-04-22 17:59:53',2,NULL,5),(1975,'Heliópolis',9,'2018-02-02 14:59:30','2019-04-22 17:59:53',2,NULL,5),(1976,'Iaçu',9,'2018-02-02 14:59:30','2019-04-22 17:59:54',2,NULL,5),(1977,'Ibiassucê',9,'2018-02-02 14:59:31','2019-04-22 17:59:54',2,NULL,5),(1978,'Ibicaraí',9,'2018-02-02 14:59:32','2019-04-22 17:59:54',2,NULL,5),(1979,'Ibicoara',9,'2018-02-02 14:59:33','2019-04-22 17:59:55',2,NULL,5),(1980,'Ibicuí',9,'2018-02-02 14:59:33','2019-04-22 17:59:55',2,NULL,5),(1981,'Ibipeba',9,'2018-02-02 14:59:33','2019-04-22 17:59:55',2,NULL,5),(1982,'Ibipitanga',9,'2018-02-02 14:59:34','2019-04-22 17:59:56',2,NULL,5),(1983,'Ibiquera',9,'2018-02-02 14:59:34','2019-04-22 17:59:56',2,NULL,5),(1984,'Ibirapitanga',9,'2018-02-02 14:59:35','2019-04-22 17:59:57',2,NULL,5),(1985,'Ibirapuã',9,'2018-02-02 14:59:35','2019-04-22 17:59:57',2,NULL,5),(1986,'Ibirataia',9,'2018-02-02 14:59:35','2019-04-22 17:59:57',2,NULL,5),(1987,'Ibitiara',9,'2018-02-02 14:59:36','2019-04-22 17:59:58',2,NULL,5),(1988,'Ibititá',9,'2018-02-02 14:59:36','2019-04-22 17:59:58',2,NULL,5),(1989,'Ibotirama',9,'2018-02-02 14:59:37','2019-04-22 17:59:58',2,NULL,5),(1990,'Ichu',9,'2018-02-02 14:59:38','2019-04-22 17:59:59',2,NULL,5),(1991,'Igaporã',9,'2018-02-02 14:59:38','2019-04-22 17:59:59',2,NULL,5),(1992,'Igrapiúna',9,'2018-02-02 14:59:38','2019-04-22 17:59:59',2,NULL,5),(1993,'Iguaí',9,'2018-02-02 14:59:39','2019-04-22 18:00:00',2,NULL,5),(1994,'Ilhéus',9,'2018-02-02 14:59:39','2019-04-22 18:00:00',2,NULL,5),(1995,'Inhambupe',9,'2018-02-02 14:59:40','2019-04-22 18:00:00',2,NULL,5),(1996,'Ipecaetá',9,'2018-02-02 14:59:40','2019-04-22 18:00:01',2,NULL,5),(1997,'Ipiaú',9,'2018-02-02 14:59:41','2019-04-22 18:00:01',2,NULL,5),(1998,'Ipirá',9,'2018-02-02 14:59:41','2019-04-22 18:00:02',2,NULL,5),(1999,'Ipupiara',9,'2018-02-02 14:59:42','2019-04-22 18:00:02',2,NULL,5),(2000,'Irajuba',9,'2018-02-02 14:59:42','2019-04-22 18:00:02',2,NULL,5),(2001,'Iramaia',9,'2018-02-02 14:59:42','2019-04-22 18:00:03',2,NULL,5),(2002,'Iraquara',9,'2018-02-02 14:59:43','2019-04-22 18:00:03',2,NULL,5),(2003,'Irará',9,'2018-02-02 14:59:43','2019-04-22 18:00:03',2,NULL,5),(2004,'Irecê',9,'2018-02-02 14:59:44','2019-04-22 18:00:04',2,NULL,5),(2005,'Itabela',9,'2018-02-02 14:59:44','2019-04-22 18:00:04',2,NULL,5),(2006,'Itaberaba',9,'2018-02-02 14:59:44','2019-04-22 18:00:04',2,NULL,5),(2007,'Itabuna',9,'2018-02-02 14:59:45','2019-04-22 18:00:05',2,NULL,5),(2008,'Itacaré',9,'2018-02-02 14:59:45','2019-04-22 18:00:05',2,NULL,5),(2009,'Itaeté',9,'2018-02-02 14:59:46','2019-04-22 18:00:06',2,NULL,5),(2010,'Itagi',9,'2018-02-02 14:59:46','2019-04-22 18:00:06',2,NULL,5),(2011,'Itagibá',9,'2018-02-02 14:59:46','2019-04-22 18:00:06',2,NULL,5),(2012,'Itagimirim',9,'2018-02-02 14:59:47','2019-04-22 18:00:07',2,NULL,5),(2013,'Itaguaçu da Bahia',9,'2018-02-02 14:59:47','2019-04-22 18:00:07',2,NULL,5),(2014,'Itaju do Colônia',9,'2018-02-02 14:59:47','2019-04-22 18:00:08',2,NULL,5),(2015,'Itajuípe',9,'2018-02-02 14:59:48','2019-04-22 18:00:08',2,NULL,5),(2016,'Itamaraju',9,'2018-02-02 14:59:48','2019-04-22 18:00:08',2,NULL,5),(2017,'Itamari',9,'2018-02-02 14:59:49','2019-04-22 18:00:09',2,NULL,5),(2018,'Itambé',9,'2018-02-02 14:59:49','2019-04-22 18:00:09',2,NULL,5),(2019,'Itanagra',9,'2018-02-02 14:59:49','2019-04-22 18:00:09',2,NULL,5),(2020,'Itanhém',9,'2018-02-02 14:59:50','2019-04-22 18:00:10',2,NULL,5),(2021,'Itaparica',9,'2018-02-02 14:59:50','2019-04-22 18:00:10',2,NULL,5),(2022,'Itapé',9,'2018-02-02 14:59:51','2019-04-22 18:00:11',2,NULL,5),(2023,'Itapebi',9,'2018-02-02 14:59:51','2019-04-22 18:00:11',2,NULL,5),(2024,'Itapetinga',9,'2018-02-02 14:59:51','2019-04-22 18:00:11',2,NULL,5),(2025,'Itapicuru',9,'2018-02-02 14:59:52','2019-04-22 18:00:12',2,NULL,5),(2026,'Itapitanga',9,'2018-02-02 14:59:52','2019-04-22 18:00:12',2,NULL,5),(2027,'Itaquara',9,'2018-02-02 14:59:52','2019-04-22 18:00:12',2,NULL,5),(2028,'Itarantim',9,'2018-02-02 14:59:53','2019-04-22 18:00:13',2,NULL,5),(2029,'Itatim',9,'2018-02-02 14:59:53','2019-04-22 18:00:13',2,NULL,5),(2030,'Itiruçu',9,'2018-02-02 14:59:53','2019-04-22 18:00:13',2,NULL,5),(2031,'Itiúba',9,'2018-02-02 14:59:54','2019-04-22 18:00:14',2,NULL,5),(2032,'Itororó',9,'2018-02-02 14:59:54','2019-04-22 18:00:14',2,NULL,5),(2033,'Ituaçu',9,'2018-02-02 14:59:54','2019-04-22 18:00:15',2,NULL,5),(2034,'Ituberá',9,'2018-02-02 14:59:55','2019-04-22 18:00:15',2,NULL,5),(2035,'Iuiú',9,'2018-02-02 14:59:55','2019-04-22 18:00:15',2,NULL,5),(2036,'Jaborandi',9,'2018-02-02 14:59:56','2019-04-22 18:00:16',2,NULL,5),(2037,'Jacaraci',9,'2018-02-02 14:59:56','2019-04-22 18:00:16',2,NULL,5),(2038,'Jacobina',9,'2018-02-02 14:59:56','2019-04-22 18:00:16',2,NULL,5),(2039,'Jaguaquara',9,'2018-02-02 14:59:57','2019-04-22 18:00:17',2,NULL,5),(2040,'Jaguarari',9,'2018-02-02 14:59:57','2019-04-22 18:00:17',2,NULL,5),(2041,'Jaguaripe',9,'2018-02-02 14:59:57','2019-04-22 18:00:17',2,NULL,5),(2042,'Jandaíra',9,'2018-02-02 14:59:58','2019-04-22 18:00:18',2,NULL,5),(2043,'Jequié',9,'2018-02-02 14:59:58','2019-04-22 18:00:18',2,NULL,5),(2044,'Jeremoabo',9,'2018-02-02 14:59:58','2019-04-22 18:00:19',2,NULL,5),(2045,'Jiquiriçá',9,'2018-02-02 14:59:59','2019-04-22 18:00:19',2,NULL,5),(2046,'Jitaúna',9,'2018-02-02 14:59:59','2019-04-22 18:00:19',2,NULL,5),(2047,'João Dourado',9,'2018-02-02 14:59:59','2019-04-22 18:00:20',2,NULL,5),(2048,'Juazeiro',9,'2018-02-02 15:00:00','2019-04-22 18:00:20',2,NULL,5),(2049,'Jucuruçu',9,'2018-02-02 15:00:00','2019-04-22 18:00:21',2,NULL,5),(2050,'Jussara',9,'2018-02-02 15:00:00','2019-04-22 18:00:21',2,NULL,5),(2051,'Jussari',9,'2018-02-02 15:00:01','2019-04-22 18:00:21',2,NULL,5),(2052,'Jussiape',9,'2018-02-02 15:00:01','2019-04-22 18:00:22',2,NULL,5),(2053,'Lafaiete Coutinho',9,'2018-02-02 15:00:02','2019-04-22 18:00:22',2,NULL,5),(2054,'Lagoa Real',9,'2018-02-02 15:00:02','2019-04-22 18:00:22',2,NULL,5),(2055,'Laje',9,'2018-02-02 15:00:02','2019-04-22 18:00:23',2,NULL,5),(2056,'Lajedão',9,'2018-02-02 15:00:03','2019-04-22 18:00:23',2,NULL,5),(2057,'Lajedinho',9,'2018-02-02 15:00:03','2019-04-22 18:00:23',2,NULL,5),(2058,'Lajedo do Tabocal',9,'2018-02-02 15:00:03','2019-04-22 18:00:24',2,NULL,5),(2059,'Lamarão',9,'2018-02-02 15:00:04','2019-04-22 18:00:24',2,NULL,5),(2060,'Lapão',9,'2018-02-02 15:00:04','2019-04-22 18:00:25',2,NULL,5),(2061,'Lauro de Freitas',9,'2018-02-02 15:00:04','2019-04-22 18:00:25',2,NULL,5),(2062,'Lençóis',9,'2018-02-02 15:00:05','2019-04-22 18:00:25',2,NULL,5),(2063,'Licínio de Almeida',9,'2018-02-02 15:00:05','2019-04-22 18:00:26',2,NULL,5),(2064,'Livramento de Nossa Senhora',9,'2018-02-02 15:00:05','2019-04-22 18:00:26',2,NULL,5),(2065,'Luís Eduardo Magalhães',9,'2018-02-02 15:00:06','2019-04-22 18:00:26',2,NULL,5),(2066,'Macajuba',9,'2018-02-02 15:00:06','2019-04-22 18:00:27',2,NULL,5),(2067,'Macarani',9,'2018-02-02 15:00:07','2019-04-22 18:00:27',2,NULL,5),(2068,'Macaúbas',9,'2018-02-02 15:00:07','2019-04-22 18:00:27',2,NULL,5),(2069,'Macururé',9,'2018-02-02 15:00:07','2019-04-22 18:00:28',2,NULL,5),(2070,'Madre de Deus',9,'2018-02-02 15:00:08','2019-04-22 18:00:28',2,NULL,5),(2071,'Maetinga',9,'2018-02-02 15:00:08','2019-04-22 18:00:28',2,NULL,5),(2072,'Maiquinique',9,'2018-02-02 15:00:08','2019-04-22 18:00:29',2,NULL,5),(2073,'Mairi',9,'2018-02-02 15:00:09','2019-04-22 18:00:29',2,NULL,5),(2074,'Malhada',9,'2018-02-02 15:00:09','2019-04-22 18:00:30',2,NULL,5),(2075,'Malhada de Pedras',9,'2018-02-02 15:00:10','2019-04-22 18:00:30',2,NULL,5),(2076,'Manoel Vitorino',9,'2018-02-02 15:00:10','2019-04-22 18:00:30',2,NULL,5),(2077,'Mansidão',9,'2018-02-02 15:00:10','2019-04-22 18:00:31',2,NULL,5),(2078,'Maracás',9,'2018-02-02 15:00:11','2019-04-22 18:00:31',2,NULL,5),(2079,'Maragogipe',9,'2018-02-02 15:00:11','2019-04-22 18:00:31',2,NULL,5),(2080,'Maraú',9,'2018-02-02 15:00:11','2019-04-22 18:00:32',2,NULL,5),(2081,'Marcionílio Souza',9,'2018-02-02 15:00:12','2019-04-22 18:00:32',2,NULL,5),(2082,'Mascote',9,'2018-02-02 15:00:12','2019-04-22 18:00:33',2,NULL,5),(2083,'Mata de São João',9,'2018-02-02 15:00:12','2019-04-22 18:00:33',2,NULL,5),(2084,'Matina',9,'2018-02-02 15:00:13','2019-04-22 18:00:33',2,NULL,5),(2085,'Medeiros Neto',9,'2018-02-02 15:00:13','2019-04-22 18:00:34',2,NULL,5),(2086,'Miguel Calmon',9,'2018-02-02 15:00:14','2019-04-22 18:00:34',2,NULL,5),(2087,'Milagres',9,'2018-02-02 15:00:14','2019-04-22 18:00:34',2,NULL,5),(2088,'Mirangaba',9,'2018-02-02 15:00:14','2019-04-22 18:00:35',2,NULL,5),(2089,'Mirante',9,'2018-02-02 15:00:15','2019-04-22 18:00:35',2,NULL,5),(2090,'Monte Santo',9,'2018-02-02 15:00:15','2019-04-22 18:00:35',2,NULL,5),(2091,'Morpará',9,'2018-02-02 15:00:15','2019-04-22 18:00:36',2,NULL,5),(2092,'Morro do Chapéu',9,'2018-02-02 15:00:16','2019-04-22 18:00:36',2,NULL,5),(2093,'Mortugaba',9,'2018-02-02 15:00:16','2019-04-22 18:00:37',2,NULL,5),(2094,'Mucugê',9,'2018-02-02 15:00:16','2019-04-22 18:00:37',2,NULL,5),(2095,'Mucuri',9,'2018-02-02 15:00:17','2019-04-22 18:00:37',2,NULL,5),(2096,'Mulungu do Morro',9,'2018-02-02 15:00:17','2019-04-22 18:00:38',2,NULL,5),(2097,'Mundo Novo',9,'2018-02-02 15:00:17','2019-04-22 18:00:38',2,NULL,5),(2098,'Muniz Ferreira',9,'2018-02-02 15:00:18','2019-04-22 18:00:38',2,NULL,5),(2099,'Muquém de São Francisco',9,'2018-02-02 15:00:18','2019-04-22 18:00:39',2,NULL,5),(2100,'Muritiba',9,'2018-02-02 15:00:18','2019-04-22 18:00:39',2,NULL,5),(2101,'Mutuípe',9,'2018-02-02 15:00:19','2019-04-22 18:00:39',2,NULL,5),(2102,'Nazaré',9,'2018-02-02 15:00:19','2019-04-22 18:00:40',2,NULL,5),(2103,'Nilo Peçanha',9,'2018-02-02 15:00:19','2019-04-22 18:00:40',2,NULL,5),(2104,'Nordestina',9,'2018-02-02 15:00:20','2019-04-22 18:00:40',2,NULL,5),(2105,'Nova Canaã',9,'2018-02-02 15:00:20','2019-04-22 18:00:41',2,NULL,5),(2106,'Nova Fátima',9,'2018-02-02 15:00:21','2019-04-22 18:00:41',2,NULL,5),(2107,'Nova Ibiá',9,'2018-02-02 15:00:21','2019-04-22 18:00:42',2,NULL,5),(2108,'Nova Itarana',9,'2018-02-02 15:00:21','2019-04-22 18:00:42',2,NULL,5),(2109,'Nova Redenção',9,'2018-02-02 15:00:22','2019-04-22 18:00:42',2,NULL,5),(2110,'Nova Soure',9,'2018-02-02 15:00:22','2019-04-22 18:00:43',2,NULL,5),(2111,'Nova Viçosa',9,'2018-02-02 15:00:23','2019-04-22 18:00:43',2,NULL,5),(2112,'Novo Horizonte',9,'2018-02-02 15:00:23','2019-04-22 18:00:44',2,NULL,5),(2113,'Novo Triunfo',9,'2018-02-02 15:00:23','2019-04-22 18:00:44',2,NULL,5),(2114,'Olindina',9,'2018-02-02 15:00:24','2019-04-22 18:00:44',2,NULL,5),(2115,'Oliveira dos Brejinhos',9,'2018-02-02 15:00:24','2019-04-22 18:00:45',2,NULL,5),(2116,'Ouriçangas',9,'2018-02-02 15:00:24','2019-04-22 18:00:45',2,NULL,5),(2117,'Ourolândia',9,'2018-02-02 15:00:25','2019-04-22 18:00:46',2,NULL,5),(2118,'Palmas de Monte Alto',9,'2018-02-02 15:00:25','2019-04-22 18:00:46',2,NULL,5),(2119,'Palmeiras',9,'2018-02-02 15:00:25','2019-04-22 18:00:46',2,NULL,5),(2120,'Paramirim',9,'2018-02-02 15:00:26','2019-04-22 18:00:47',2,NULL,5),(2121,'Paratinga',9,'2018-02-02 15:00:26','2019-04-22 18:00:47',2,NULL,5),(2122,'Paripiranga',9,'2018-02-02 15:00:26','2019-04-22 18:00:48',2,NULL,5),(2123,'Pau Brasil',9,'2018-02-02 15:00:27','2019-04-22 18:00:48',2,NULL,5),(2124,'Paulo Afonso',9,'2018-02-02 15:00:27','2019-04-22 18:00:48',2,NULL,5),(2125,'Pé de Serra',9,'2018-02-02 15:00:28','2019-04-22 18:00:49',2,NULL,5),(2126,'Pedrão',9,'2018-02-02 15:00:28','2019-04-22 18:00:49',2,NULL,5),(2127,'Pedro Alexandre',9,'2018-02-02 15:00:28','2019-04-22 18:00:50',2,NULL,5),(2128,'Piatã',9,'2018-02-02 15:00:29','2019-04-22 18:00:50',2,NULL,5),(2129,'Pilão Arcado',9,'2018-02-02 15:00:29','2019-04-22 18:00:51',2,NULL,5),(2130,'Pindaí',9,'2018-02-02 15:00:29','2019-04-22 18:00:51',2,NULL,5),(2131,'Pindobaçu',9,'2018-02-02 15:00:30','2019-04-22 18:00:51',2,NULL,5),(2132,'Pintadas',9,'2018-02-02 15:00:30','2019-04-22 18:00:52',2,NULL,5),(2133,'Piraí do Norte',9,'2018-02-02 15:00:30','2019-04-22 18:00:52',2,NULL,5),(2134,'Piripá',9,'2018-02-02 15:00:31','2019-04-22 18:00:52',2,NULL,5),(2135,'Piritiba',9,'2018-02-02 15:00:31','2019-04-22 18:00:53',2,NULL,5),(2136,'Planaltino',9,'2018-02-02 15:00:31','2019-04-22 18:00:53',2,NULL,5),(2137,'Planalto',9,'2018-02-02 15:00:32','2019-04-22 18:00:54',2,NULL,5),(2138,'Poções',9,'2018-02-02 15:00:32','2019-04-22 18:00:54',2,NULL,5),(2139,'Pojuca',9,'2018-02-02 15:00:33','2019-04-22 18:00:54',2,NULL,5),(2140,'Ponto Novo',9,'2018-02-02 15:00:33','2019-04-22 18:00:55',2,NULL,5),(2141,'Porto Seguro',9,'2018-02-02 15:00:33','2019-04-22 18:00:55',2,NULL,5),(2142,'Potiraguá',9,'2018-02-02 15:00:34','2019-04-22 18:00:55',2,NULL,5),(2143,'Prado',9,'2018-02-02 15:00:34','2019-04-22 18:00:56',2,NULL,5),(2144,'Presidente Dutra',9,'2018-02-02 15:00:34','2019-04-22 18:00:56',2,NULL,5),(2145,'Presidente Jânio Quadros',9,'2018-02-02 15:00:35','2019-04-22 18:00:56',2,NULL,5),(2146,'Presidente Tancredo Neves',9,'2018-02-02 15:00:35','2019-04-22 18:00:57',2,NULL,5),(2147,'Queimadas',9,'2018-02-02 15:00:35','2019-04-22 18:00:57',2,NULL,5),(2148,'Quijingue',9,'2018-02-02 15:00:36','2019-04-22 18:00:58',2,NULL,5),(2149,'Quixabeira',9,'2018-02-02 15:00:36','2019-04-22 18:00:58',2,NULL,5),(2150,'Rafael Jambeiro',9,'2018-02-02 15:00:36','2019-04-22 18:00:58',2,NULL,5),(2151,'Remanso',9,'2018-02-02 15:00:37','2019-04-22 18:00:59',2,NULL,5),(2152,'Retirolândia',9,'2018-02-02 15:00:37','2019-04-22 18:00:59',2,NULL,5),(2153,'Riachão das Neves',9,'2018-02-02 15:00:37','2019-04-22 18:00:59',2,NULL,5),(2154,'Riachão do Jacuípe',9,'2018-02-02 15:00:38','2019-04-22 18:01:00',2,NULL,5),(2155,'Riacho de Santana',9,'2018-02-02 15:00:38','2019-04-22 18:01:00',2,NULL,5),(2156,'Ribeira do Amparo',9,'2018-02-02 15:00:39','2019-04-22 18:01:00',2,NULL,5),(2157,'Ribeira do Pombal',9,'2018-02-02 15:00:39','2019-04-22 18:01:01',2,NULL,5),(2158,'Ribeirão do Largo',9,'2018-02-02 15:00:40','2019-04-22 18:01:01',2,NULL,5),(2159,'Rio de Contas',9,'2018-02-02 15:00:40','2019-04-22 18:01:01',2,NULL,5),(2160,'Rio do Antônio',9,'2018-02-02 15:00:40','2019-04-22 18:01:02',2,NULL,5),(2161,'Rio do Pires',9,'2018-02-02 15:00:41','2019-04-22 18:01:02',2,NULL,5),(2162,'Rio Real',9,'2018-02-02 15:00:41','2019-04-22 18:01:03',2,NULL,5),(2163,'Rodelas',9,'2018-02-02 15:00:42','2019-04-22 18:01:03',2,NULL,5),(2164,'Ruy Barbosa',9,'2018-02-02 15:00:42','2019-04-22 18:01:03',2,NULL,5),(2165,'Salinas da Margarida',9,'2018-02-02 15:00:42','2019-04-22 18:01:04',2,NULL,5),(2166,'Salvador',9,'2018-02-02 15:00:43','2019-04-22 18:01:04',2,NULL,5),(2167,'Santa Bárbara',9,'2018-02-02 15:00:43','2019-04-22 18:01:04',2,NULL,5),(2168,'Santa Brígida',9,'2018-02-02 15:00:44','2019-04-22 18:01:05',2,NULL,5),(2169,'Santa Cruz Cabrália',9,'2018-02-02 15:00:44','2019-04-22 18:01:05',2,NULL,5),(2170,'Santa Cruz da Vitória',9,'2018-02-02 15:00:44','2019-04-22 18:01:05',2,NULL,5),(2171,'Santa Inês',9,'2018-02-02 15:00:45','2019-04-22 18:01:06',2,NULL,5),(2172,'Santaluz',9,'2018-02-02 15:00:45','2019-04-22 18:01:06',2,NULL,5),(2173,'Santa Luzia',9,'2018-02-02 15:00:45','2019-04-22 18:01:06',2,NULL,5),(2174,'Santa Maria da Vitória',9,'2018-02-02 15:00:46','2019-04-22 18:01:07',2,NULL,5),(2175,'Santana',9,'2018-02-02 15:00:46','2019-04-22 18:01:07',2,NULL,5),(2176,'Santanópolis',9,'2018-02-02 15:00:46','2019-04-22 18:01:08',2,NULL,5),(2177,'Santa Rita de Cássia',9,'2018-02-02 15:00:47','2019-04-22 18:01:08',2,NULL,5),(2178,'Santa Teresinha',9,'2018-02-02 15:00:47','2019-04-22 18:01:08',2,NULL,5),(2179,'Santo Amaro',9,'2018-02-02 15:00:47','2019-04-22 18:01:09',2,NULL,5),(2180,'Santo Antônio de Jesus',9,'2018-02-02 15:00:48','2019-04-22 18:01:09',2,NULL,5),(2181,'Santo Estêvão',9,'2018-02-02 15:00:48','2019-04-22 18:01:09',2,NULL,5),(2182,'São Desidério',9,'2018-02-02 15:00:48','2019-04-22 18:01:10',2,NULL,5),(2183,'São Domingos',9,'2018-02-02 15:00:49','2019-04-22 18:01:10',2,NULL,5),(2184,'São Félix',9,'2018-02-02 15:00:49','2019-04-22 18:01:10',2,NULL,5),(2185,'São Félix do Coribe',9,'2018-02-02 15:00:50','2019-04-22 18:01:11',2,NULL,5),(2186,'São Felipe',9,'2018-02-02 15:00:50','2019-04-22 18:01:11',2,NULL,5),(2187,'São Francisco do Conde',9,'2018-02-02 15:00:50','2019-04-22 18:01:11',2,NULL,5),(2188,'São Gabriel',9,'2018-02-02 15:00:51','2019-04-22 18:01:12',2,NULL,5),(2189,'São Gonçalo dos Campos',9,'2018-02-02 15:00:51','2019-04-22 18:01:12',2,NULL,5),(2190,'São José da Vitória',9,'2018-02-02 15:00:51','2019-04-22 18:01:13',2,NULL,5),(2191,'São José do Jacuípe',9,'2018-02-02 15:00:52','2019-04-22 18:01:13',2,NULL,5),(2192,'São Miguel das Matas',9,'2018-02-02 15:00:52','2019-04-22 18:01:13',2,NULL,5),(2193,'São Sebastião do Passé',9,'2018-02-02 15:00:52','2019-04-22 18:01:14',2,NULL,5),(2194,'Sapeaçu',9,'2018-02-02 15:00:53','2019-04-22 18:01:14',2,NULL,5),(2195,'Sátiro Dias',9,'2018-02-02 15:00:53','2019-04-22 18:01:14',2,NULL,5),(2196,'Saubara',9,'2018-02-02 15:00:54','2019-04-22 18:01:15',2,NULL,5),(2197,'Saúde',9,'2018-02-02 15:00:54','2019-04-22 18:01:15',2,NULL,5),(2198,'Seabra',9,'2018-02-02 15:00:54','2019-04-22 18:01:15',2,NULL,5),(2199,'Sebastião Laranjeiras',9,'2018-02-02 15:00:55','2019-04-22 18:01:16',2,NULL,5),(2200,'Senhor do Bonfim',9,'2018-02-02 15:00:55','2019-04-22 18:01:16',2,NULL,5),(2201,'Serra do Ramalho',9,'2018-02-02 15:00:55','2019-04-22 18:01:16',2,NULL,5),(2202,'Sento Sé',9,'2018-02-02 15:00:56','2019-04-22 18:01:17',2,NULL,5),(2203,'Serra Dourada',9,'2018-02-02 15:00:56','2019-04-22 18:01:17',2,NULL,5),(2204,'Serra Preta',9,'2018-02-02 15:00:56','2019-04-22 18:01:18',2,NULL,5),(2205,'Serrinha',9,'2018-02-02 15:00:57','2019-04-22 18:01:18',2,NULL,5),(2206,'Serrolândia',9,'2018-02-02 15:00:57','2019-04-22 18:01:18',2,NULL,5),(2207,'Simões Filho',9,'2018-02-02 15:00:57','2019-04-22 18:01:19',2,NULL,5),(2208,'Sítio do Mato',9,'2018-02-02 15:00:58','2019-04-22 18:01:19',2,NULL,5),(2209,'Sítio do Quinto',9,'2018-02-02 15:00:58','2019-04-22 18:01:19',2,NULL,5),(2210,'Sobradinho',9,'2018-02-02 15:00:59','2019-04-22 18:01:20',2,NULL,5),(2211,'Souto Soares',9,'2018-02-02 15:00:59','2019-04-22 18:01:20',2,NULL,5),(2212,'Tabocas do Brejo Velho',9,'2018-02-02 15:00:59','2019-04-22 18:01:20',2,NULL,5),(2213,'Tanhaçu',9,'2018-02-02 15:01:00','2019-04-22 18:01:21',2,NULL,5),(2214,'Tanque Novo',9,'2018-02-02 15:01:00','2019-04-22 18:01:21',2,NULL,5),(2215,'Tanquinho',9,'2018-02-02 15:01:00','2019-04-22 18:01:21',2,NULL,5),(2216,'Taperoá',9,'2018-02-02 15:01:01','2019-04-22 18:01:22',2,NULL,5),(2217,'Tapiramutá',9,'2018-02-02 15:01:01','2019-04-22 18:01:22',2,NULL,5),(2218,'Teixeira de Freitas',9,'2018-02-02 15:01:01','2019-04-22 18:01:23',2,NULL,5),(2219,'Teodoro Sampaio',9,'2018-02-02 15:01:02','2019-04-22 18:01:23',2,NULL,5),(2220,'Teofilândia',9,'2018-02-02 15:01:02','2019-04-22 18:01:23',2,NULL,5),(2221,'Teolândia',9,'2018-02-02 15:01:02','2019-04-22 18:01:24',2,NULL,5),(2222,'Terra Nova',9,'2018-02-02 15:01:03','2019-04-22 18:01:24',2,NULL,5),(2223,'Tremedal',9,'2018-02-02 15:01:03','2019-04-22 18:01:24',2,NULL,5),(2224,'Tucano',9,'2018-02-02 15:01:04','2019-04-22 18:01:25',2,NULL,5),(2225,'Uauá',9,'2018-02-02 15:01:04','2019-04-22 18:01:25',2,NULL,5),(2226,'Ubaíra',9,'2018-02-02 15:01:04','2019-04-22 18:01:25',2,NULL,5),(2227,'Ubaitaba',9,'2018-02-02 15:01:05','2019-04-22 18:01:26',2,NULL,5),(2228,'Ubatã',9,'2018-02-02 15:01:05','2019-04-22 18:01:26',2,NULL,5),(2229,'Uibaí',9,'2018-02-02 15:01:05','2019-04-22 18:01:26',2,NULL,5),(2230,'Umburanas',9,'2018-02-02 15:01:06','2019-04-22 18:01:27',2,NULL,5),(2231,'Una',9,'2018-02-02 15:01:06','2019-04-22 18:01:27',2,NULL,5),(2232,'Urandi',9,'2018-02-02 15:01:06','2019-04-22 18:01:28',2,NULL,5),(2233,'Uruçuca',9,'2018-02-02 15:01:07','2019-04-22 18:01:28',2,NULL,5),(2234,'Utinga',9,'2018-02-02 15:01:07','2019-04-22 18:01:28',2,NULL,5),(2235,'Valença',9,'2018-02-02 15:01:07','2019-04-22 18:01:29',2,NULL,5),(2236,'Valente',9,'2018-02-02 15:01:08','2019-04-22 18:01:29',2,NULL,5),(2237,'Várzea da Roça',9,'2018-02-02 15:01:08','2019-04-22 18:01:29',2,NULL,5),(2238,'Várzea do Poço',9,'2018-02-02 15:01:08','2019-04-22 18:01:30',2,NULL,5),(2239,'Várzea Nova',9,'2018-02-02 15:01:09','2019-04-22 18:01:30',2,NULL,5),(2240,'Varzedo',9,'2018-02-02 15:01:09','2019-04-22 18:01:31',2,NULL,5),(2241,'Vera Cruz',9,'2018-02-02 15:01:09','2019-04-22 18:01:31',2,NULL,5),(2242,'Vereda',9,'2018-02-02 15:01:10','2019-04-22 18:01:31',2,NULL,5),(2243,'Vitória da Conquista',9,'2018-02-02 15:01:10','2019-04-22 18:01:32',2,NULL,5),(2244,'Wagner',9,'2018-02-02 15:01:11','2019-04-22 18:01:32',2,NULL,5),(2245,'Wanderley',9,'2018-02-02 15:01:11','2019-04-22 18:01:33',2,NULL,5),(2246,'Wenceslau Guimarães',9,'2018-02-02 15:01:11','2019-04-22 18:01:33',2,NULL,5),(2247,'Xique-Xique',9,'2018-02-02 15:01:12','2019-04-22 18:01:33',2,NULL,5),(2248,'Abadia dos Dourados',17,'2018-02-02 15:01:42','2019-04-22 18:01:34',2,NULL,5),(2249,'Abaeté',17,'2018-02-02 15:01:42','2019-04-22 18:01:34',2,NULL,5),(2250,'Abre Campo',17,'2018-02-02 15:01:43','2019-04-22 18:01:35',2,NULL,5),(2251,'Acaiaca',17,'2018-02-02 15:01:43','2019-04-22 18:01:35',2,NULL,5),(2252,'Açucena',17,'2018-02-02 15:01:43','2019-04-22 18:01:35',2,NULL,5),(2253,'Água Boa',17,'2018-02-02 15:01:44','2019-04-22 18:01:36',2,NULL,5),(2254,'Água Comprida',17,'2018-02-02 15:01:44','2019-04-22 18:01:36',2,NULL,5),(2255,'Aguanil',17,'2018-02-02 15:01:44','2019-04-22 18:01:36',2,NULL,5),(2256,'Águas Formosas',17,'2018-02-02 15:01:45','2019-04-22 18:01:37',2,NULL,5),(2257,'Águas Vermelhas',17,'2018-02-02 15:01:45','2019-04-22 18:01:37',2,NULL,5),(2258,'Aimorés',17,'2018-02-02 15:01:46','2019-04-22 18:01:37',2,NULL,5),(2259,'Aiuruoca',17,'2018-02-02 15:01:46','2019-04-22 18:01:38',2,NULL,5),(2260,'Alagoa',17,'2018-02-02 15:01:46','2019-04-22 18:01:38',2,NULL,5),(2261,'Albertina',17,'2018-02-02 15:01:47','2019-04-22 18:01:38',2,NULL,5),(2262,'Além Paraíba',17,'2018-02-02 15:01:47','2019-04-22 18:01:39',2,NULL,5),(2263,'Alfenas',17,'2018-02-02 15:01:47','2019-04-22 18:01:39',2,NULL,5),(2264,'Alfredo Vasconcelos',17,'2018-02-02 15:01:48','2019-04-22 18:01:40',2,NULL,5),(2265,'Almenara',17,'2018-02-02 15:01:48','2019-04-22 18:01:40',2,NULL,5),(2266,'Alpercata',17,'2018-02-02 15:01:48','2019-04-22 18:01:40',2,NULL,5),(2267,'Alpinópolis',17,'2018-02-02 15:01:49','2019-04-22 18:01:41',2,NULL,5),(2268,'Alterosa',17,'2018-02-02 15:01:49','2019-04-22 18:01:41',2,NULL,5),(2269,'Alto Caparaó',17,'2018-02-02 15:01:49','2019-04-22 18:01:41',2,NULL,5),(2270,'Alto Rio Doce',17,'2018-02-02 15:01:50','2019-04-22 18:01:42',2,NULL,5),(2271,'Alvarenga',17,'2018-02-02 15:01:50','2019-04-22 18:01:42',2,NULL,5),(2272,'Alvinópolis',17,'2018-02-02 15:01:50','2019-04-22 18:01:43',2,NULL,5),(2273,'Alvorada de Minas',17,'2018-02-02 15:01:51','2019-04-22 18:01:43',2,NULL,5),(2274,'Amparo do Serra',17,'2018-02-02 15:01:51','2019-04-22 18:01:43',2,NULL,5),(2275,'Andradas',17,'2018-02-02 15:01:52','2019-04-22 18:01:44',2,NULL,5),(2276,'Cachoeira de Pajeú',17,'2018-02-02 15:01:52','2019-04-22 18:01:44',2,NULL,5),(2277,'Andrelândia',17,'2018-02-02 15:01:52','2019-04-22 18:01:44',2,NULL,5),(2278,'Angelândia',17,'2018-02-02 15:01:53','2019-04-22 18:01:45',2,NULL,5),(2279,'Antônio Carlos',17,'2018-02-02 15:01:53','2019-04-22 18:01:45',2,NULL,5),(2280,'Antônio Dias',17,'2018-02-02 15:01:53','2019-04-22 18:01:45',2,NULL,5),(2281,'Antônio Prado de Minas',17,'2018-02-02 15:01:54','2019-04-22 18:01:46',2,NULL,5),(2282,'Araçaí',17,'2018-02-02 15:01:54','2019-04-22 18:01:46',2,NULL,5),(2283,'Aracitaba',17,'2018-02-02 15:01:54','2019-04-22 18:01:47',2,NULL,5),(2284,'Araçuaí',17,'2018-02-02 15:01:55','2019-04-22 18:01:47',2,NULL,5),(2285,'Araguari',17,'2018-02-02 15:01:55','2019-04-22 18:01:47',2,NULL,5),(2286,'Arantina',17,'2018-02-02 15:01:55','2019-04-22 18:01:48',2,NULL,5),(2287,'Araponga',17,'2018-02-02 15:01:56','2019-04-22 18:01:48',2,NULL,5),(2288,'Araporã',17,'2018-02-02 15:01:56','2019-04-22 18:01:48',2,NULL,5),(2289,'Arapuá',17,'2018-02-02 15:01:56','2019-04-22 18:01:49',2,NULL,5),(2290,'Araújos',17,'2018-02-02 15:01:57','2019-04-22 18:01:49',2,NULL,5),(2291,'Araxá',17,'2018-02-02 15:01:57','2019-04-22 18:01:49',2,NULL,5),(2292,'Arceburgo',17,'2018-02-02 15:01:58','2019-04-22 18:01:50',2,NULL,5),(2293,'Arcos',17,'2018-02-02 15:01:58','2019-04-22 18:01:50',2,NULL,5),(2294,'Areado',17,'2018-02-02 15:01:58','2019-04-22 18:01:50',2,NULL,5),(2295,'Argirita',17,'2018-02-02 15:01:59','2019-04-22 18:01:51',2,NULL,5),(2296,'Aricanduva',17,'2018-02-02 15:01:59','2019-04-22 18:01:51',2,NULL,5),(2297,'Arinos',17,'2018-02-02 15:01:59','2019-04-22 18:01:52',2,NULL,5),(2298,'Astolfo Dutra',17,'2018-02-02 15:02:00','2019-04-22 18:01:52',2,NULL,5),(2299,'Ataléia',17,'2018-02-02 15:02:00','2019-04-22 18:01:52',2,NULL,5),(2300,'Augusto de Lima',17,'2018-02-02 15:02:01','2019-04-22 18:01:53',2,NULL,5),(2301,'Baependi',17,'2018-02-02 15:02:01','2019-04-22 18:01:53',2,NULL,5),(2302,'Baldim',17,'2018-02-02 15:02:02','2019-04-22 18:01:53',2,NULL,5),(2303,'Bambuí',17,'2018-02-02 15:02:03','2019-04-22 18:01:54',2,NULL,5),(2304,'Bandeira',17,'2018-02-02 15:02:04','2019-04-22 18:01:54',2,NULL,5),(2305,'Bandeira do Sul',17,'2018-02-02 15:02:04','2019-04-22 18:01:54',2,NULL,5),(2306,'Barão de Cocais',17,'2018-02-02 15:02:05','2019-04-22 18:01:55',2,NULL,5),(2307,'Barão de Monte Alto',17,'2018-02-02 15:02:05','2019-04-22 18:01:55',2,NULL,5),(2308,'Barbacena',17,'2018-02-02 15:02:05','2019-04-22 18:01:55',2,NULL,5),(2309,'Barra Longa',17,'2018-02-02 15:02:06','2019-04-22 18:01:56',2,NULL,5),(2310,'Barroso',17,'2018-02-02 15:02:06','2019-04-22 18:01:56',2,NULL,5),(2311,'Bela Vista de Minas',17,'2018-02-02 15:02:06','2019-04-22 18:01:57',2,NULL,5),(2312,'Belmiro Braga',17,'2018-02-02 15:02:07','2019-04-22 18:01:57',2,NULL,5),(2313,'Belo Horizonte',17,'2018-02-02 15:02:07','2019-04-22 18:01:57',2,NULL,5),(2314,'Belo Oriente',17,'2018-02-02 15:02:07','2019-04-22 18:01:58',2,NULL,5),(2315,'Belo Vale',17,'2018-02-02 15:02:08','2019-04-22 18:01:58',2,NULL,5),(2316,'Berilo',17,'2018-02-02 15:02:08','2019-04-22 18:01:58',2,NULL,5),(2317,'Bertópolis',17,'2018-02-02 15:02:09','2019-04-22 18:01:59',2,NULL,5),(2318,'Berizal',17,'2018-02-02 15:02:09','2019-04-22 18:01:59',2,NULL,5),(2319,'Betim',17,'2018-02-02 15:02:09','2019-04-22 18:01:59',2,NULL,5),(2320,'Bias Fortes',17,'2018-02-02 15:02:10','2019-04-22 18:02:00',2,NULL,5),(2321,'Bicas',17,'2018-02-02 15:02:10','2019-04-22 18:02:00',2,NULL,5),(2322,'Biquinhas',17,'2018-02-02 15:02:11','2019-04-22 18:02:01',2,NULL,5),(2323,'Boa Esperança',17,'2018-02-02 15:02:11','2019-04-22 18:02:01',2,NULL,5),(2324,'Bocaina de Minas',17,'2018-02-02 15:02:11','2019-04-22 18:02:01',2,NULL,5),(2325,'Bocaiúva',17,'2018-02-02 15:02:12','2019-04-22 18:02:02',2,NULL,5),(2326,'Bom Despacho',17,'2018-02-02 15:02:12','2019-04-22 18:02:02',2,NULL,5),(2327,'Bom Jardim de Minas',17,'2018-02-02 15:02:12','2019-04-22 18:02:02',2,NULL,5),(2328,'Bom Jesus da Penha',17,'2018-02-02 15:02:13','2019-04-22 18:02:03',2,NULL,5),(2329,'Bom Jesus do Amparo',17,'2018-02-02 15:02:13','2019-04-22 18:02:03',2,NULL,5),(2330,'Bom Jesus do Galho',17,'2018-02-02 15:02:13','2019-04-22 18:02:03',2,NULL,5),(2331,'Bom Repouso',17,'2018-02-02 15:02:14','2019-04-22 18:02:04',2,NULL,5),(2332,'Bom Sucesso',17,'2018-02-02 15:02:14','2019-04-22 18:02:04',2,NULL,5),(2333,'Bonfim',17,'2018-02-02 15:02:14','2019-04-22 18:02:04',2,NULL,5),(2334,'Bonfinópolis de Minas',17,'2018-02-02 15:02:15','2019-04-22 18:02:05',2,NULL,5),(2335,'Bonito de Minas',17,'2018-02-02 15:02:15','2019-04-22 18:02:05',2,NULL,5),(2336,'Borda da Mata',17,'2018-02-02 15:02:15','2019-04-22 18:02:06',2,NULL,5),(2337,'Botelhos',17,'2018-02-02 15:02:16','2019-04-22 18:02:06',2,NULL,5),(2338,'Botumirim',17,'2018-02-02 15:02:16','2019-04-22 18:02:06',2,NULL,5),(2339,'Brasilândia de Minas',17,'2018-02-02 15:02:17','2019-04-22 18:02:07',2,NULL,5),(2340,'Brasília de Minas',17,'2018-02-02 15:02:17','2019-04-22 18:02:07',2,NULL,5),(2341,'Brás Pires',17,'2018-02-02 15:02:17','2019-04-22 18:02:07',2,NULL,5),(2342,'Braúnas',17,'2018-02-02 15:02:18','2019-04-22 18:02:08',2,NULL,5),(2343,'Brazópolis',17,'2018-02-02 15:02:18','2019-04-22 18:02:08',2,NULL,5),(2344,'Brumadinho',17,'2018-02-02 15:02:18','2019-04-22 18:02:08',2,NULL,5),(2345,'Bueno Brandão',17,'2018-02-02 15:02:19','2019-04-22 18:02:09',2,NULL,5),(2346,'Buenópolis',17,'2018-02-02 15:02:19','2019-04-22 18:02:09',2,NULL,5),(2347,'Bugre',17,'2018-02-02 15:02:19','2019-04-22 18:02:09',2,NULL,5),(2348,'Buritis',17,'2018-02-02 15:02:20','2019-04-22 18:02:10',2,NULL,5),(2349,'Buritizeiro',17,'2018-02-02 15:02:20','2019-04-22 18:02:10',2,NULL,5),(2350,'Cabeceira Grande',17,'2018-02-02 15:02:20','2019-04-22 18:02:11',2,NULL,5),(2351,'Cabo Verde',17,'2018-02-02 15:02:21','2019-04-22 18:02:11',2,NULL,5),(2352,'Cachoeira da Prata',17,'2018-02-02 15:02:21','2019-04-22 18:02:11',2,NULL,5),(2353,'Cachoeira de Minas',17,'2018-02-02 15:02:21','2019-04-22 18:02:12',2,NULL,5),(2354,'Cachoeira Dourada',17,'2018-02-02 15:02:22','2019-04-22 18:02:12',2,NULL,5),(2355,'Caetanópolis',17,'2018-02-02 15:02:22','2019-04-22 18:02:12',2,NULL,5),(2356,'Caeté',17,'2018-02-02 15:02:22','2019-04-22 18:02:13',2,NULL,5),(2357,'Caiana',17,'2018-02-02 15:02:23','2019-04-22 18:02:13',2,NULL,5),(2358,'Cajuri',17,'2018-02-02 15:02:24','2019-04-22 18:02:13',2,NULL,5),(2359,'Caldas',17,'2018-02-02 15:02:24','2019-04-22 18:02:14',2,NULL,5),(2360,'Camacho',17,'2018-02-02 15:02:24','2019-04-22 18:02:14',2,NULL,5),(2361,'Camanducaia',17,'2018-02-02 15:02:25','2019-04-22 18:02:14',2,NULL,5),(2362,'Cambuí',17,'2018-02-02 15:02:25','2019-04-22 18:02:15',2,NULL,5),(2363,'Cambuquira',17,'2018-02-02 15:02:25','2019-04-22 18:02:15',2,NULL,5),(2364,'Campanário',17,'2018-02-02 15:02:26','2019-04-22 18:02:16',2,NULL,5),(2365,'Campanha',17,'2018-02-02 15:02:26','2019-04-22 18:02:16',2,NULL,5),(2366,'Campestre',17,'2018-02-02 15:02:26','2019-04-22 18:02:16',2,NULL,5),(2367,'Campina Verde',17,'2018-02-02 15:02:27','2019-04-22 18:02:17',2,NULL,5),(2368,'Campo Azul',17,'2018-02-02 15:02:27','2019-04-22 18:02:17',2,NULL,5),(2369,'Campo Belo',17,'2018-02-02 15:02:28','2019-04-22 18:02:17',2,NULL,5),(2370,'Campo do Meio',17,'2018-02-02 15:02:28','2019-04-22 18:02:18',2,NULL,5),(2371,'Campo Florido',17,'2018-02-02 15:02:28','2019-04-22 18:02:18',2,NULL,5),(2372,'Campos Altos',17,'2018-02-02 15:02:29','2019-04-22 18:02:18',2,NULL,5),(2373,'Campos Gerais',17,'2018-02-02 15:02:29','2019-04-22 18:02:20',2,NULL,5),(2374,'Canaã',17,'2018-02-02 15:02:30','2019-04-22 18:02:20',2,NULL,5),(2375,'Canápolis',17,'2018-02-02 15:02:30','2019-04-22 18:02:21',2,NULL,5),(2376,'Cana Verde',17,'2018-02-02 15:02:31','2019-04-22 18:02:21',2,NULL,5),(2377,'Candeias',17,'2018-02-02 15:02:31','2019-04-22 18:02:21',2,NULL,5),(2378,'Cantagalo',17,'2018-02-02 15:02:31','2019-04-22 18:02:22',2,NULL,5),(2379,'Caparaó',17,'2018-02-02 15:02:32','2019-04-22 18:02:22',2,NULL,5),(2380,'Capela Nova',17,'2018-02-02 15:02:32','2019-04-22 18:02:23',2,NULL,5),(2381,'Capelinha',17,'2018-02-02 15:02:33','2019-04-22 18:02:23',2,NULL,5),(2382,'Capetinga',17,'2018-02-02 15:02:33','2019-04-22 18:02:23',2,NULL,5),(2383,'Capim Branco',17,'2018-02-02 15:02:34','2019-04-22 18:02:24',2,NULL,5),(2384,'Capinópolis',17,'2018-02-02 15:02:35','2019-04-22 18:02:24',2,NULL,5),(2385,'Capitão Andrade',17,'2018-02-02 15:02:36','2019-04-22 18:02:24',2,NULL,5),(2386,'Capitão Enéas',17,'2018-02-02 15:02:37','2019-04-22 18:02:25',2,NULL,5),(2387,'Capitólio',17,'2018-02-02 15:02:38','2019-04-22 18:02:25',2,NULL,5),(2388,'Caputira',17,'2018-02-02 15:02:38','2019-04-22 18:02:25',2,NULL,5),(2389,'Caraí',17,'2018-02-02 15:02:39','2019-04-22 18:02:26',2,NULL,5),(2390,'Caranaíba',17,'2018-02-02 15:02:39','2019-04-22 18:02:26',2,NULL,5),(2391,'Carandaí',17,'2018-02-02 15:02:39','2019-04-22 18:02:26',2,NULL,5),(2392,'Carangola',17,'2018-02-02 15:02:40','2019-04-22 18:02:27',2,NULL,5),(2393,'Caratinga',17,'2018-02-02 15:02:40','2019-04-22 18:02:27',2,NULL,5),(2394,'Carbonita',17,'2018-02-02 15:02:40','2019-04-22 18:02:28',2,NULL,5),(2395,'Careaçu',17,'2018-02-02 15:02:41','2019-04-22 18:02:28',2,NULL,5),(2396,'Carlos Chagas',17,'2018-02-02 15:02:41','2019-04-22 18:02:28',2,NULL,5),(2397,'Carmésia',17,'2018-02-02 15:02:42','2019-04-22 18:02:29',2,NULL,5),(2398,'Carmo da Cachoeira',17,'2018-02-02 15:02:42','2019-04-22 18:02:29',2,NULL,5),(2399,'Carmo da Mata',17,'2018-02-02 15:02:42','2019-04-22 18:02:29',2,NULL,5),(2400,'Carmo de Minas',17,'2018-02-02 15:02:43','2019-04-22 18:02:30',2,NULL,5),(2401,'Carmo do Cajuru',17,'2018-02-02 15:02:43','2019-04-22 18:02:30',2,NULL,5),(2402,'Carmo do Paranaíba',17,'2018-02-02 15:02:43','2019-04-22 18:02:30',2,NULL,5),(2403,'Carmo do Rio Claro',17,'2018-02-02 15:02:44','2019-04-22 18:02:31',2,NULL,5),(2404,'Carmópolis de Minas',17,'2018-02-02 15:02:44','2019-04-22 18:02:31',2,NULL,5),(2405,'Carneirinho',17,'2018-02-02 15:02:45','2019-04-22 18:02:32',2,NULL,5),(2406,'Carrancas',17,'2018-02-02 15:02:45','2019-04-22 18:02:32',2,NULL,5),(2407,'Carvalhópolis',17,'2018-02-02 15:02:45','2019-04-22 18:02:32',2,NULL,5),(2408,'Carvalhos',17,'2018-02-02 15:02:46','2019-04-22 18:02:33',2,NULL,5),(2409,'Casa Grande',17,'2018-02-02 15:02:46','2019-04-22 18:02:33',2,NULL,5),(2410,'Cascalho Rico',17,'2018-02-02 15:02:46','2019-04-22 18:02:33',2,NULL,5),(2411,'Cássia',17,'2018-02-02 15:02:47','2019-04-22 18:02:34',2,NULL,5),(2412,'Conceição da Barra de Minas',17,'2018-02-02 15:02:47','2019-04-22 18:02:34',2,NULL,5),(2413,'Cataguases',17,'2018-02-02 15:02:48','2019-04-22 18:02:34',2,NULL,5),(2414,'Catas Altas',17,'2018-02-02 15:02:48','2019-04-22 18:02:35',2,NULL,5),(2415,'Catas Altas da Noruega',17,'2018-02-02 15:02:48','2019-04-22 18:02:35',2,NULL,5),(2416,'Catuji',17,'2018-02-02 15:02:49','2019-04-22 18:02:35',2,NULL,5),(2417,'Catuti',17,'2018-02-02 15:02:49','2019-04-22 18:02:36',2,NULL,5),(2418,'Caxambu',17,'2018-02-02 15:02:49','2019-04-22 18:02:36',2,NULL,5),(2419,'Cedro do Abaeté',17,'2018-02-02 15:02:50','2019-04-22 18:02:37',2,NULL,5),(2420,'Central de Minas',17,'2018-02-02 15:02:50','2019-04-22 18:02:37',2,NULL,5),(2421,'Centralina',17,'2018-02-02 15:02:50','2019-04-22 18:02:37',2,NULL,5),(2422,'Chácara',17,'2018-02-02 15:02:51','2019-04-22 18:02:38',2,NULL,5),(2423,'Chalé',17,'2018-02-02 15:02:51','2019-04-22 18:02:38',2,NULL,5),(2424,'Chapada do Norte',17,'2018-02-02 15:02:51','2019-04-22 18:02:38',2,NULL,5),(2425,'Chapada Gaúcha',17,'2018-02-02 15:02:52','2019-04-22 18:02:39',2,NULL,5),(2426,'Chiador',17,'2018-02-02 15:02:52','2019-04-22 18:02:39',2,NULL,5),(2427,'Cipotânea',17,'2018-02-02 15:02:52','2019-04-22 18:02:39',2,NULL,5),(2428,'Claraval',17,'2018-02-02 15:02:53','2019-04-22 18:02:40',2,NULL,5),(2429,'Claro dos Poções',17,'2018-02-02 15:02:53','2019-04-22 18:02:40',2,NULL,5),(2430,'Cláudio',17,'2018-02-02 15:02:53','2019-04-22 18:02:40',2,NULL,5),(2431,'Coimbra',17,'2018-02-02 15:02:54','2019-04-22 18:02:41',2,NULL,5),(2432,'Coluna',17,'2018-02-02 15:02:54','2019-04-22 18:02:41',2,NULL,5),(2433,'Comendador Gomes',17,'2018-02-02 15:02:54','2019-04-22 18:02:42',2,NULL,5),(2434,'Comercinho',17,'2018-02-02 15:02:55','2019-04-22 18:02:42',2,NULL,5),(2435,'Conceição da Aparecida',17,'2018-02-02 15:02:55','2019-04-22 18:02:42',2,NULL,5),(2436,'Conceição das Pedras',17,'2018-02-02 15:02:56','2019-04-22 18:02:43',2,NULL,5),(2437,'Conceição das Alagoas',17,'2018-02-02 15:02:56','2019-04-22 18:02:43',2,NULL,5),(2438,'Conceição de Ipanema',17,'2018-02-02 15:02:56','2019-04-22 18:02:43',2,NULL,5),(2439,'Conceição do Mato Dentro',17,'2018-02-02 15:02:57','2019-04-22 18:02:44',2,NULL,5),(2440,'Conceição do Pará',17,'2018-02-02 15:02:57','2019-04-22 18:02:44',2,NULL,5),(2441,'Conceição do Rio Verde',17,'2018-02-02 15:02:57','2019-04-22 18:02:44',2,NULL,5),(2442,'Conceição dos Ouros',17,'2018-02-02 15:02:58','2019-04-22 18:02:45',2,NULL,5),(2443,'Cônego Marinho',17,'2018-02-02 15:02:58','2019-04-22 18:02:45',2,NULL,5),(2444,'Confins',17,'2018-02-02 15:02:58','2019-04-22 18:02:45',2,NULL,5),(2445,'Congonhal',17,'2018-02-02 15:02:59','2019-04-22 18:02:46',2,NULL,5),(2446,'Congonhas',17,'2018-02-02 15:02:59','2019-04-22 18:02:46',2,NULL,5),(2447,'Congonhas do Norte',17,'2018-02-02 15:02:59','2019-04-22 18:02:47',2,NULL,5),(2448,'Conquista',17,'2018-02-02 15:03:00','2019-04-22 18:02:47',2,NULL,5),(2449,'Conselheiro Lafaiete',17,'2018-02-02 15:03:00','2019-04-22 18:02:47',2,NULL,5),(2450,'Conselheiro Pena',17,'2018-02-02 15:03:00','2019-04-22 18:02:48',2,NULL,5),(2451,'Consolação',17,'2018-02-02 15:03:01','2019-04-22 18:02:48',2,NULL,5),(2452,'Contagem',17,'2018-02-02 15:03:01','2019-04-22 18:02:48',2,NULL,5),(2453,'Coqueiral',17,'2018-02-02 15:03:02','2019-04-22 18:02:49',2,NULL,5),(2454,'Coração de Jesus',17,'2018-02-02 15:03:02','2019-04-22 18:02:49',2,NULL,5),(2455,'Cordisburgo',17,'2018-02-02 15:03:02','2019-04-22 18:02:49',2,NULL,5),(2456,'Cordislândia',17,'2018-02-02 15:03:03','2019-04-22 18:02:50',2,NULL,5),(2457,'Corinto',17,'2018-02-02 15:03:03','2019-04-22 18:02:50',2,NULL,5),(2458,'Coroaci',17,'2018-02-02 15:03:03','2019-04-22 18:02:51',2,NULL,5),(2459,'Coromandel',17,'2018-02-02 15:03:04','2019-04-22 18:02:51',2,NULL,5),(2460,'Coronel Fabriciano',17,'2018-02-02 15:03:04','2019-04-22 18:02:51',2,NULL,5),(2461,'Coronel Murta',17,'2018-02-02 15:03:04','2019-04-22 18:02:52',2,NULL,5),(2462,'Coronel Pacheco',17,'2018-02-02 15:03:05','2019-04-22 18:02:52',2,NULL,5),(2463,'Coronel Xavier Chaves',17,'2018-02-02 15:03:05','2019-04-22 18:02:52',2,NULL,5),(2464,'Córrego Danta',17,'2018-02-02 15:03:05','2019-04-22 18:02:53',2,NULL,5),(2465,'Córrego do Bom Jesus',17,'2018-02-02 15:03:06','2019-04-22 18:02:53',2,NULL,5),(2466,'Córrego Fundo',17,'2018-02-02 15:03:06','2019-04-22 18:02:53',2,NULL,5),(2467,'Córrego Novo',17,'2018-02-02 15:03:06','2019-04-22 18:02:54',2,NULL,5),(2468,'Couto de Magalhães de Minas',17,'2018-02-02 15:03:07','2019-04-22 18:02:54',2,NULL,5),(2469,'Crisólita',17,'2018-02-02 15:03:07','2019-04-22 18:02:54',2,NULL,5),(2470,'Cristais',17,'2018-02-02 15:03:07','2019-04-22 18:02:55',2,NULL,5),(2471,'Cristália',17,'2018-02-02 15:03:08','2019-04-22 18:02:55',2,NULL,5),(2472,'Cristiano Otoni',17,'2018-02-02 15:03:08','2019-04-22 18:02:56',2,NULL,5),(2473,'Cristina',17,'2018-02-02 15:03:09','2019-04-22 18:02:56',2,NULL,5),(2474,'Crucilândia',17,'2018-02-02 15:03:09','2019-04-22 18:02:56',2,NULL,5),(2475,'Cruzeiro da Fortaleza',17,'2018-02-02 15:03:09','2019-04-22 18:02:57',2,NULL,5),(2476,'Cruzília',17,'2018-02-02 15:03:10','2019-04-22 18:02:57',2,NULL,5),(2477,'Cuparaque',17,'2018-02-02 15:03:10','2019-04-22 18:02:57',2,NULL,5),(2478,'Curral de Dentro',17,'2018-02-02 15:03:10','2019-04-22 18:02:58',2,NULL,5),(2479,'Curvelo',17,'2018-02-02 15:03:11','2019-04-22 18:02:58',2,NULL,5),(2480,'Datas',17,'2018-02-02 15:03:11','2019-04-22 18:02:58',2,NULL,5),(2481,'Delfim Moreira',17,'2018-02-02 15:03:11','2019-04-22 18:02:59',2,NULL,5),(2482,'Delfinópolis',17,'2018-02-02 15:03:12','2019-04-22 18:02:59',2,NULL,5),(2483,'Delta',17,'2018-02-02 15:03:12','2019-04-22 18:02:59',2,NULL,5),(2484,'Descoberto',17,'2018-02-02 15:03:12','2019-04-22 18:03:00',2,NULL,5),(2485,'Desterro de Entre Rios',17,'2018-02-02 15:03:13','2019-04-22 18:03:00',2,NULL,5),(2486,'Desterro do Melo',17,'2018-02-02 15:03:13','2019-04-22 18:03:01',2,NULL,5),(2487,'Diamantina',17,'2018-02-02 15:03:13','2019-04-22 18:03:01',2,NULL,5),(2488,'Diogo de Vasconcelos',17,'2018-02-02 15:03:14','2019-04-22 18:03:01',2,NULL,5),(2489,'Dionísio',17,'2018-02-02 15:03:14','2019-04-22 18:03:02',2,NULL,5),(2490,'Divinésia',17,'2018-02-02 15:03:15','2019-04-22 18:03:02',2,NULL,5),(2491,'Divino',17,'2018-02-02 15:03:15','2019-04-22 18:03:02',2,NULL,5),(2492,'Divino das Laranjeiras',17,'2018-02-02 15:03:15','2019-04-22 18:03:03',2,NULL,5),(2493,'Divinolândia de Minas',17,'2018-02-02 15:03:16','2019-04-22 18:03:03',2,NULL,5),(2494,'Divinópolis',17,'2018-02-02 15:03:16','2019-04-22 18:03:03',2,NULL,5),(2495,'Divisa Alegre',17,'2018-02-02 15:03:16','2019-04-22 18:03:04',2,NULL,5),(2496,'Divisa Nova',17,'2018-02-02 15:03:17','2019-04-22 18:03:04',2,NULL,5),(2497,'Divisópolis',17,'2018-02-02 15:03:17','2019-04-22 18:03:05',2,NULL,5),(2498,'Dom Bosco',17,'2018-02-02 15:03:18','2019-04-22 18:03:05',2,NULL,5),(2499,'Dom Cavati',17,'2018-02-02 15:03:18','2019-04-22 18:03:05',2,NULL,5),(2500,'Dom Joaquim',17,'2018-02-02 15:03:18','2019-04-22 18:03:06',2,NULL,5),(2501,'Dom Silvério',17,'2018-02-02 15:03:19','2019-04-22 18:03:06',2,NULL,5),(2502,'Dom Viçoso',17,'2018-02-02 15:03:19','2019-04-22 18:03:06',2,NULL,5),(2503,'Dona Eusébia',17,'2018-02-02 15:03:19','2019-04-22 18:03:07',2,NULL,5),(2504,'Dores de Campos',17,'2018-02-02 15:03:20','2019-04-22 18:03:07',2,NULL,5),(2505,'Dores de Guanhães',17,'2018-02-02 15:03:20','2019-04-22 18:03:07',2,NULL,5),(2506,'Dores do Indaiá',17,'2018-02-02 15:03:20','2019-04-22 18:03:08',2,NULL,5),(2507,'Dores do Turvo',17,'2018-02-02 15:03:21','2019-04-22 18:03:08',2,NULL,5),(2508,'Doresópolis',17,'2018-02-02 15:03:21','2019-04-22 18:03:08',2,NULL,5),(2509,'Douradoquara',17,'2018-02-02 15:03:21','2019-04-22 18:03:09',2,NULL,5),(2510,'Durandé',17,'2018-02-02 15:03:22','2019-04-22 18:03:09',2,NULL,5),(2511,'Elói Mendes',17,'2018-02-02 15:03:22','2019-04-22 18:03:10',2,NULL,5),(2512,'Engenheiro Caldas',17,'2018-02-02 15:03:22','2019-04-22 18:03:10',2,NULL,5),(2513,'Engenheiro Navarro',17,'2018-02-02 15:03:23','2019-04-22 18:03:10',2,NULL,5),(2514,'Entre Folhas',17,'2018-02-02 15:03:23','2019-04-22 18:03:11',2,NULL,5),(2515,'Entre Rios de Minas',17,'2018-02-02 15:03:24','2019-04-22 18:03:11',2,NULL,5),(2516,'Ervália',17,'2018-02-02 15:03:24','2019-04-22 18:03:11',2,NULL,5),(2517,'Esmeraldas',17,'2018-02-02 15:03:25','2019-04-22 18:03:12',2,NULL,5),(2518,'Espera Feliz',17,'2018-02-02 15:03:25','2019-04-22 18:03:12',2,NULL,5),(2519,'Espinosa',17,'2018-02-02 15:03:26','2019-04-22 18:03:12',2,NULL,5),(2520,'Espírito Santo do Dourado',17,'2018-02-02 15:03:26','2019-04-22 18:03:13',2,NULL,5),(2521,'Estiva',17,'2018-02-02 15:03:26','2019-04-22 18:03:13',2,NULL,5),(2522,'Estrela Dalva',17,'2018-02-02 15:03:27','2019-04-22 18:03:14',2,NULL,5),(2523,'Estrela do Indaiá',17,'2018-02-02 15:03:28','2019-04-22 18:03:14',2,NULL,5),(2524,'Estrela do Sul',17,'2018-02-02 15:03:28','2019-04-22 18:03:14',2,NULL,5),(2525,'Eugenópolis',17,'2018-02-02 15:03:28','2019-04-22 18:03:15',2,NULL,5),(2526,'Ewbank da Câmara',17,'2018-02-02 15:03:29','2019-04-22 18:03:15',2,NULL,5),(2527,'Extrema',17,'2018-02-02 15:03:29','2019-04-22 18:03:15',2,NULL,5),(2528,'Fama',17,'2018-02-02 15:03:29','2019-04-22 18:03:16',2,NULL,5),(2529,'Faria Lemos',17,'2018-02-02 15:03:30','2019-04-22 18:03:16',2,NULL,5),(2530,'Felício dos Santos',17,'2018-02-02 15:03:30','2019-04-22 18:03:16',2,NULL,5),(2531,'São Gonçalo do Rio Preto',17,'2018-02-02 15:03:30','2019-04-22 18:03:17',2,NULL,5),(2532,'Felisburgo',17,'2018-02-02 15:03:31','2019-04-22 18:03:17',2,NULL,5),(2533,'Felixlândia',17,'2018-02-02 15:03:31','2019-04-22 18:03:17',2,NULL,5),(2534,'Fernandes Tourinho',17,'2018-02-02 15:03:32','2019-04-22 18:03:18',2,NULL,5),(2535,'Ferros',17,'2018-02-02 15:03:32','2019-04-22 18:03:18',2,NULL,5),(2536,'Fervedouro',17,'2018-02-02 15:03:32','2019-04-22 18:03:19',2,NULL,5),(2537,'Florestal',17,'2018-02-02 15:03:33','2019-04-22 18:03:19',2,NULL,5),(2538,'Formiga',17,'2018-02-02 15:03:33','2019-04-22 18:03:19',2,NULL,5),(2539,'Formoso',17,'2018-02-02 15:03:33','2019-04-22 18:03:20',2,NULL,5),(2540,'Fortaleza de Minas',17,'2018-02-02 15:03:34','2019-04-22 18:03:20',2,NULL,5),(2541,'Fortuna de Minas',17,'2018-02-02 15:03:34','2019-04-22 18:03:20',2,NULL,5),(2542,'Francisco Badaró',17,'2018-02-02 15:03:34','2019-04-22 18:03:21',2,NULL,5),(2543,'Francisco Dumont',17,'2018-02-02 15:03:35','2019-04-22 18:03:21',2,NULL,5),(2544,'Francisco Sá',17,'2018-02-02 15:03:35','2019-04-22 18:03:21',2,NULL,5),(2545,'Franciscópolis',17,'2018-02-02 15:03:36','2019-04-22 18:03:22',2,NULL,5),(2546,'Frei Gaspar',17,'2018-02-02 15:03:36','2019-04-22 18:03:22',2,NULL,5),(2547,'Frei Inocêncio',17,'2018-02-02 15:03:36','2019-04-22 18:03:22',2,NULL,5),(2548,'Frei Lagonegro',17,'2018-02-02 15:03:37','2019-04-22 18:03:23',2,NULL,5),(2549,'Fronteira',17,'2018-02-02 15:03:37','2019-04-22 18:03:23',2,NULL,5),(2550,'Fronteira dos Vales',17,'2018-02-02 15:03:37','2019-04-22 18:03:24',2,NULL,5),(2551,'Fruta de Leite',17,'2018-02-02 15:03:38','2019-04-22 18:03:24',2,NULL,5),(2552,'Frutal',17,'2018-02-02 15:03:38','2019-04-22 18:03:24',2,NULL,5),(2553,'Funilândia',17,'2018-02-02 15:03:39','2019-04-22 18:03:25',2,NULL,5),(2554,'Galiléia',17,'2018-02-02 15:03:39','2019-04-22 18:03:25',2,NULL,5),(2555,'Gameleiras',17,'2018-02-02 15:03:39','2019-04-22 18:03:25',2,NULL,5),(2556,'Glaucilândia',17,'2018-02-02 15:03:40','2019-04-22 18:03:26',2,NULL,5),(2557,'Goiabeira',17,'2018-02-02 15:03:40','2019-04-22 18:03:26',2,NULL,5),(2558,'Goianá',17,'2018-02-02 15:03:40','2019-04-22 18:03:26',2,NULL,5),(2559,'Gonçalves',17,'2018-02-02 15:03:41','2019-04-22 18:03:27',2,NULL,5),(2560,'Gonzaga',17,'2018-02-02 15:03:41','2019-04-22 18:03:27',2,NULL,5),(2561,'Gouveia',17,'2018-02-02 15:03:41','2019-04-22 18:03:28',2,NULL,5),(2562,'Governador Valadares',17,'2018-02-02 15:03:42','2019-04-22 18:03:28',2,NULL,5),(2563,'Grão Mogol',17,'2018-02-02 15:03:42','2019-04-22 18:03:28',2,NULL,5),(2564,'Grupiara',17,'2018-02-02 15:03:42','2019-04-22 18:03:29',2,NULL,5),(2565,'Guanhães',17,'2018-02-02 15:03:43','2019-04-22 18:03:29',2,NULL,5),(2566,'Guapé',17,'2018-02-02 15:03:43','2019-04-22 18:03:29',2,NULL,5),(2567,'Guaraciaba',17,'2018-02-02 15:03:43','2019-04-22 18:03:30',2,NULL,5),(2568,'Guaraciama',17,'2018-02-02 15:03:44','2019-04-22 18:03:30',2,NULL,5),(2569,'Guaranésia',17,'2018-02-02 15:03:44','2019-04-22 18:03:30',2,NULL,5),(2570,'Guarani',17,'2018-02-02 15:03:44','2019-04-22 18:03:31',2,NULL,5),(2571,'Guarará',17,'2018-02-02 15:03:45','2019-04-22 18:03:31',2,NULL,5),(2572,'Guarda-Mor',17,'2018-02-02 15:03:45','2019-04-22 18:03:31',2,NULL,5),(2573,'Guaxupé',17,'2018-02-02 15:03:46','2019-04-22 18:03:32',2,NULL,5),(2574,'Guidoval',17,'2018-02-02 15:03:46','2019-04-22 18:03:32',2,NULL,5),(2575,'Guimarânia',17,'2018-02-02 15:03:46','2019-04-22 18:03:33',2,NULL,5),(2576,'Guiricema',17,'2018-02-02 15:03:47','2019-04-22 18:03:33',2,NULL,5),(2577,'Gurinhatã',17,'2018-02-02 15:03:47','2019-04-22 18:03:33',2,NULL,5),(2578,'Heliodora',17,'2018-02-02 15:03:48','2019-04-22 18:03:34',2,NULL,5),(2579,'Iapu',17,'2018-02-02 15:03:48','2019-04-22 18:03:34',2,NULL,5),(2580,'Ibertioga',17,'2018-02-02 15:03:48','2019-04-22 18:03:34',2,NULL,5),(2581,'Ibiá',17,'2018-02-02 15:03:49','2019-04-22 18:03:35',2,NULL,5),(2582,'Ibiaí',17,'2018-02-02 15:03:49','2019-04-22 18:03:35',2,NULL,5),(2583,'Ibiracatu',17,'2018-02-02 15:03:49','2019-04-22 18:03:35',2,NULL,5),(2584,'Ibiraci',17,'2018-02-02 15:03:50','2019-04-22 18:03:36',2,NULL,5),(2585,'Ibirité',17,'2018-02-02 15:03:50','2019-04-22 18:03:36',2,NULL,5),(2586,'Ibitiúra de Minas',17,'2018-02-02 15:03:51','2019-04-22 18:03:37',2,NULL,5),(2587,'Ibituruna',17,'2018-02-02 15:03:51','2019-04-22 18:03:37',2,NULL,5),(2588,'Icaraí de Minas',17,'2018-02-02 15:03:51','2019-04-22 18:03:37',2,NULL,5),(2589,'Igarapé',17,'2018-02-02 15:03:52','2019-04-22 18:03:38',2,NULL,5),(2590,'Igaratinga',17,'2018-02-02 15:03:52','2019-04-22 18:03:38',2,NULL,5),(2591,'Iguatama',17,'2018-02-02 15:03:52','2019-04-22 18:03:38',2,NULL,5),(2592,'Ijaci',17,'2018-02-02 15:03:53','2019-04-22 18:03:39',2,NULL,5),(2593,'Ilicínea',17,'2018-02-02 15:03:53','2019-04-22 18:03:39',2,NULL,5),(2594,'Imbé de Minas',17,'2018-02-02 15:03:53','2019-04-22 18:03:39',2,NULL,5),(2595,'Inconfidentes',17,'2018-02-02 15:03:54','2019-04-22 18:03:40',2,NULL,5),(2596,'Indaiabira',17,'2018-02-02 15:03:54','2019-04-22 18:03:40',2,NULL,5),(2597,'Indianópolis',17,'2018-02-02 15:03:54','2019-04-22 18:03:40',2,NULL,5),(2598,'Ingaí',17,'2018-02-02 15:03:55','2019-04-22 18:03:41',2,NULL,5),(2599,'Inhapim',17,'2018-02-02 15:03:55','2019-04-22 18:03:41',2,NULL,5),(2600,'Inhaúma',17,'2018-02-02 15:03:56','2019-04-22 18:03:42',2,NULL,5),(2601,'Inimutaba',17,'2018-02-02 15:03:56','2019-04-22 18:03:42',2,NULL,5),(2602,'Ipaba',17,'2018-02-02 15:03:56','2019-04-22 18:03:42',2,NULL,5),(2603,'Ipanema',17,'2018-02-02 15:03:57','2019-04-22 18:03:43',2,NULL,5),(2604,'Ipatinga',17,'2018-02-02 15:03:57','2019-04-22 18:03:43',2,NULL,5),(2605,'Ipiaçu',17,'2018-02-02 15:03:58','2019-04-22 18:03:43',2,NULL,5),(2606,'Ipuiúna',17,'2018-02-02 15:03:58','2019-04-22 18:03:44',2,NULL,5),(2607,'Iraí de Minas',17,'2018-02-02 15:03:58','2019-04-22 18:03:44',2,NULL,5),(2608,'Itabira',17,'2018-02-02 15:03:59','2019-04-22 18:03:44',2,NULL,5),(2609,'Itabirinha',17,'2018-02-02 15:03:59','2019-04-22 18:03:45',2,NULL,5),(2610,'Itabirito',17,'2018-02-02 15:03:59','2019-04-22 18:03:45',2,NULL,5),(2611,'Itacambira',17,'2018-02-02 15:04:00','2019-04-22 18:03:45',2,NULL,5),(2612,'Itacarambi',17,'2018-02-02 15:04:00','2019-04-22 18:03:46',2,NULL,5),(2613,'Itaguara',17,'2018-02-02 15:04:00','2019-04-22 18:03:46',2,NULL,5),(2614,'Itaipé',17,'2018-02-02 15:04:01','2019-04-22 18:03:47',2,NULL,5),(2615,'Itajubá',17,'2018-02-02 15:04:01','2019-04-22 18:03:47',2,NULL,5),(2616,'Itamarandiba',17,'2018-02-02 15:04:01','2019-04-22 18:03:47',2,NULL,5),(2617,'Itamarati de Minas',17,'2018-02-02 15:04:02','2019-04-22 18:03:48',2,NULL,5),(2618,'Itambacuri',17,'2018-02-02 15:04:02','2019-04-22 18:03:48',2,NULL,5),(2619,'Itambé do Mato Dentro',17,'2018-02-02 15:04:03','2019-04-22 18:03:48',2,NULL,5),(2620,'Itamogi',17,'2018-02-02 15:04:03','2019-04-22 18:03:49',2,NULL,5),(2621,'Itamonte',17,'2018-02-02 15:04:03','2019-04-22 18:03:49',2,NULL,5),(2622,'Itanhandu',17,'2018-02-02 15:04:04','2019-04-22 18:03:49',2,NULL,5),(2623,'Itanhomi',17,'2018-02-02 15:04:04','2019-04-22 18:03:50',2,NULL,5),(2624,'Itaobim',17,'2018-02-02 15:04:04','2019-04-22 18:03:50',2,NULL,5),(2625,'Itapagipe',17,'2018-02-02 15:04:05','2019-04-22 18:03:51',2,NULL,5),(2626,'Itapecerica',17,'2018-02-02 15:04:05','2019-04-22 18:03:51',2,NULL,5),(2627,'Itapeva',17,'2018-02-02 15:04:05','2019-04-22 18:03:51',2,NULL,5),(2628,'Itatiaiuçu',17,'2018-02-02 15:04:06','2019-04-22 18:03:52',2,NULL,5),(2629,'Itaú de Minas',17,'2018-02-02 15:04:06','2019-04-22 18:03:52',2,NULL,5),(2630,'Itaúna',17,'2018-02-02 15:04:06','2019-04-22 18:03:52',2,NULL,5),(2631,'Itaverava',17,'2018-02-02 15:04:07','2019-04-22 18:03:53',2,NULL,5),(2632,'Itinga',17,'2018-02-02 15:04:07','2019-04-22 18:03:53',2,NULL,5),(2633,'Itueta',17,'2018-02-02 15:04:08','2019-04-22 18:03:53',2,NULL,5),(2634,'Ituiutaba',17,'2018-02-02 15:04:08','2019-04-22 18:03:54',2,NULL,5),(2635,'Itumirim',17,'2018-02-02 15:04:09','2019-04-22 18:03:54',2,NULL,5),(2636,'Iturama',17,'2018-02-02 15:04:09','2019-04-22 18:03:54',2,NULL,5),(2637,'Itutinga',17,'2018-02-02 15:04:09','2019-04-22 18:03:55',2,NULL,5),(2638,'Jaboticatubas',17,'2018-02-02 15:04:10','2019-04-22 18:03:55',2,NULL,5),(2639,'Jacinto',17,'2018-02-02 15:04:10','2019-04-22 18:03:56',2,NULL,5),(2640,'Jacuí',17,'2018-02-02 15:04:10','2019-04-22 18:03:56',2,NULL,5),(2641,'Jacutinga',17,'2018-02-02 15:04:11','2019-04-22 18:03:56',2,NULL,5),(2642,'Jaguaraçu',17,'2018-02-02 15:04:11','2019-04-22 18:03:57',2,NULL,5),(2643,'Jaíba',17,'2018-02-02 15:04:12','2019-04-22 18:03:57',2,NULL,5),(2644,'Jampruca',17,'2018-02-02 15:04:12','2019-04-22 18:03:57',2,NULL,5),(2645,'Janaúba',17,'2018-02-02 15:04:12','2019-04-22 18:03:58',2,NULL,5),(2646,'Januária',17,'2018-02-02 15:04:13','2019-04-22 18:03:58',2,NULL,5),(2647,'Japaraíba',17,'2018-02-02 15:04:13','2019-04-22 18:03:58',2,NULL,5),(2648,'Japonvar',17,'2018-02-02 15:04:14','2019-04-22 18:03:59',2,NULL,5),(2649,'Jeceaba',17,'2018-02-02 15:04:14','2019-04-22 18:03:59',2,NULL,5),(2650,'Jenipapo de Minas',17,'2018-02-02 15:04:15','2019-04-22 18:03:59',2,NULL,5),(2651,'Jequeri',17,'2018-02-02 15:04:15','2019-04-22 18:04:00',2,NULL,5),(2652,'Jequitaí',17,'2018-02-02 15:04:16','2019-04-22 18:04:00',2,NULL,5),(2653,'Jequitibá',17,'2018-02-02 15:04:16','2019-04-22 18:04:01',2,NULL,5),(2654,'Jequitinhonha',17,'2018-02-02 15:04:16','2019-04-22 18:04:01',2,NULL,5),(2655,'Jesuânia',17,'2018-02-02 15:04:17','2019-04-22 18:04:01',2,NULL,5),(2656,'Joaíma',17,'2018-02-02 15:04:17','2019-04-22 18:04:02',2,NULL,5),(2657,'Joanésia',17,'2018-02-02 15:04:17','2019-04-22 18:04:02',2,NULL,5),(2658,'João Monlevade',17,'2018-02-02 15:04:18','2019-04-22 18:04:02',2,NULL,5),(2659,'João Pinheiro',17,'2018-02-02 15:04:18','2019-04-22 18:04:03',2,NULL,5),(2660,'Joaquim Felício',17,'2018-02-02 15:04:18','2019-04-22 18:04:03',2,NULL,5),(2661,'Jordânia',17,'2018-02-02 15:04:19','2019-04-22 18:04:03',2,NULL,5),(2662,'José Gonçalves de Minas',17,'2018-02-02 15:04:19','2019-04-22 18:04:04',2,NULL,5),(2663,'José Raydan',17,'2018-02-02 15:04:19','2019-04-22 18:04:04',2,NULL,5),(2664,'Josenópolis',17,'2018-02-02 15:04:20','2019-04-22 18:04:05',2,NULL,5),(2665,'Nova União',17,'2018-02-02 15:04:20','2019-04-22 18:04:05',2,NULL,5),(2666,'Juatuba',17,'2018-02-02 15:04:20','2019-04-22 18:04:05',2,NULL,5),(2667,'Juiz de Fora',17,'2018-02-02 15:04:21','2019-04-22 18:04:06',2,NULL,5),(2668,'Juramento',17,'2018-02-02 15:04:21','2019-04-22 18:04:06',2,NULL,5),(2669,'Juruaia',17,'2018-02-02 15:04:21','2019-04-22 18:04:06',2,NULL,5),(2670,'Juvenília',17,'2018-02-02 15:04:22','2019-04-22 18:04:07',2,NULL,5),(2671,'Ladainha',17,'2018-02-02 15:04:22','2019-04-22 18:04:07',2,NULL,5),(2672,'Lagamar',17,'2018-02-02 15:04:22','2019-04-22 18:04:07',2,NULL,5),(2673,'Lagoa da Prata',17,'2018-02-02 15:04:23','2019-04-22 18:04:08',2,NULL,5),(2674,'Lagoa dos Patos',17,'2018-02-02 15:04:23','2019-04-22 18:04:08',2,NULL,5),(2675,'Lagoa Dourada',17,'2018-02-02 15:04:24','2019-04-22 18:04:08',2,NULL,5),(2676,'Lagoa Formosa',17,'2018-02-02 15:04:24','2019-04-22 18:04:09',2,NULL,5),(2677,'Lagoa Grande',17,'2018-02-02 15:04:24','2019-04-22 18:04:09',2,NULL,5),(2678,'Lagoa Santa',17,'2018-02-02 15:04:25','2019-04-22 18:04:10',2,NULL,5),(2679,'Lajinha',17,'2018-02-02 15:04:25','2019-04-22 18:04:10',2,NULL,5),(2680,'Lambari',17,'2018-02-02 15:04:25','2019-04-22 18:04:10',2,NULL,5),(2681,'Lamim',17,'2018-02-02 15:04:26','2019-04-22 18:04:11',2,NULL,5),(2682,'Laranjal',17,'2018-02-02 15:04:26','2019-04-22 18:04:11',2,NULL,5),(2683,'Lassance',17,'2018-02-02 15:04:26','2019-04-22 18:04:11',2,NULL,5),(2684,'Lavras',17,'2018-02-02 15:04:27','2019-04-22 18:04:12',2,NULL,5),(2685,'Leandro Ferreira',17,'2018-02-02 15:04:27','2019-04-22 18:04:12',2,NULL,5),(2686,'Leme do Prado',17,'2018-02-02 15:04:27','2019-04-22 18:04:12',2,NULL,5),(2687,'Leopoldina',17,'2018-02-02 15:04:28','2019-04-22 18:04:13',2,NULL,5),(2688,'Liberdade',17,'2018-02-02 15:04:28','2019-04-22 18:04:13',2,NULL,5),(2689,'Lima Duarte',17,'2018-02-02 15:04:29','2019-04-22 18:04:14',2,NULL,5),(2690,'Limeira do Oeste',17,'2018-02-02 15:04:29','2019-04-22 18:04:14',2,NULL,5),(2691,'Lontra',17,'2018-02-02 15:04:29','2019-04-22 18:04:14',2,NULL,5),(2692,'Luisburgo',17,'2018-02-02 15:04:30','2019-04-22 18:04:15',2,NULL,5),(2693,'Luislândia',17,'2018-02-02 15:04:30','2019-04-22 18:04:15',2,NULL,5),(2694,'Luminárias',17,'2018-02-02 15:04:30','2019-04-22 18:04:15',2,NULL,5),(2695,'Luz',17,'2018-02-02 15:04:31','2019-04-22 18:04:16',2,NULL,5),(2696,'Machacalis',17,'2018-02-02 15:04:31','2019-04-22 18:04:16',2,NULL,5),(2697,'Machado',17,'2018-02-02 15:04:31','2019-04-22 18:04:16',2,NULL,5),(2698,'Madre de Deus de Minas',17,'2018-02-02 15:04:32','2019-04-22 18:04:17',2,NULL,5),(2699,'Malacacheta',17,'2018-02-02 15:04:32','2019-04-22 18:04:17',2,NULL,5),(2700,'Mamonas',17,'2018-02-02 15:04:32','2019-04-22 18:04:17',2,NULL,5),(2701,'Manga',17,'2018-02-02 15:04:33','2019-04-22 18:04:18',2,NULL,5),(2702,'Manhuaçu',17,'2018-02-02 15:04:33','2019-04-22 18:04:18',2,NULL,5),(2703,'Manhumirim',17,'2018-02-02 15:04:33','2019-04-22 18:04:19',2,NULL,5),(2704,'Mantena',17,'2018-02-02 15:04:34','2019-04-22 18:04:19',2,NULL,5),(2705,'Maravilhas',17,'2018-02-02 15:04:34','2019-04-22 18:04:19',2,NULL,5),(2706,'Mar de Espanha',17,'2018-02-02 15:04:34','2019-04-22 18:04:20',2,NULL,5),(2707,'Maria da Fé',17,'2018-02-02 15:04:35','2019-04-22 18:04:20',2,NULL,5),(2708,'Mariana',17,'2018-02-02 15:04:35','2019-04-22 18:04:20',2,NULL,5),(2709,'Marilac',17,'2018-02-02 15:04:35','2019-04-22 18:04:21',2,NULL,5),(2710,'Mário Campos',17,'2018-02-02 15:04:36','2019-04-22 18:04:21',2,NULL,5),(2711,'Maripá de Minas',17,'2018-02-02 15:04:36','2019-04-22 18:04:21',2,NULL,5),(2712,'Marliéria',17,'2018-02-02 15:04:37','2019-04-22 18:04:22',2,NULL,5),(2713,'Marmelópolis',17,'2018-02-02 15:04:37','2019-04-22 18:04:22',2,NULL,5),(2714,'Martinho Campos',17,'2018-02-02 15:04:38','2019-04-22 18:04:22',2,NULL,5),(2715,'Martins Soares',17,'2018-02-02 15:04:38','2019-04-22 18:04:23',2,NULL,5),(2716,'Mata Verde',17,'2018-02-02 15:04:38','2019-04-22 18:04:23',2,NULL,5),(2717,'Materlândia',17,'2018-02-02 15:04:39','2019-04-22 18:04:24',2,NULL,5),(2718,'Mateus Leme',17,'2018-02-02 15:04:39','2019-04-22 18:04:24',2,NULL,5),(2719,'Matias Barbosa',17,'2018-02-02 15:04:39','2019-04-22 18:04:24',2,NULL,5),(2720,'Matias Cardoso',17,'2018-02-02 15:04:40','2019-04-22 18:04:25',2,NULL,5),(2721,'Matipó',17,'2018-02-02 15:04:40','2019-04-22 18:04:25',2,NULL,5),(2722,'Mato Verde',17,'2018-02-02 15:04:41','2019-04-22 18:04:25',2,NULL,5),(2723,'Matozinhos',17,'2018-02-02 15:04:41','2019-04-22 18:04:26',2,NULL,5),(2724,'Matutina',17,'2018-02-02 15:04:41','2019-04-22 18:04:26',2,NULL,5),(2725,'Medeiros',17,'2018-02-02 15:04:42','2019-04-22 18:04:26',2,NULL,5),(2726,'Medina',17,'2018-02-02 15:04:42','2019-04-22 18:04:27',2,NULL,5),(2727,'Mendes Pimentel',17,'2018-02-02 15:04:42','2019-04-22 18:04:27',2,NULL,5),(2728,'Mercês',17,'2018-02-02 15:04:43','2019-04-22 18:04:28',2,NULL,5),(2729,'Mesquita',17,'2018-02-02 15:04:43','2019-04-22 18:04:28',2,NULL,5),(2730,'Minas Novas',17,'2018-02-02 15:04:43','2019-04-22 18:04:28',2,NULL,5),(2731,'Minduri',17,'2018-02-02 15:04:44','2019-04-22 18:04:29',2,NULL,5),(2732,'Mirabela',17,'2018-02-02 15:04:44','2019-04-22 18:04:29',2,NULL,5),(2733,'Miradouro',17,'2018-02-02 15:04:44','2019-04-22 18:04:29',2,NULL,5),(2734,'Miraí',17,'2018-02-02 15:04:45','2019-04-22 18:04:30',2,NULL,5),(2735,'Miravânia',17,'2018-02-02 15:04:45','2019-04-22 18:04:30',2,NULL,5),(2736,'Moeda',17,'2018-02-02 15:04:45','2019-04-22 18:04:30',2,NULL,5),(2737,'Moema',17,'2018-02-02 15:04:46','2019-04-22 18:04:31',2,NULL,5),(2738,'Monjolos',17,'2018-02-02 15:04:46','2019-04-22 18:04:31',2,NULL,5),(2739,'Monsenhor Paulo',17,'2018-02-02 15:04:47','2019-04-22 18:04:31',2,NULL,5),(2740,'Montalvânia',17,'2018-02-02 15:04:47','2019-04-22 18:04:32',2,NULL,5),(2741,'Monte Alegre de Minas',17,'2018-02-02 15:04:48','2019-04-22 18:04:32',2,NULL,5),(2742,'Monte Azul',17,'2018-02-02 15:04:48','2019-04-22 18:04:33',2,NULL,5),(2743,'Monte Belo',17,'2018-02-02 15:04:48','2019-04-22 18:04:33',2,NULL,5),(2744,'Monte Carmelo',17,'2018-02-02 15:04:49','2019-04-22 18:04:33',2,NULL,5),(2745,'Monte Formoso',17,'2018-02-02 15:04:49','2019-04-22 18:04:34',2,NULL,5),(2746,'Monte Santo de Minas',17,'2018-02-02 15:04:49','2019-04-22 18:04:34',2,NULL,5),(2747,'Montes Claros',17,'2018-02-02 15:04:50','2019-04-22 18:04:34',2,NULL,5),(2748,'Monte Sião',17,'2018-02-02 15:04:50','2019-04-22 18:04:35',2,NULL,5),(2749,'Montezuma',17,'2018-02-02 15:04:51','2019-04-22 18:04:35',2,NULL,5),(2750,'Morada Nova de Minas',17,'2018-02-02 15:04:51','2019-04-22 18:04:35',2,NULL,5),(2751,'Morro da Garça',17,'2018-02-02 15:04:51','2019-04-22 18:04:36',2,NULL,5),(2752,'Morro do Pilar',17,'2018-02-02 15:04:52','2019-04-22 18:04:36',2,NULL,5),(2753,'Munhoz',17,'2018-02-02 15:04:52','2019-04-22 18:04:36',2,NULL,5),(2754,'Muriaé',17,'2018-02-02 15:04:52','2019-04-22 18:04:37',2,NULL,5),(2755,'Mutum',17,'2018-02-02 15:04:53','2019-04-22 18:04:37',2,NULL,5),(2756,'Muzambinho',17,'2018-02-02 15:04:53','2019-04-22 18:04:38',2,NULL,5),(2757,'Nacip Raydan',17,'2018-02-02 15:04:53','2019-04-22 18:04:38',2,NULL,5),(2758,'Nanuque',17,'2018-02-02 15:04:54','2019-04-22 18:04:38',2,NULL,5),(2759,'Naque',17,'2018-02-02 15:04:54','2019-04-22 18:04:39',2,NULL,5),(2760,'Natalândia',17,'2018-02-02 15:04:54','2019-04-22 18:04:39',2,NULL,5),(2761,'Natércia',17,'2018-02-02 15:04:55','2019-04-22 18:04:39',2,NULL,5),(2762,'Nazareno',17,'2018-02-02 15:04:55','2019-04-22 18:04:40',2,NULL,5),(2763,'Nepomuceno',17,'2018-02-02 15:04:55','2019-04-22 18:04:40',2,NULL,5),(2764,'Ninheira',17,'2018-02-02 15:04:56','2019-04-22 18:04:40',2,NULL,5),(2765,'Nova Belém',17,'2018-02-02 15:04:56','2019-04-22 18:04:41',2,NULL,5),(2766,'Nova Era',17,'2018-02-02 15:04:56','2019-04-22 18:04:41',2,NULL,5),(2767,'Nova Lima',17,'2018-02-02 15:04:57','2019-04-22 18:04:42',2,NULL,5),(2768,'Nova Módica',17,'2018-02-02 15:04:57','2019-04-22 18:04:42',2,NULL,5),(2769,'Nova Ponte',17,'2018-02-02 15:04:57','2019-04-22 18:04:42',2,NULL,5),(2770,'Nova Porteirinha',17,'2018-02-02 15:04:58','2019-04-22 18:04:43',2,NULL,5),(2771,'Nova Resende',17,'2018-02-02 15:04:58','2019-04-22 18:04:43',2,NULL,5),(2772,'Nova Serrana',17,'2018-02-02 15:04:58','2019-04-22 18:04:43',2,NULL,5),(2773,'Novo Cruzeiro',17,'2018-02-02 15:04:59','2019-04-22 18:04:44',2,NULL,5),(2774,'Novo Oriente de Minas',17,'2018-02-02 15:04:59','2019-04-22 18:04:44',2,NULL,5),(2775,'Novorizonte',17,'2018-02-02 15:05:00','2019-04-22 18:04:44',2,NULL,5),(2776,'Olaria',17,'2018-02-02 15:05:00','2019-04-22 18:04:45',2,NULL,5),(2777,'Olhos-D\'Água',17,'2018-02-02 15:05:00','2019-04-22 18:04:45',2,NULL,5),(2778,'Olímpio Noronha',17,'2018-02-02 15:05:01','2019-04-22 18:04:45',2,NULL,5),(2779,'Oliveira',17,'2018-02-02 15:05:01','2019-04-22 18:04:46',2,NULL,5),(2780,'Oliveira Fortes',17,'2018-02-02 15:05:01','2019-04-22 18:04:46',2,NULL,5),(2781,'Onça de Pitangui',17,'2018-02-02 15:05:02','2019-04-22 18:04:47',2,NULL,5),(2782,'Oratórios',17,'2018-02-02 15:05:02','2019-04-22 18:04:47',2,NULL,5),(2783,'Orizânia',17,'2018-02-02 15:05:02','2019-04-22 18:04:47',2,NULL,5),(2784,'Ouro Branco',17,'2018-02-02 15:05:03','2019-04-22 18:04:48',2,NULL,5),(2785,'Ouro Fino',17,'2018-02-02 15:05:03','2019-04-22 18:04:48',2,NULL,5),(2786,'Ouro Preto',17,'2018-02-02 15:05:03','2019-04-22 18:04:48',2,NULL,5),(2787,'Ouro Verde de Minas',17,'2018-02-02 15:05:04','2019-04-22 18:04:49',2,NULL,5),(2788,'Padre Carvalho',17,'2018-02-02 15:05:04','2019-04-22 18:04:49',2,NULL,5),(2789,'Padre Paraíso',17,'2018-02-02 15:05:04','2019-04-22 18:04:49',2,NULL,5),(2790,'Paineiras',17,'2018-02-02 15:05:05','2019-04-22 18:04:50',2,NULL,5),(2791,'Pains',17,'2018-02-02 15:05:05','2019-04-22 18:04:50',2,NULL,5),(2792,'Pai Pedro',17,'2018-02-02 15:05:05','2019-04-22 18:04:50',2,NULL,5),(2793,'Paiva',17,'2018-02-02 15:05:06','2019-04-22 18:04:51',2,NULL,5),(2794,'Palma',17,'2018-02-02 15:05:06','2019-04-22 18:04:51',2,NULL,5),(2795,'Palmópolis',17,'2018-02-02 15:05:06','2019-04-22 18:04:52',2,NULL,5),(2796,'Papagaios',17,'2018-02-02 15:05:07','2019-04-22 18:04:52',2,NULL,5),(2797,'Paracatu',17,'2018-02-02 15:05:07','2019-04-22 18:04:52',2,NULL,5),(2798,'Pará de Minas',17,'2018-02-02 15:05:08','2019-04-22 18:04:53',2,NULL,5),(2799,'Paraguaçu',17,'2018-02-02 15:05:08','2019-04-22 18:04:53',2,NULL,5),(2800,'Paraisópolis',17,'2018-02-02 15:05:08','2019-04-22 18:04:53',2,NULL,5),(2801,'Paraopeba',17,'2018-02-02 15:05:09','2019-04-22 18:04:54',2,NULL,5),(2802,'Passabém',17,'2018-02-02 15:05:09','2019-04-22 18:04:54',2,NULL,5),(2803,'Passa Quatro',17,'2018-02-02 15:05:09','2019-04-22 18:04:54',2,NULL,5),(2804,'Passa Tempo',17,'2018-02-02 15:05:10','2019-04-22 18:04:55',2,NULL,5),(2805,'Passa-Vinte',17,'2018-02-02 15:05:10','2019-04-22 18:04:55',2,NULL,5),(2806,'Passos',17,'2018-02-02 15:05:10','2019-04-22 18:04:55',2,NULL,5),(2807,'Patis',17,'2018-02-02 15:05:11','2019-04-22 18:04:56',2,NULL,5),(2808,'Patos de Minas',17,'2018-02-02 15:05:11','2019-04-22 18:04:56',2,NULL,5),(2809,'Patrocínio',17,'2018-02-02 15:05:11','2019-04-22 18:04:57',2,NULL,5),(2810,'Patrocínio do Muriaé',17,'2018-02-02 15:05:12','2019-04-22 18:04:57',2,NULL,5),(2811,'Paula Cândido',17,'2018-02-02 15:05:12','2019-04-22 18:04:57',2,NULL,5),(2812,'Paulistas',17,'2018-02-02 15:05:12','2019-04-22 18:04:58',2,NULL,5),(2813,'Pavão',17,'2018-02-02 15:05:13','2019-04-22 18:04:58',2,NULL,5),(2814,'Peçanha',17,'2018-02-02 15:05:13','2019-04-22 18:04:58',2,NULL,5),(2815,'Pedra Azul',17,'2018-02-02 15:05:13','2019-04-22 18:04:59',2,NULL,5),(2816,'Pedra Bonita',17,'2018-02-02 15:05:14','2019-04-22 18:04:59',2,NULL,5),(2817,'Pedra do Anta',17,'2018-02-02 15:05:14','2019-04-22 18:04:59',2,NULL,5),(2818,'Pedra do Indaiá',17,'2018-02-02 15:05:14','2019-04-22 18:05:00',2,NULL,5),(2819,'Pedra Dourada',17,'2018-02-02 15:05:15','2019-04-22 18:05:00',2,NULL,5),(2820,'Pedralva',17,'2018-02-02 15:05:15','2019-04-22 18:05:01',2,NULL,5),(2821,'Pedras de Maria da Cruz',17,'2018-02-02 15:05:16','2019-04-22 18:05:01',2,NULL,5),(2822,'Pedrinópolis',17,'2018-02-02 15:05:16','2019-04-22 18:05:01',2,NULL,5),(2823,'Pedro Leopoldo',17,'2018-02-02 15:05:16','2019-04-22 18:05:02',2,NULL,5),(2824,'Pedro Teixeira',17,'2018-02-02 15:05:17','2019-04-22 18:05:02',2,NULL,5),(2825,'Pequeri',17,'2018-02-02 15:05:17','2019-04-22 18:05:02',2,NULL,5),(2826,'Pequi',17,'2018-02-02 15:05:17','2019-04-22 18:05:03',2,NULL,5),(2827,'Perdigão',17,'2018-02-02 15:05:18','2019-04-22 18:05:03',2,NULL,5),(2828,'Perdizes',17,'2018-02-02 15:05:18','2019-04-22 18:05:03',2,NULL,5),(2829,'Perdões',17,'2018-02-02 15:05:18','2019-04-22 18:05:04',2,NULL,5),(2830,'Periquito',17,'2018-02-02 15:05:19','2019-04-22 18:05:04',2,NULL,5),(2831,'Pescador',17,'2018-02-02 15:05:19','2019-04-22 18:05:04',2,NULL,5),(2832,'Piau',17,'2018-02-02 15:05:19','2019-04-22 18:05:05',2,NULL,5),(2833,'Piedade de Caratinga',17,'2018-02-02 15:05:20','2019-04-22 18:05:05',2,NULL,5),(2834,'Piedade de Ponte Nova',17,'2018-02-02 15:05:20','2019-04-22 18:05:06',2,NULL,5),(2835,'Piedade do Rio Grande',17,'2018-02-02 15:05:21','2019-04-22 18:05:06',2,NULL,5),(2836,'Piedade dos Gerais',17,'2018-02-02 15:05:21','2019-04-22 18:05:06',2,NULL,5),(2837,'Pimenta',17,'2018-02-02 15:05:21','2019-04-22 18:05:07',2,NULL,5),(2838,'Pingo-D\'Água',17,'2018-02-02 15:05:22','2019-04-22 18:05:07',2,NULL,5),(2839,'Pintópolis',17,'2018-02-02 15:05:22','2019-04-22 18:05:07',2,NULL,5),(2840,'Piracema',17,'2018-02-02 15:05:22','2019-04-22 18:05:08',2,NULL,5),(2841,'Pirajuba',17,'2018-02-02 15:05:23','2019-04-22 18:05:08',2,NULL,5),(2842,'Piranga',17,'2018-02-02 15:05:23','2019-04-22 18:05:08',2,NULL,5),(2843,'Piranguçu',17,'2018-02-02 15:05:23','2019-04-22 18:05:09',2,NULL,5),(2844,'Piranguinho',17,'2018-02-02 15:05:24','2019-04-22 18:05:09',2,NULL,5),(2845,'Pirapetinga',17,'2018-02-02 15:05:24','2019-04-22 18:05:09',2,NULL,5),(2846,'Pirapora',17,'2018-02-02 15:05:24','2019-04-22 18:05:10',2,NULL,5),(2847,'Piraúba',17,'2018-02-02 15:05:25','2019-04-22 18:05:10',2,NULL,5),(2848,'Pitangui',17,'2018-02-02 15:05:25','2019-04-22 18:05:11',2,NULL,5),(2849,'Piumhi',17,'2018-02-02 15:05:25','2019-04-22 18:05:11',2,NULL,5),(2850,'Planura',17,'2018-02-02 15:05:26','2019-04-22 18:05:11',2,NULL,5),(2851,'Poço Fundo',17,'2018-02-02 15:05:26','2019-04-22 18:05:12',2,NULL,5),(2852,'Poços de Caldas',17,'2018-02-02 15:05:26','2019-04-22 18:05:12',2,NULL,5),(2853,'Pocrane',17,'2018-02-02 15:05:27','2019-04-22 18:05:12',2,NULL,5),(2854,'Pompéu',17,'2018-02-02 15:05:27','2019-04-22 18:05:13',2,NULL,5),(2855,'Ponte Nova',17,'2018-02-02 15:05:28','2019-04-22 18:05:13',2,NULL,5),(2856,'Ponto Chique',17,'2018-02-02 15:05:28','2019-04-22 18:05:14',2,NULL,5),(2857,'Ponto dos Volantes',17,'2018-02-02 15:05:28','2019-04-22 18:05:14',2,NULL,5),(2858,'Porteirinha',17,'2018-02-02 15:05:29','2019-04-22 18:05:14',2,NULL,5),(2859,'Porto Firme',17,'2018-02-02 15:05:29','2019-04-22 18:05:15',2,NULL,5),(2860,'Poté',17,'2018-02-02 15:05:29','2019-04-22 18:05:15',2,NULL,5),(2861,'Pouso Alegre',17,'2018-02-02 15:05:30','2019-04-22 18:05:15',2,NULL,5),(2862,'Pouso Alto',17,'2018-02-02 15:05:30','2019-04-22 18:05:16',2,NULL,5),(2863,'Prados',17,'2018-02-02 15:05:30','2019-04-22 18:05:16',2,NULL,5),(2864,'Prata',17,'2018-02-02 15:05:31','2019-04-22 18:05:16',2,NULL,5),(2865,'Pratápolis',17,'2018-02-02 15:05:31','2019-04-22 18:05:17',2,NULL,5),(2866,'Pratinha',17,'2018-02-02 15:05:31','2019-04-22 18:05:17',2,NULL,5),(2867,'Presidente Bernardes',17,'2018-02-02 15:05:32','2019-04-22 18:05:17',2,NULL,5),(2868,'Presidente Juscelino',17,'2018-02-02 15:05:32','2019-04-22 18:05:18',2,NULL,5),(2869,'Presidente Kubitschek',17,'2018-02-02 15:05:32','2019-04-22 18:05:18',2,NULL,5),(2870,'Presidente Olegário',17,'2018-02-02 15:05:33','2019-04-22 18:05:19',2,NULL,5),(2871,'Alto Jequitibá',17,'2018-02-02 15:05:33','2019-04-22 18:05:19',2,NULL,5),(2872,'Prudente de Morais',17,'2018-02-02 15:05:33','2019-04-22 18:05:19',2,NULL,5),(2873,'Quartel Geral',17,'2018-02-02 15:05:34','2019-04-22 18:05:20',2,NULL,5),(2874,'Queluzito',17,'2018-02-02 15:05:34','2019-04-22 18:05:20',2,NULL,5),(2875,'Raposos',17,'2018-02-02 15:05:35','2019-04-22 18:05:21',2,NULL,5),(2876,'Raul Soares',17,'2018-02-02 15:05:35','2019-04-22 18:05:21',2,NULL,5),(2877,'Recreio',17,'2018-02-02 15:05:35','2019-04-22 18:05:21',2,NULL,5),(2878,'Reduto',17,'2018-02-02 15:05:36','2019-04-22 18:05:22',2,NULL,5),(2879,'Resende Costa',17,'2018-02-02 15:05:36','2019-04-22 18:05:22',2,NULL,5),(2880,'Resplendor',17,'2018-02-02 15:05:36','2019-04-22 18:05:22',2,NULL,5),(2881,'Ressaquinha',17,'2018-02-02 15:05:37','2019-04-22 18:05:23',2,NULL,5),(2882,'Riachinho',17,'2018-02-02 15:05:37','2019-04-22 18:05:23',2,NULL,5),(2883,'Riacho dos Machados',17,'2018-02-02 15:05:37','2019-04-22 18:05:23',2,NULL,5),(2884,'Ribeirão das Neves',17,'2018-02-02 15:05:38','2019-04-22 18:05:24',2,NULL,5),(2885,'Ribeirão Vermelho',17,'2018-02-02 15:05:38','2019-04-22 18:05:24',2,NULL,5),(2886,'Rio Acima',17,'2018-02-02 15:05:38','2019-04-22 18:05:25',2,NULL,5),(2887,'Rio Casca',17,'2018-02-02 15:05:39','2019-04-22 18:05:25',2,NULL,5),(2888,'Rio Doce',17,'2018-02-02 15:05:39','2019-04-22 18:05:25',2,NULL,5),(2889,'Rio do Prado',17,'2018-02-02 15:05:39','2019-04-22 18:05:26',2,NULL,5),(2890,'Rio Espera',17,'2018-02-02 15:05:40','2019-04-22 18:05:26',2,NULL,5),(2891,'Rio Manso',17,'2018-02-02 15:05:40','2019-04-22 18:05:26',2,NULL,5),(2892,'Rio Novo',17,'2018-02-02 15:05:41','2019-04-22 18:05:27',2,NULL,5),(2893,'Rio Paranaíba',17,'2018-02-02 15:05:41','2019-04-22 18:05:27',2,NULL,5),(2894,'Rio Pardo de Minas',17,'2018-02-02 15:05:41','2019-04-22 18:05:27',2,NULL,5),(2895,'Rio Piracicaba',17,'2018-02-02 15:05:42','2019-04-22 18:05:28',2,NULL,5),(2896,'Rio Pomba',17,'2018-02-02 15:05:42','2019-04-22 18:05:28',2,NULL,5),(2897,'Rio Preto',17,'2018-02-02 15:05:42','2019-04-22 18:05:28',2,NULL,5),(2898,'Rio Vermelho',17,'2018-02-02 15:05:43','2019-04-22 18:05:29',2,NULL,5),(2899,'Ritápolis',17,'2018-02-02 15:05:43','2019-04-22 18:05:29',2,NULL,5),(2900,'Rochedo de Minas',17,'2018-02-02 15:05:43','2019-04-22 18:05:30',2,NULL,5),(2901,'Rodeiro',17,'2018-02-02 15:05:44','2019-04-22 18:05:30',2,NULL,5),(2902,'Romaria',17,'2018-02-02 15:05:44','2019-04-22 18:05:30',2,NULL,5),(2903,'Rosário da Limeira',17,'2018-02-02 15:05:44','2019-04-22 18:05:31',2,NULL,5),(2904,'Rubelita',17,'2018-02-02 15:05:45','2019-04-22 18:05:31',2,NULL,5),(2905,'Rubim',17,'2018-02-02 15:05:45','2019-04-22 18:05:31',2,NULL,5),(2906,'Sabará',17,'2018-02-02 15:05:45','2019-04-22 18:05:32',2,NULL,5),(2907,'Sabinópolis',17,'2018-02-02 15:05:46','2019-04-22 18:05:32',2,NULL,5),(2908,'Sacramento',17,'2018-02-02 15:05:46','2019-04-22 18:05:32',2,NULL,5),(2909,'Salinas',17,'2018-02-02 15:05:46','2019-04-22 18:05:33',2,NULL,5),(2910,'Salto da Divisa',17,'2018-02-02 15:05:47','2019-04-22 18:05:33',2,NULL,5),(2911,'Santa Bárbara',17,'2018-02-02 15:05:47','2019-04-22 18:05:33',2,NULL,5),(2912,'Santa Bárbara do Leste',17,'2018-02-02 15:05:48','2019-04-22 18:05:34',2,NULL,5),(2913,'Santa Bárbara do Monte Verde',17,'2018-02-02 15:05:48','2019-04-22 18:05:34',2,NULL,5),(2914,'Santa Bárbara do Tugúrio',17,'2018-02-02 15:05:48','2019-04-22 18:05:35',2,NULL,5),(2915,'Santa Cruz de Minas',17,'2018-02-02 15:05:49','2019-04-22 18:05:35',2,NULL,5),(2916,'Santa Cruz de Salinas',17,'2018-02-02 15:05:49','2019-04-22 18:05:35',2,NULL,5),(2917,'Santa Cruz do Escalvado',17,'2018-02-02 15:05:49','2019-04-22 18:05:36',2,NULL,5),(2918,'Santa Efigênia de Minas',17,'2018-02-02 15:05:50','2019-04-22 18:05:36',2,NULL,5),(2919,'Santa Fé de Minas',17,'2018-02-02 15:05:50','2019-04-22 18:05:36',2,NULL,5),(2920,'Santa Helena de Minas',17,'2018-02-02 15:05:50','2019-04-22 18:05:37',2,NULL,5),(2921,'Santa Juliana',17,'2018-02-02 15:05:51','2019-04-22 18:05:37',2,NULL,5),(2922,'Santa Luzia',17,'2018-02-02 15:05:51','2019-04-22 18:05:37',2,NULL,5),(2923,'Santa Margarida',17,'2018-02-02 15:05:51','2019-04-22 18:05:38',2,NULL,5),(2924,'Santa Maria de Itabira',17,'2018-02-02 15:05:52','2019-04-22 18:05:38',2,NULL,5),(2925,'Santa Maria do Salto',17,'2018-02-02 15:05:52','2019-04-22 18:05:39',2,NULL,5),(2926,'Santa Maria do Suaçuí',17,'2018-02-02 15:05:52','2019-04-22 18:05:39',2,NULL,5),(2927,'Santana da Vargem',17,'2018-02-02 15:05:53','2019-04-22 18:05:39',2,NULL,5),(2928,'Santana de Cataguases',17,'2018-02-02 15:05:53','2019-04-22 18:05:40',2,NULL,5),(2929,'Santana de Pirapama',17,'2018-02-02 15:05:53','2019-04-22 18:05:40',2,NULL,5),(2930,'Santana do Deserto',17,'2018-02-02 15:05:54','2019-04-22 18:05:40',2,NULL,5),(2931,'Santana do Garambéu',17,'2018-02-02 15:05:54','2019-04-22 18:05:41',2,NULL,5),(2932,'Santana do Jacaré',17,'2018-02-02 15:05:55','2019-04-22 18:05:41',2,NULL,5),(2933,'Santana do Manhuaçu',17,'2018-02-02 15:05:55','2019-04-22 18:05:41',2,NULL,5),(2934,'Santana do Paraíso',17,'2018-02-02 15:05:55','2019-04-22 18:05:42',2,NULL,5),(2935,'Santana do Riacho',17,'2018-02-02 15:05:56','2019-04-22 18:05:42',2,NULL,5),(2936,'Santana dos Montes',17,'2018-02-02 15:05:56','2019-04-22 18:05:42',2,NULL,5),(2937,'Santa Rita de Caldas',17,'2018-02-02 15:05:56','2019-04-22 18:05:43',2,NULL,5),(2938,'Santa Rita de Jacutinga',17,'2018-02-02 15:05:57','2019-04-22 18:05:43',2,NULL,5),(2939,'Santa Rita de Minas',17,'2018-02-02 15:05:57','2019-04-22 18:05:44',2,NULL,5),(2940,'Santa Rita de Ibitipoca',17,'2018-02-02 15:05:57','2019-04-22 18:05:44',2,NULL,5),(2941,'Santa Rita do Itueto',17,'2018-02-02 15:05:58','2019-04-22 18:05:44',2,NULL,5),(2942,'Santa Rita do Sapucaí',17,'2018-02-02 15:05:58','2019-04-22 18:05:45',2,NULL,5),(2943,'Santa Rosa da Serra',17,'2018-02-02 15:05:58','2019-04-22 18:05:45',2,NULL,5),(2944,'Santa Vitória',17,'2018-02-02 15:05:59','2019-04-22 18:05:45',2,NULL,5),(2945,'Santo Antônio do Amparo',17,'2018-02-02 15:05:59','2019-04-22 18:05:46',2,NULL,5),(2946,'Santo Antônio do Aventureiro',17,'2018-02-02 15:05:59','2019-04-22 18:05:46',2,NULL,5),(2947,'Santo Antônio do Grama',17,'2018-02-02 15:06:00','2019-04-22 18:05:46',2,NULL,5),(2948,'Santo Antônio do Itambé',17,'2018-02-02 15:06:00','2019-04-22 18:05:47',2,NULL,5),(2949,'Santo Antônio do Jacinto',17,'2018-02-02 15:06:00','2019-04-22 18:05:47',2,NULL,5),(2950,'Santo Antônio do Monte',17,'2018-02-02 15:06:01','2019-04-22 18:05:47',2,NULL,5),(2951,'Santo Antônio do Retiro',17,'2018-02-02 15:06:01','2019-04-22 18:05:48',2,NULL,5),(2952,'Santo Antônio do Rio Abaixo',17,'2018-02-02 15:06:01','2019-04-22 18:05:48',2,NULL,5),(2953,'Santo Hipólito',17,'2018-02-02 15:06:02','2019-04-22 18:05:49',2,NULL,5),(2954,'Santos Dumont',17,'2018-02-02 15:06:02','2019-04-22 18:05:49',2,NULL,5),(2955,'São Bento Abade',17,'2018-02-02 15:06:03','2019-04-22 18:05:49',2,NULL,5),(2956,'São Brás do Suaçuí',17,'2018-02-02 15:06:03','2019-04-22 18:05:50',2,NULL,5),(2957,'São Domingos das Dores',17,'2018-02-02 15:06:03','2019-04-22 18:05:50',2,NULL,5),(2958,'São Domingos do Prata',17,'2018-02-02 15:06:04','2019-04-22 18:05:50',2,NULL,5),(2959,'São Félix de Minas',17,'2018-02-02 15:06:04','2019-04-22 18:05:51',2,NULL,5),(2960,'São Francisco',17,'2018-02-02 15:06:04','2019-04-22 18:05:51',2,NULL,5),(2961,'São Francisco de Paula',17,'2018-02-02 15:06:05','2019-04-22 18:05:51',2,NULL,5),(2962,'São Francisco de Sales',17,'2018-02-02 15:06:05','2019-04-22 18:05:52',2,NULL,5),(2963,'São Francisco do Glória',17,'2018-02-02 15:06:05','2019-04-22 18:05:52',2,NULL,5),(2964,'São Geraldo',17,'2018-02-02 15:06:06','2019-04-22 18:05:53',2,NULL,5),(2965,'São Geraldo da Piedade',17,'2018-02-02 15:06:06','2019-04-22 18:05:53',2,NULL,5),(2966,'São Geraldo do Baixio',17,'2018-02-02 15:06:06','2019-04-22 18:05:53',2,NULL,5),(2967,'São Gonçalo do Abaeté',17,'2018-02-02 15:06:07','2019-04-22 18:05:54',2,NULL,5),(2968,'São Gonçalo do Pará',17,'2018-02-02 15:06:07','2019-04-22 18:05:54',2,NULL,5),(2969,'São Gonçalo do Rio Abaixo',17,'2018-02-02 15:06:07','2019-04-22 18:05:54',2,NULL,5),(2970,'São Gonçalo do Sapucaí',17,'2018-02-02 15:06:08','2019-04-22 18:05:55',2,NULL,5),(2971,'São Gotardo',17,'2018-02-02 15:06:08','2019-04-22 18:05:55',2,NULL,5),(2972,'São João Batista do Glória',17,'2018-02-02 15:06:08','2019-04-22 18:05:55',2,NULL,5),(2973,'São João da Lagoa',17,'2018-02-02 15:06:09','2019-04-22 18:05:56',2,NULL,5),(2974,'São João da Mata',17,'2018-02-02 15:06:09','2019-04-22 18:05:56',2,NULL,5),(2975,'São João da Ponte',17,'2018-02-02 15:06:10','2019-04-22 18:05:56',2,NULL,5),(2976,'São João das Missões',17,'2018-02-02 15:06:10','2019-04-22 18:05:57',2,NULL,5),(2977,'São João del Rei',17,'2018-02-02 15:06:10','2019-04-22 18:05:57',2,NULL,5),(2978,'São João do Manhuaçu',17,'2018-02-02 15:06:11','2019-04-22 18:05:58',2,NULL,5),(2979,'São João do Manteninha',17,'2018-02-02 15:06:11','2019-04-22 18:05:58',2,NULL,5),(2980,'São João do Oriente',17,'2018-02-02 15:06:11','2019-04-22 18:05:58',2,NULL,5),(2981,'São João do Pacuí',17,'2018-02-02 15:06:12','2019-04-22 18:05:59',2,NULL,5),(2982,'São João do Paraíso',17,'2018-02-02 15:06:12','2019-04-22 18:05:59',2,NULL,5),(2983,'São João Evangelista',17,'2018-02-02 15:06:12','2019-04-22 18:05:59',2,NULL,5),(2984,'São João Nepomuceno',17,'2018-02-02 15:06:13','2019-04-22 18:06:00',2,NULL,5),(2985,'São Joaquim de Bicas',17,'2018-02-02 15:06:13','2019-04-22 18:06:00',2,NULL,5),(2986,'São José da Barra',17,'2018-02-02 15:06:13','2019-04-22 18:06:00',2,NULL,5),(2987,'São José da Lapa',17,'2018-02-02 15:06:14','2019-04-22 18:06:01',2,NULL,5),(2988,'São José da Safira',17,'2018-02-02 15:06:14','2019-04-22 18:06:01',2,NULL,5),(2989,'São José da Varginha',17,'2018-02-02 15:06:14','2019-04-22 18:06:01',2,NULL,5),(2990,'São José do Alegre',17,'2018-02-02 15:06:15','2019-04-22 18:06:02',2,NULL,5),(2991,'São José do Divino',17,'2018-02-02 15:06:15','2019-04-22 18:06:02',2,NULL,5),(2992,'São José do Goiabal',17,'2018-02-02 15:06:15','2019-04-22 18:06:03',2,NULL,5),(2993,'São José do Jacuri',17,'2018-02-02 15:06:16','2019-04-22 18:06:03',2,NULL,5),(2994,'São José do Mantimento',17,'2018-02-02 15:06:16','2019-04-22 18:06:03',2,NULL,5),(2995,'São Lourenço',17,'2018-02-02 15:06:17','2019-04-22 18:06:04',2,NULL,5),(2996,'São Miguel do Anta',17,'2018-02-02 15:06:17','2019-04-22 18:06:04',2,NULL,5),(2997,'São Pedro da União',17,'2018-02-02 15:06:17','2019-04-22 18:06:04',2,NULL,5),(2998,'São Pedro dos Ferros',17,'2018-02-02 15:06:18','2019-04-22 18:06:05',2,NULL,5),(2999,'São Pedro do Suaçuí',17,'2018-02-02 15:06:18','2019-04-22 18:06:05',2,NULL,5),(3000,'São Romão',17,'2018-02-02 15:06:18','2019-04-22 18:06:05',2,NULL,5),(3001,'São Roque de Minas',17,'2018-02-02 15:06:19','2019-04-22 18:06:06',2,NULL,5),(3002,'São Sebastião da Bela Vista',17,'2018-02-02 15:06:19','2019-04-22 18:06:06',2,NULL,5),(3003,'São Sebastião da Vargem Alegre',17,'2018-02-02 15:06:19','2019-04-22 18:06:06',2,NULL,5),(3004,'São Sebastião do Anta',17,'2018-02-02 15:06:20','2019-04-22 18:06:07',2,NULL,5),(3005,'São Sebastião do Maranhão',17,'2018-02-02 15:06:20','2019-04-22 18:06:07',2,NULL,5),(3006,'São Sebastião do Oeste',17,'2018-02-02 15:06:20','2019-04-22 18:06:08',2,NULL,5),(3007,'São Sebastião do Paraíso',17,'2018-02-02 15:06:21','2019-04-22 18:06:08',2,NULL,5),(3008,'São Sebastião do Rio Preto',17,'2018-02-02 15:06:21','2019-04-22 18:06:08',2,NULL,5),(3009,'São Sebastião do Rio Verde',17,'2018-02-02 15:06:21','2019-04-22 18:06:09',2,NULL,5),(3010,'São Tiago',17,'2018-02-02 15:06:22','2019-04-22 18:06:09',2,NULL,5),(3011,'São Tomás de Aquino',17,'2018-02-02 15:06:22','2019-04-22 18:06:09',2,NULL,5),(3012,'São Thomé das Letras',17,'2018-02-02 15:06:22','2019-04-22 18:06:10',2,NULL,5),(3013,'São Vicente de Minas',17,'2018-02-02 15:06:23','2019-04-22 18:06:10',2,NULL,5),(3014,'Sapucaí-Mirim',17,'2018-02-02 15:06:23','2019-04-22 18:06:10',2,NULL,5),(3015,'Sardoá',17,'2018-02-02 15:06:23','2019-04-22 18:06:11',2,NULL,5),(3016,'Sarzedo',17,'2018-02-02 15:06:24','2019-04-22 18:06:11',2,NULL,5),(3017,'Setubinha',17,'2018-02-02 15:06:24','2019-04-22 18:06:11',2,NULL,5),(3018,'Sem-Peixe',17,'2018-02-02 15:06:25','2019-04-22 18:06:12',2,NULL,5),(3019,'Senador Amaral',17,'2018-02-02 15:06:25','2019-04-22 18:06:12',2,NULL,5),(3020,'Senador Cortes',17,'2018-02-02 15:06:25','2019-04-22 18:06:13',2,NULL,5),(3021,'Senador Firmino',17,'2018-02-02 15:06:26','2019-04-22 18:06:13',2,NULL,5),(3022,'Senador José Bento',17,'2018-02-02 15:06:26','2019-04-22 18:06:13',2,NULL,5),(3023,'Senador Modestino Gonçalves',17,'2018-02-02 15:06:26','2019-04-22 18:06:14',2,NULL,5),(3024,'Senhora de Oliveira',17,'2018-02-02 15:06:27','2019-04-22 18:06:14',2,NULL,5),(3025,'Senhora do Porto',17,'2018-02-02 15:06:27','2019-04-22 18:06:14',2,NULL,5),(3026,'Senhora dos Remédios',17,'2018-02-02 15:06:27','2019-04-22 18:06:15',2,NULL,5),(3027,'Sericita',17,'2018-02-02 15:06:28','2019-04-22 18:06:15',2,NULL,5),(3028,'Seritinga',17,'2018-02-02 15:06:28','2019-04-22 18:06:15',2,NULL,5),(3029,'Serra Azul de Minas',17,'2018-02-02 15:06:28','2019-04-22 18:06:16',2,NULL,5),(3030,'Serra da Saudade',17,'2018-02-02 15:06:29','2019-04-22 18:06:16',2,NULL,5),(3031,'Serra dos Aimorés',17,'2018-02-02 15:06:29','2019-04-22 18:06:17',2,NULL,5),(3032,'Serra do Salitre',17,'2018-02-02 15:06:29','2019-04-22 18:06:17',2,NULL,5),(3033,'Serrania',17,'2018-02-02 15:06:30','2019-04-22 18:06:17',2,NULL,5),(3034,'Serranópolis de Minas',17,'2018-02-02 15:06:30','2019-04-22 18:06:18',2,NULL,5),(3035,'Serranos',17,'2018-02-02 15:06:30','2019-04-22 18:06:18',2,NULL,5),(3036,'Serro',17,'2018-02-02 15:06:31','2019-04-22 18:06:18',2,NULL,5),(3037,'Sete Lagoas',17,'2018-02-02 15:06:31','2019-04-22 18:06:19',2,NULL,5),(3038,'Silveirânia',17,'2018-02-02 15:06:32','2019-04-22 18:06:19',2,NULL,5),(3039,'Silvianópolis',17,'2018-02-02 15:06:32','2019-04-22 18:06:19',2,NULL,5),(3040,'Simão Pereira',17,'2018-02-02 15:06:32','2019-04-22 18:06:20',2,NULL,5),(3041,'Simonésia',17,'2018-02-02 15:06:33','2019-04-22 18:06:20',2,NULL,5),(3042,'Sobrália',17,'2018-02-02 15:06:33','2019-04-22 18:06:20',2,NULL,5),(3043,'Soledade de Minas',17,'2018-02-02 15:06:33','2019-04-22 18:06:21',2,NULL,5),(3044,'Tabuleiro',17,'2018-02-02 15:06:34','2019-04-22 18:06:21',2,NULL,5),(3045,'Taiobeiras',17,'2018-02-02 15:06:34','2019-04-22 18:06:22',2,NULL,5),(3046,'Taparuba',17,'2018-02-02 15:06:34','2019-04-22 18:06:22',2,NULL,5),(3047,'Tapira',17,'2018-02-02 15:06:35','2019-04-22 18:06:22',2,NULL,5),(3048,'Tapiraí',17,'2018-02-02 15:06:35','2019-04-22 18:06:23',2,NULL,5),(3049,'Taquaraçu de Minas',17,'2018-02-02 15:06:35','2019-04-22 18:06:23',2,NULL,5),(3050,'Tarumirim',17,'2018-02-02 15:06:36','2019-04-22 18:06:23',2,NULL,5),(3051,'Teixeiras',17,'2018-02-02 15:06:36','2019-04-22 18:06:24',2,NULL,5),(3052,'Teófilo Otoni',17,'2018-02-02 15:06:36','2019-04-22 18:06:24',2,NULL,5),(3053,'Timóteo',17,'2018-02-02 15:06:37','2019-04-22 18:06:24',2,NULL,5),(3054,'Tiradentes',17,'2018-02-02 15:06:37','2019-04-22 18:06:25',2,NULL,5),(3055,'Tiros',17,'2018-02-02 15:06:37','2019-04-22 18:06:25',2,NULL,5),(3056,'Tocantins',17,'2018-02-02 15:06:38','2019-04-22 18:06:26',2,NULL,5),(3057,'Tocos do Moji',17,'2018-02-02 15:06:38','2019-04-22 18:06:26',2,NULL,5),(3058,'Toledo',17,'2018-02-02 15:06:39','2019-04-22 18:06:26',2,NULL,5),(3059,'Tombos',17,'2018-02-02 15:06:39','2019-04-22 18:06:27',2,NULL,5),(3060,'Três Corações',17,'2018-02-02 15:06:40','2019-04-22 18:06:27',2,NULL,5),(3061,'Três Marias',17,'2018-02-02 15:06:40','2019-04-22 18:06:27',2,NULL,5),(3062,'Três Pontas',17,'2018-02-02 15:06:41','2019-04-22 18:06:28',2,NULL,5),(3063,'Tumiritinga',17,'2018-02-02 15:06:41','2019-04-22 18:06:28',2,NULL,5),(3064,'Tupaciguara',17,'2018-02-02 15:06:41','2019-04-22 18:06:28',2,NULL,5),(3065,'Turmalina',17,'2018-02-02 15:06:42','2019-04-22 18:06:29',2,NULL,5),(3066,'Turvolândia',17,'2018-02-02 15:06:42','2019-04-22 18:06:29',2,NULL,5),(3067,'Ubá',17,'2018-02-02 15:06:42','2019-04-22 18:06:29',2,NULL,5),(3068,'Ubaí',17,'2018-02-02 15:06:43','2019-04-22 18:06:30',2,NULL,5),(3069,'Ubaporanga',17,'2018-02-02 15:06:43','2019-04-22 18:06:30',2,NULL,5),(3070,'Uberaba',17,'2018-02-02 15:06:43','2019-04-22 18:06:31',2,NULL,5),(3071,'Uberlândia',17,'2018-02-02 15:06:44','2019-04-22 18:06:31',2,NULL,5),(3072,'Umburatiba',17,'2018-02-02 15:06:44','2019-04-22 18:06:31',2,NULL,5),(3073,'Unaí',17,'2018-02-02 15:06:44','2019-04-22 18:06:32',2,NULL,5),(3074,'União de Minas',17,'2018-02-02 15:06:45','2019-04-22 18:06:32',2,NULL,5),(3075,'Uruana de Minas',17,'2018-02-02 15:06:45','2019-04-22 18:06:32',2,NULL,5),(3076,'Urucânia',17,'2018-02-02 15:06:46','2019-04-22 18:06:33',2,NULL,5),(3077,'Urucuia',17,'2018-02-02 15:06:46','2019-04-22 18:06:33',2,NULL,5),(3078,'Vargem Alegre',17,'2018-02-02 15:06:46','2019-04-22 18:06:33',2,NULL,5),(3079,'Vargem Bonita',17,'2018-02-02 15:06:47','2019-04-22 18:06:34',2,NULL,5),(3080,'Vargem Grande do Rio Pardo',17,'2018-02-02 15:06:47','2019-04-22 18:06:34',2,NULL,5),(3081,'Varginha',17,'2018-02-02 15:06:47','2019-04-22 18:06:34',2,NULL,5),(3082,'Varjão de Minas',17,'2018-02-02 15:06:48','2019-04-22 18:06:35',2,NULL,5),(3083,'Várzea da Palma',17,'2018-02-02 15:06:48','2019-04-22 18:06:35',2,NULL,5),(3084,'Varzelândia',17,'2018-02-02 15:06:48','2019-04-22 18:06:36',2,NULL,5),(3085,'Vazante',17,'2018-02-02 15:06:49','2019-04-22 18:06:36',2,NULL,5),(3086,'Verdelândia',17,'2018-02-02 15:06:49','2019-04-22 18:06:36',2,NULL,5),(3087,'Veredinha',17,'2018-02-02 15:06:49','2019-04-22 18:06:37',2,NULL,5),(3088,'Veríssimo',17,'2018-02-02 15:06:50','2019-04-22 18:06:37',2,NULL,5),(3089,'Vermelho Novo',17,'2018-02-02 15:06:50','2019-04-22 18:06:37',2,NULL,5),(3090,'Vespasiano',17,'2018-02-02 15:06:50','2019-04-22 18:06:38',2,NULL,5),(3091,'Viçosa',17,'2018-02-02 15:06:51','2019-04-22 18:06:38',2,NULL,5),(3092,'Vieiras',17,'2018-02-02 15:06:51','2019-04-22 18:06:38',2,NULL,5),(3093,'Mathias Lobato',17,'2018-02-02 15:06:51','2019-04-22 18:06:39',2,NULL,5),(3094,'Virgem da Lapa',17,'2018-02-02 15:06:52','2019-04-22 18:06:39',2,NULL,5),(3095,'Virgínia',17,'2018-02-02 15:06:52','2019-04-22 18:06:40',2,NULL,5),(3096,'Virginópolis',17,'2018-02-02 15:06:52','2019-04-22 18:06:40',2,NULL,5),(3097,'Virgolândia',17,'2018-02-02 15:06:53','2019-04-22 18:06:40',2,NULL,5),(3098,'Visconde do Rio Branco',17,'2018-02-02 15:06:53','2019-04-22 18:06:41',2,NULL,5),(3099,'Volta Grande',17,'2018-02-02 15:06:54','2019-04-22 18:06:41',2,NULL,5),(3100,'Wenceslau Braz',17,'2018-02-02 15:06:54','2019-04-22 18:06:41',2,NULL,5),(3101,'Afonso Cláudio',12,'2018-02-02 15:07:26','2019-04-22 18:06:42',2,NULL,5),(3102,'Águia Branca',12,'2018-02-02 15:07:26','2019-04-22 18:06:42',2,NULL,5),(3103,'Água Doce do Norte',12,'2018-02-02 15:07:26','2019-04-22 18:06:42',2,NULL,5),(3104,'Alegre',12,'2018-02-02 15:07:27','2019-04-22 18:06:43',2,NULL,5),(3105,'Alfredo Chaves',12,'2018-02-02 15:07:27','2019-04-22 18:06:43',2,NULL,5),(3106,'Alto Rio Novo',12,'2018-02-02 15:07:27','2019-04-22 18:06:43',2,NULL,5),(3107,'Anchieta',12,'2018-02-02 15:07:28','2019-04-22 18:06:44',2,NULL,5),(3108,'Apiacá',12,'2018-02-02 15:07:28','2019-04-22 18:06:44',2,NULL,5),(3109,'Aracruz',12,'2018-02-02 15:07:29','2019-04-22 18:06:45',2,NULL,5),(3110,'Atilio Vivacqua',12,'2018-02-02 15:07:29','2019-04-22 18:06:45',2,NULL,5),(3111,'Baixo Guandu',12,'2018-02-02 15:07:29','2019-04-22 18:06:45',2,NULL,5),(3112,'Barra de São Francisco',12,'2018-02-02 15:07:30','2019-04-22 18:06:46',2,NULL,5),(3113,'Boa Esperança',12,'2018-02-02 15:07:30','2019-04-22 18:06:46',2,NULL,5),(3114,'Bom Jesus do Norte',12,'2018-02-02 15:07:30','2019-04-22 18:06:46',2,NULL,5),(3115,'Brejetuba',12,'2018-02-02 15:07:31','2019-04-22 18:06:47',2,NULL,5),(3116,'Cachoeiro de Itapemirim',12,'2018-02-02 15:07:31','2019-04-22 18:06:47',2,NULL,5),(3117,'Cariacica',12,'2018-02-02 15:07:31','2019-04-22 18:06:47',2,NULL,5),(3118,'Castelo',12,'2018-02-02 15:07:32','2019-04-22 18:06:48',2,NULL,5),(3119,'Colatina',12,'2018-02-02 15:07:32','2019-04-22 18:06:48',2,NULL,5),(3120,'Conceição da Barra',12,'2018-02-02 15:07:32','2019-04-22 18:06:49',2,NULL,5),(3121,'Conceição do Castelo',12,'2018-02-02 15:07:33','2019-04-22 18:06:49',2,NULL,5),(3122,'Divino de São Lourenço',12,'2018-02-02 15:07:33','2019-04-22 18:06:49',2,NULL,5),(3123,'Domingos Martins',12,'2018-02-02 15:07:34','2019-04-22 18:06:50',2,NULL,5),(3124,'Dores do Rio Preto',12,'2018-02-02 15:07:34','2019-04-22 18:06:50',2,NULL,5),(3125,'Ecoporanga',12,'2018-02-02 15:07:34','2019-04-22 18:06:50',2,NULL,5),(3126,'Fundão',12,'2018-02-02 15:07:35','2019-04-22 18:06:51',2,NULL,5),(3127,'Governador Lindenberg',12,'2018-02-02 15:07:35','2019-04-22 18:06:51',2,NULL,5),(3128,'Guaçuí',12,'2018-02-02 15:07:35','2019-04-22 18:06:51',2,NULL,5),(3129,'Guarapari',12,'2018-02-02 15:07:36','2019-04-22 18:06:52',2,NULL,5),(3130,'Ibatiba',12,'2018-02-02 15:07:36','2019-04-22 18:06:52',2,NULL,5),(3131,'Ibiraçu',12,'2018-02-02 15:07:36','2019-04-22 18:06:52',2,NULL,5),(3132,'Ibitirama',12,'2018-02-02 15:07:37','2019-04-22 18:06:53',2,NULL,5),(3133,'Iconha',12,'2018-02-02 15:07:37','2019-04-22 18:06:53',2,NULL,5),(3134,'Irupi',12,'2018-02-02 15:07:37','2019-04-22 18:06:54',2,NULL,5),(3135,'Itaguaçu',12,'2018-02-02 15:07:38','2019-04-22 18:06:54',2,NULL,5),(3136,'Itapemirim',12,'2018-02-02 15:07:38','2019-04-22 18:06:54',2,NULL,5),(3137,'Itarana',12,'2018-02-02 15:07:38','2019-04-22 18:06:55',2,NULL,5),(3138,'Iúna',12,'2018-02-02 15:07:39','2019-04-22 18:06:55',2,NULL,5),(3139,'Jaguaré',12,'2018-02-02 15:07:39','2019-04-22 18:06:55',2,NULL,5),(3140,'Jerônimo Monteiro',12,'2018-02-02 15:07:39','2019-04-22 18:06:56',2,NULL,5),(3141,'João Neiva',12,'2018-02-02 15:07:40','2019-04-22 18:06:56',2,NULL,5),(3142,'Laranja da Terra',12,'2018-02-02 15:07:40','2019-04-22 18:06:56',2,NULL,5),(3143,'Linhares',12,'2018-02-02 15:07:41','2019-04-22 18:06:57',2,NULL,5),(3144,'Mantenópolis',12,'2018-02-02 15:07:41','2019-04-22 18:06:57',2,NULL,5),(3145,'Marataízes',12,'2018-02-02 15:07:41','2019-04-22 18:06:58',2,NULL,5),(3146,'Marechal Floriano',12,'2018-02-02 15:07:42','2019-04-22 18:06:58',2,NULL,5),(3147,'Marilândia',12,'2018-02-02 15:07:42','2019-04-22 18:06:58',2,NULL,5),(3148,'Mimoso do Sul',12,'2018-02-02 15:07:42','2019-04-22 18:06:59',2,NULL,5),(3149,'Montanha',12,'2018-02-02 15:07:43','2019-04-22 18:06:59',2,NULL,5),(3150,'Mucurici',12,'2018-02-02 15:07:43','2019-04-22 18:06:59',2,NULL,5),(3151,'Muniz Freire',12,'2018-02-02 15:07:43','2019-04-22 18:07:00',2,NULL,5),(3152,'Muqui',12,'2018-02-02 15:07:44','2019-04-22 18:07:00',2,NULL,5),(3153,'Nova Venécia',12,'2018-02-02 15:07:44','2019-04-22 18:07:00',2,NULL,5),(3154,'Pancas',12,'2018-02-02 15:07:44','2019-04-22 18:07:01',2,NULL,5),(3155,'Pedro Canário',12,'2018-02-02 15:07:45','2019-04-22 18:07:01',2,NULL,5),(3156,'Pinheiros',12,'2018-02-02 15:07:45','2019-04-22 18:07:01',2,NULL,5),(3157,'Piúma',12,'2018-02-02 15:07:45','2019-04-22 18:07:02',2,NULL,5),(3158,'Ponto Belo',12,'2018-02-02 15:07:46','2019-04-22 18:07:02',2,NULL,5),(3159,'Presidente Kennedy',12,'2018-02-02 15:07:46','2019-04-22 18:07:03',2,NULL,5),(3160,'Rio Bananal',12,'2018-02-02 15:07:46','2019-04-22 18:07:03',2,NULL,5),(3161,'Rio Novo do Sul',12,'2018-02-02 15:07:47','2019-04-22 18:07:03',2,NULL,5),(3162,'Santa Leopoldina',12,'2018-02-02 15:07:47','2019-04-22 18:07:04',2,NULL,5),(3163,'Santa Maria de Jetibá',12,'2018-02-02 15:07:48','2019-04-22 18:07:04',2,NULL,5),(3164,'Santa Teresa',12,'2018-02-02 15:07:48','2019-04-22 18:07:04',2,NULL,5),(3165,'São Domingos do Norte',12,'2018-02-02 15:07:48','2019-04-22 18:07:05',2,NULL,5),(3166,'São Gabriel da Palha',12,'2018-02-02 15:07:49','2019-04-22 18:07:05',2,NULL,5),(3167,'São José do Calçado',12,'2018-02-02 15:07:49','2019-04-22 18:07:05',2,NULL,5),(3168,'São Mateus',12,'2018-02-02 15:07:49','2019-04-22 18:07:06',2,NULL,5),(3169,'São Roque do Canaã',12,'2018-02-02 15:07:50','2019-04-22 18:07:06',2,NULL,5),(3170,'Serra',12,'2018-02-02 15:07:50','2019-04-22 18:07:06',2,NULL,5),(3171,'Sooretama',12,'2018-02-02 15:07:50','2019-04-22 18:07:07',2,NULL,5),(3172,'Vargem Alta',12,'2018-02-02 15:07:51','2019-04-22 18:07:07',2,NULL,5),(3173,'Venda Nova do Imigrante',12,'2018-02-02 15:07:51','2019-04-22 18:07:08',2,NULL,5),(3174,'Viana',12,'2018-02-02 15:07:51','2019-04-22 18:07:08',2,NULL,5),(3175,'Vila Pavão',12,'2018-02-02 15:07:52','2019-04-22 18:07:08',2,NULL,5),(3176,'Vila Valério',12,'2018-02-02 15:07:52','2019-04-22 18:07:09',2,NULL,5),(3177,'Vila Velha',12,'2018-02-02 15:07:52','2019-04-22 18:07:09',2,NULL,5),(3178,'Vitória',12,'2018-02-02 15:07:53','2019-04-22 18:07:09',2,NULL,5),(3179,'Angra dos Reis',23,'2018-02-02 15:08:47','2019-04-22 18:07:10',2,NULL,5),(3180,'Aperibé',23,'2018-02-02 15:08:47','2019-04-22 18:07:10',2,NULL,5),(3181,'Araruama',23,'2018-02-02 15:08:47','2019-04-22 18:07:10',2,NULL,5),(3182,'Areal',23,'2018-02-02 15:08:48','2019-04-22 18:07:11',2,NULL,5),(3183,'Armação dos Búzios',23,'2018-02-02 15:08:48','2019-04-22 18:07:11',2,NULL,5),(3184,'Arraial do Cabo',23,'2018-02-02 15:08:49','2019-04-22 18:07:11',2,NULL,5),(3185,'Barra do Piraí',23,'2018-02-02 15:08:49','2019-04-22 18:07:12',2,NULL,5),(3186,'Barra Mansa',23,'2018-02-02 15:08:49','2019-04-22 18:07:12',2,NULL,5),(3187,'Belford Roxo',23,'2018-02-02 15:08:50','2019-04-22 18:07:13',2,NULL,5),(3188,'Bom Jardim',23,'2018-02-02 15:08:50','2019-04-22 18:07:13',2,NULL,5),(3189,'Bom Jesus do Itabapoana',23,'2018-02-02 15:08:50','2019-04-22 18:07:13',2,NULL,5),(3190,'Cabo Frio',23,'2018-02-02 15:08:51','2019-04-22 18:07:14',2,NULL,5),(3191,'Cachoeiras de Macacu',23,'2018-02-02 15:08:51','2019-04-22 18:07:14',2,NULL,5),(3192,'Cambuci',23,'2018-02-02 15:08:51','2019-04-22 18:07:14',2,NULL,5),(3193,'Carapebus',23,'2018-02-02 15:08:52','2019-04-22 18:07:15',2,NULL,5),(3194,'Comendador Levy Gasparian',23,'2018-02-02 15:08:52','2019-04-22 18:07:15',2,NULL,5),(3195,'Campos dos Goytacazes',23,'2018-02-02 15:08:52','2019-04-22 18:07:15',2,NULL,5),(3196,'Cantagalo',23,'2018-02-02 15:08:53','2019-04-22 18:07:16',2,NULL,5),(3197,'Cardoso Moreira',23,'2018-02-02 15:08:53','2019-04-22 18:07:16',2,NULL,5),(3198,'Carmo',23,'2018-02-02 15:08:53','2019-04-22 18:07:16',2,NULL,5),(3199,'Casimiro de Abreu',23,'2018-02-02 15:08:54','2019-04-22 18:07:17',2,NULL,5),(3200,'Conceição de Macabu',23,'2018-02-02 15:08:54','2019-04-22 18:07:17',2,NULL,5),(3201,'Cordeiro',23,'2018-02-02 15:08:54','2019-04-22 18:07:18',2,NULL,5),(3202,'Duas Barras',23,'2018-02-02 15:08:55','2019-04-22 18:07:18',2,NULL,5),(3203,'Duque de Caxias',23,'2018-02-02 15:08:55','2019-04-22 18:07:18',2,NULL,5),(3204,'Engenheiro Paulo de Frontin',23,'2018-02-02 15:08:56','2019-04-22 18:07:19',2,NULL,5),(3205,'Guapimirim',23,'2018-02-02 15:08:56','2019-04-22 18:07:19',2,NULL,5),(3206,'Iguaba Grande',23,'2018-02-02 15:08:56','2019-04-22 18:07:19',2,NULL,5),(3207,'Itaboraí',23,'2018-02-02 15:08:57','2019-04-22 18:07:20',2,NULL,5),(3208,'Itaguaí',23,'2018-02-02 15:08:57','2019-04-22 18:07:20',2,NULL,5),(3209,'Italva',23,'2018-02-02 15:08:57','2019-04-22 18:07:20',2,NULL,5),(3210,'Itaocara',23,'2018-02-02 15:08:58','2019-04-22 18:07:21',2,NULL,5),(3211,'Itaperuna',23,'2018-02-02 15:08:58','2019-04-22 18:07:21',2,NULL,5),(3212,'Itatiaia',23,'2018-02-02 15:08:58','2019-04-22 18:07:21',2,NULL,5),(3213,'Japeri',23,'2018-02-02 15:08:59','2019-04-22 18:07:22',2,NULL,5),(3214,'Laje do Muriaé',23,'2018-02-02 15:08:59','2019-04-22 18:07:22',2,NULL,5),(3215,'Macaé',23,'2018-02-02 15:08:59','2019-04-22 18:07:23',2,NULL,5),(3216,'Macuco',23,'2018-02-02 15:09:00','2019-04-22 18:07:23',2,NULL,5),(3217,'Magé',23,'2018-02-02 15:09:00','2019-04-22 18:07:23',2,NULL,5),(3218,'Mangaratiba',23,'2018-02-02 15:09:00','2019-04-22 18:07:24',2,NULL,5),(3219,'Maricá',23,'2018-02-02 15:09:01','2019-04-22 18:07:24',2,NULL,5),(3220,'Mendes',23,'2018-02-02 15:09:01','2019-04-22 18:07:24',2,NULL,5),(3221,'Mesquita',23,'2018-02-02 15:09:01','2019-04-22 18:07:25',2,NULL,5),(3222,'Miguel Pereira',23,'2018-02-02 15:09:02','2019-04-22 18:07:25',2,NULL,5),(3223,'Miracema',23,'2018-02-02 15:09:02','2019-04-22 18:07:25',2,NULL,5),(3224,'Natividade',23,'2018-02-02 15:09:02','2019-04-22 18:07:26',2,NULL,5),(3225,'Nilópolis',23,'2018-02-02 15:09:03','2019-04-22 18:07:26',2,NULL,5),(3226,'Niterói',23,'2018-02-02 15:09:03','2019-04-22 18:07:27',2,NULL,5),(3227,'Nova Friburgo',23,'2018-02-02 15:09:04','2019-04-22 18:07:27',2,NULL,5),(3228,'Nova Iguaçu',23,'2018-02-02 15:09:04','2019-04-22 18:07:27',2,NULL,5),(3229,'Paracambi',23,'2018-02-02 15:09:04','2019-04-22 18:07:28',2,NULL,5),(3230,'Paraíba do Sul',23,'2018-02-02 15:09:05','2019-04-22 18:07:28',2,NULL,5),(3231,'Paraty',23,'2018-02-02 15:09:05','2019-04-22 18:07:28',2,NULL,5),(3232,'Paty do Alferes',23,'2018-02-02 15:09:05','2019-04-22 18:07:29',2,NULL,5),(3233,'Petrópolis',23,'2018-02-02 15:09:06','2019-04-22 18:07:29',2,NULL,5),(3234,'Pinheiral',23,'2018-02-02 15:09:06','2019-04-22 18:07:29',2,NULL,5),(3235,'Piraí',23,'2018-02-02 15:09:06','2019-04-22 18:07:30',2,NULL,5),(3236,'Porciúncula',23,'2018-02-02 15:09:07','2019-04-22 18:07:30',2,NULL,5),(3237,'Porto Real',23,'2018-02-02 15:09:07','2019-04-22 18:07:30',2,NULL,5),(3238,'Quatis',23,'2018-02-02 15:09:07','2019-04-22 18:07:31',2,NULL,5),(3239,'Queimados',23,'2018-02-02 15:09:08','2019-04-22 18:07:31',2,NULL,5),(3240,'Quissamã',23,'2018-02-02 15:09:08','2019-04-22 18:07:32',2,NULL,5),(3241,'Resende',23,'2018-02-02 15:09:08','2019-04-22 18:07:32',2,NULL,5),(3242,'Rio Bonito',23,'2018-02-02 15:09:09','2019-04-22 18:07:32',2,NULL,5),(3243,'Rio Claro',23,'2018-02-02 15:09:09','2019-04-22 18:07:33',2,NULL,5),(3244,'Rio das Flores',23,'2018-02-02 15:09:09','2019-04-22 18:07:33',2,NULL,5),(3245,'Rio das Ostras',23,'2018-02-02 15:09:10','2019-04-22 18:07:33',2,NULL,5),(3246,'Rio de Janeiro',23,'2018-02-02 15:09:10','2019-04-22 18:07:34',2,NULL,5),(3247,'Santa Maria Madalena',23,'2018-02-02 15:09:10','2019-04-22 18:07:34',2,NULL,5),(3248,'Santo Antônio de Pádua',23,'2018-02-02 15:09:11','2019-04-22 18:07:34',2,NULL,5),(3249,'São Francisco de Itabapoana',23,'2018-02-02 15:09:11','2019-04-22 18:07:35',2,NULL,5),(3250,'São Fidélis',23,'2018-02-02 15:09:12','2019-04-22 18:07:35',2,NULL,5),(3251,'São Gonçalo',23,'2018-02-02 15:09:12','2019-04-22 18:07:35',2,NULL,5),(3252,'São João da Barra',23,'2018-02-02 15:09:12','2019-04-22 18:07:36',2,NULL,5),(3253,'São João de Meriti',23,'2018-02-02 15:09:13','2019-04-22 18:07:36',2,NULL,5),(3254,'São José de Ubá',23,'2018-02-02 15:09:13','2019-04-22 18:07:37',2,NULL,5),(3255,'São José do Vale do Rio Preto',23,'2018-02-02 15:09:13','2019-04-22 18:07:37',2,NULL,5),(3256,'São Pedro da Aldeia',23,'2018-02-02 15:09:14','2019-04-22 18:07:37',2,NULL,5),(3257,'São Sebastião do Alto',23,'2018-02-02 15:09:14','2019-04-22 18:07:38',2,NULL,5),(3258,'Sapucaia',23,'2018-02-02 15:09:14','2019-04-22 18:07:38',2,NULL,5),(3259,'Saquarema',23,'2018-02-02 15:09:15','2019-04-22 18:07:38',2,NULL,5),(3260,'Seropédica',23,'2018-02-02 15:09:15','2019-04-22 18:07:39',2,NULL,5),(3261,'Silva Jardim',23,'2018-02-02 15:09:15','2019-04-22 18:07:39',2,NULL,5),(3262,'Sumidouro',23,'2018-02-02 15:09:16','2019-04-22 18:07:39',2,NULL,5),(3263,'Tanguá',23,'2018-02-02 15:09:16','2019-04-22 18:07:40',2,NULL,5),(3264,'Teresópolis',23,'2018-02-02 15:09:16','2019-04-22 18:07:40',2,NULL,5),(3265,'Trajano de Moraes',23,'2018-02-02 15:09:17','2019-04-22 18:07:40',2,NULL,5),(3266,'Três Rios',23,'2018-02-02 15:09:17','2019-04-22 18:07:41',2,NULL,5),(3267,'Valença',23,'2018-02-02 15:09:17','2019-04-22 18:07:41',2,NULL,5),(3268,'Varre-Sai',23,'2018-02-02 15:09:18','2019-04-22 18:07:42',2,NULL,5),(3269,'Vassouras',23,'2018-02-02 15:09:18','2019-04-22 18:07:42',2,NULL,5),(3270,'Volta Redonda',23,'2018-02-02 15:09:19','2019-04-22 18:07:42',2,NULL,5),(3271,'Adamantina',29,'2018-02-02 15:09:54','2019-04-22 18:07:43',2,NULL,5),(3272,'Adolfo',29,'2018-02-02 15:09:55','2019-04-22 18:07:43',2,NULL,5),(3273,'Aguaí',29,'2018-02-02 15:09:55','2019-04-22 18:07:43',2,NULL,5),(3274,'Águas da Prata',29,'2018-02-02 15:09:55','2019-04-22 18:07:44',2,NULL,5),(3275,'Águas de Lindóia',29,'2018-02-02 15:09:56','2019-04-22 18:07:44',2,NULL,5),(3276,'Águas de Santa Bárbara',29,'2018-02-02 15:09:56','2019-04-22 18:07:44',2,NULL,5),(3277,'Águas de São Pedro',29,'2018-02-02 15:09:56','2019-04-22 18:07:45',2,NULL,5),(3278,'Agudos',29,'2018-02-02 15:09:57','2019-04-22 18:07:45',2,NULL,5),(3279,'Alambari',29,'2018-02-02 15:09:57','2019-04-22 18:07:45',2,NULL,5),(3280,'Alfredo Marcondes',29,'2018-02-02 15:09:57','2019-04-22 18:07:46',2,NULL,5),(3281,'Altair',29,'2018-02-02 15:09:58','2019-04-22 18:07:46',2,NULL,5),(3282,'Altinópolis',29,'2018-02-02 15:09:58','2019-04-22 18:07:47',2,NULL,5),(3283,'Alto Alegre',29,'2018-02-02 15:09:59','2019-04-22 18:07:47',2,NULL,5),(3284,'Alumínio',29,'2018-02-02 15:09:59','2019-04-22 18:07:47',2,NULL,5),(3285,'Álvares Florence',29,'2018-02-02 15:09:59','2019-04-22 18:07:48',2,NULL,5),(3286,'Álvares Machado',29,'2018-02-02 15:10:00','2019-04-22 18:07:48',2,NULL,5),(3287,'Álvaro de Carvalho',29,'2018-02-02 15:10:00','2019-04-22 18:07:48',2,NULL,5),(3288,'Alvinlândia',29,'2018-02-02 15:10:00','2019-04-22 18:07:49',2,NULL,5),(3289,'Americana',29,'2018-02-02 15:10:01','2019-04-22 18:07:49',2,NULL,5),(3290,'Américo Brasiliense',29,'2018-02-02 15:10:01','2019-04-22 18:07:49',2,NULL,5),(3291,'Américo de Campos',29,'2018-02-02 15:10:01','2019-04-22 18:07:50',2,NULL,5),(3292,'Amparo',29,'2018-02-02 15:10:02','2019-04-22 18:07:50',2,NULL,5),(3293,'Analândia',29,'2018-02-02 15:10:02','2019-04-22 18:07:50',2,NULL,5),(3294,'Andradina',29,'2018-02-02 15:10:02','2019-04-22 18:07:51',2,NULL,5),(3295,'Angatuba',29,'2018-02-02 15:10:03','2019-04-22 18:07:51',2,NULL,5),(3296,'Anhembi',29,'2018-02-02 15:10:03','2019-04-22 18:07:52',2,NULL,5),(3297,'Anhumas',29,'2018-02-02 15:10:03','2019-04-22 18:07:52',2,NULL,5),(3298,'Aparecida',29,'2018-02-02 15:10:04','2019-04-22 18:07:52',2,NULL,5),(3299,'Aparecida D\'Oeste',29,'2018-02-02 15:10:04','2019-04-22 18:07:53',2,NULL,5),(3300,'Apiaí',29,'2018-02-02 15:10:04','2019-04-22 18:07:53',2,NULL,5),(3301,'Araçariguama',29,'2018-02-02 15:10:05','2019-04-22 18:07:53',2,NULL,5),(3302,'Araçatuba',29,'2018-02-02 15:10:05','2019-04-22 18:07:54',2,NULL,5),(3303,'Araçoiaba da Serra',29,'2018-02-02 15:10:05','2019-04-22 18:07:54',2,NULL,5),(3304,'Aramina',29,'2018-02-02 15:10:06','2019-04-22 18:07:54',2,NULL,5),(3305,'Arandu',29,'2018-02-02 15:10:06','2019-04-22 18:07:55',2,NULL,5),(3306,'Arapeí',29,'2018-02-02 15:10:07','2019-04-22 18:07:55',2,NULL,5),(3307,'Araraquara',29,'2018-02-02 15:10:07','2019-04-22 18:07:56',2,NULL,5),(3308,'Araras',29,'2018-02-02 15:10:07','2019-04-22 18:07:56',2,NULL,5),(3309,'Arco-Íris',29,'2018-02-02 15:10:08','2019-04-22 18:07:56',2,NULL,5),(3310,'Arealva',29,'2018-02-02 15:10:08','2019-04-22 18:07:57',2,NULL,5),(3311,'Areias',29,'2018-02-02 15:10:08','2019-04-22 18:07:57',2,NULL,5),(3312,'Areiópolis',29,'2018-02-02 15:10:09','2019-04-22 18:07:57',2,NULL,5),(3313,'Ariranha',29,'2018-02-02 15:10:09','2019-04-22 18:07:58',2,NULL,5),(3314,'Artur Nogueira',29,'2018-02-02 15:10:09','2019-04-22 18:07:58',2,NULL,5),(3315,'Arujá',29,'2018-02-02 15:10:10','2019-04-22 18:07:58',2,NULL,5),(3316,'Aspásia',29,'2018-02-02 15:10:10','2019-04-22 18:07:59',2,NULL,5),(3317,'Assis',29,'2018-02-02 15:10:10','2019-04-22 18:07:59',2,NULL,5),(3318,'Atibaia',29,'2018-02-02 15:10:11','2019-04-22 18:07:59',2,NULL,5),(3319,'Auriflama',29,'2018-02-02 15:10:11','2019-04-22 18:08:00',2,NULL,5),(3320,'Avaí',29,'2018-02-02 15:10:11','2019-04-22 18:08:00',2,NULL,5),(3321,'Avanhandava',29,'2018-02-02 15:10:12','2019-04-22 18:08:01',2,NULL,5),(3322,'Avaré',29,'2018-02-02 15:10:12','2019-04-22 18:08:01',2,NULL,5),(3323,'Bady Bassitt',29,'2018-02-02 15:10:13','2019-04-22 18:08:01',2,NULL,5),(3324,'Balbinos',29,'2018-02-02 15:10:13','2019-04-22 18:08:02',2,NULL,5),(3325,'Bálsamo',29,'2018-02-02 15:10:13','2019-04-22 18:08:02',2,NULL,5),(3326,'Bananal',29,'2018-02-02 15:10:14','2019-04-22 18:08:02',2,NULL,5),(3327,'Barão de Antonina',29,'2018-02-02 15:10:14','2019-04-22 18:08:03',2,NULL,5),(3328,'Barbosa',29,'2018-02-02 15:10:14','2019-04-22 18:08:03',2,NULL,5),(3329,'Bariri',29,'2018-02-02 15:10:15','2019-04-22 18:08:03',2,NULL,5),(3330,'Barra Bonita',29,'2018-02-02 15:10:15','2019-04-22 18:08:04',2,NULL,5),(3331,'Barra do Chapéu',29,'2018-02-02 15:10:15','2019-04-22 18:08:04',2,NULL,5),(3332,'Barra do Turvo',29,'2018-02-02 15:10:16','2019-04-22 18:08:04',2,NULL,5),(3333,'Barretos',29,'2018-02-02 15:10:16','2019-04-22 18:08:05',2,NULL,5),(3334,'Barrinha',29,'2018-02-02 15:10:16','2019-04-22 18:08:05',2,NULL,5),(3335,'Barueri',29,'2018-02-02 15:10:17','2019-04-22 18:08:06',2,NULL,5),(3336,'Bastos',29,'2018-02-02 15:10:17','2019-04-22 18:08:06',2,NULL,5),(3337,'Batatais',29,'2018-02-02 15:10:17','2019-04-22 18:08:06',2,NULL,5),(3338,'Bauru',29,'2018-02-02 15:10:18','2019-04-22 18:08:07',2,NULL,5),(3339,'Bebedouro',29,'2018-02-02 15:10:18','2019-04-22 18:08:07',2,NULL,5),(3340,'Bento de Abreu',29,'2018-02-02 15:10:19','2019-04-22 18:08:07',2,NULL,5),(3341,'Bernardino de Campos',29,'2018-02-02 15:10:19','2019-04-22 18:08:08',2,NULL,5),(3342,'Bertioga',29,'2018-02-02 15:10:19','2019-04-22 18:08:08',2,NULL,5),(3343,'Bilac',29,'2018-02-02 15:10:20','2019-04-22 18:08:08',2,NULL,5),(3344,'Birigui',29,'2018-02-02 15:10:20','2019-04-22 18:08:09',2,NULL,5),(3345,'Biritiba-Mirim',29,'2018-02-02 15:10:20','2019-04-22 18:08:09',2,NULL,5),(3346,'Boa Esperança do Sul',29,'2018-02-02 15:10:21','2019-04-22 18:08:09',2,NULL,5),(3347,'Bocaina',29,'2018-02-02 15:10:21','2019-04-22 18:08:10',2,NULL,5),(3348,'Bofete',29,'2018-02-02 15:10:21','2019-04-22 18:08:10',2,NULL,5),(3349,'Boituva',29,'2018-02-02 15:10:22','2019-04-22 18:08:11',2,NULL,5),(3350,'Bom Jesus dos Perdões',29,'2018-02-02 15:10:22','2019-04-22 18:08:11',2,NULL,5),(3351,'Bom Sucesso de Itararé',29,'2018-02-02 15:10:22','2019-04-22 18:08:11',2,NULL,5),(3352,'Borá',29,'2018-02-02 15:10:23','2019-04-22 18:08:12',2,NULL,5),(3353,'Boracéia',29,'2018-02-02 15:10:23','2019-04-22 18:08:12',2,NULL,5),(3354,'Borborema',29,'2018-02-02 15:10:23','2019-04-22 18:08:12',2,NULL,5),(3355,'Borebi',29,'2018-02-02 15:10:24','2019-04-22 18:08:13',2,NULL,5),(3356,'Botucatu',29,'2018-02-02 15:10:24','2019-04-22 18:08:13',2,NULL,5),(3357,'Bragança Paulista',29,'2018-02-02 15:10:25','2019-04-22 18:08:13',2,NULL,5),(3358,'Braúna',29,'2018-02-02 15:10:25','2019-04-22 18:08:14',2,NULL,5),(3359,'Brejo Alegre',29,'2018-02-02 15:10:25','2019-04-22 18:08:14',2,NULL,5),(3360,'Brodowski',29,'2018-02-02 15:10:26','2019-04-22 18:08:15',2,NULL,5),(3361,'Brotas',29,'2018-02-02 15:10:26','2019-04-22 18:08:15',2,NULL,5),(3362,'Buri',29,'2018-02-02 15:10:26','2019-04-22 18:08:15',2,NULL,5),(3363,'Buritama',29,'2018-02-02 15:10:27','2019-04-22 18:08:16',2,NULL,5),(3364,'Buritizal',29,'2018-02-02 15:10:27','2019-04-22 18:08:16',2,NULL,5),(3365,'Cabrália Paulista',29,'2018-02-02 15:10:27','2019-04-22 18:08:17',2,NULL,5),(3366,'Cabreúva',29,'2018-02-02 15:10:28','2019-04-22 18:08:17',2,NULL,5),(3367,'Caçapava',29,'2018-02-02 15:10:28','2019-04-22 18:08:17',2,NULL,5),(3368,'Cachoeira Paulista',29,'2018-02-02 15:10:29','2019-04-22 18:08:18',2,NULL,5),(3369,'Caconde',29,'2018-02-02 15:10:29','2019-04-22 18:08:18',2,NULL,5),(3370,'Cafelândia',29,'2018-02-02 15:10:29','2019-04-22 18:08:18',2,NULL,5),(3371,'Caiabu',29,'2018-02-02 15:10:30','2019-04-22 18:08:19',2,NULL,5),(3372,'Caieiras',29,'2018-02-02 15:10:30','2019-04-22 18:08:19',2,NULL,5),(3373,'Caiuá',29,'2018-02-02 15:10:31','2019-04-22 18:08:19',2,NULL,5),(3374,'Cajamar',29,'2018-02-02 15:10:31','2019-04-22 18:08:20',2,NULL,5),(3375,'Cajati',29,'2018-02-02 15:10:31','2019-04-22 18:08:20',2,NULL,5),(3376,'Cajobi',29,'2018-02-02 15:10:32','2019-04-22 18:08:20',2,NULL,5),(3377,'Cajuru',29,'2018-02-02 15:10:32','2019-04-22 18:08:21',2,NULL,5),(3378,'Campina do Monte Alegre',29,'2018-02-02 15:10:32','2019-04-22 18:08:21',2,NULL,5),(3379,'Campinas',29,'2018-02-02 15:10:33','2019-04-22 18:08:22',2,NULL,5),(3380,'Campo Limpo Paulista',29,'2018-02-02 15:10:33','2019-04-22 18:08:22',2,NULL,5),(3381,'Campos do Jordão',29,'2018-02-02 15:10:33','2019-04-22 18:08:22',2,NULL,5),(3382,'Campos Novos Paulista',29,'2018-02-02 15:10:34','2019-04-22 18:08:23',2,NULL,5),(3383,'Cananéia',29,'2018-02-02 15:10:34','2019-04-22 18:08:23',2,NULL,5),(3384,'Canas',29,'2018-02-02 15:10:34','2019-04-22 18:08:23',2,NULL,5),(3385,'Cândido Mota',29,'2018-02-02 15:10:35','2019-04-22 18:08:24',2,NULL,5),(3386,'Cândido Rodrigues',29,'2018-02-02 15:10:35','2019-04-22 18:08:24',2,NULL,5),(3387,'Canitar',29,'2018-02-02 15:10:35','2019-04-22 18:08:24',2,NULL,5),(3388,'Capão Bonito',29,'2018-02-02 15:10:36','2019-04-22 18:08:25',2,NULL,5),(3389,'Capela do Alto',29,'2018-02-02 15:10:36','2019-04-22 18:08:25',2,NULL,5),(3390,'Capivari',29,'2018-02-02 15:10:36','2019-04-22 18:08:26',2,NULL,5),(3391,'Caraguatatuba',29,'2018-02-02 15:10:37','2019-04-22 18:08:26',2,NULL,5),(3392,'Carapicuíba',29,'2018-02-02 15:10:37','2019-04-22 18:08:26',2,NULL,5),(3393,'Cardoso',29,'2018-02-02 15:10:38','2019-04-22 18:08:27',2,NULL,5),(3394,'Casa Branca',29,'2018-02-02 15:10:38','2019-04-22 18:08:27',2,NULL,5),(3395,'Cássia dos Coqueiros',29,'2018-02-02 15:10:38','2019-04-22 18:08:27',2,NULL,5),(3396,'Castilho',29,'2018-02-02 15:10:39','2019-04-22 18:08:28',2,NULL,5),(3397,'Catanduva',29,'2018-02-02 15:10:39','2019-04-22 18:08:28',2,NULL,5),(3398,'Catiguá',29,'2018-02-02 15:10:39','2019-04-22 18:08:28',2,NULL,5),(3399,'Cedral',29,'2018-02-02 15:10:40','2019-04-22 18:08:29',2,NULL,5),(3400,'Cerqueira César',29,'2018-02-02 15:10:40','2019-04-22 18:08:29',2,NULL,5),(3401,'Cerquilho',29,'2018-02-02 15:10:40','2019-04-22 18:08:30',2,NULL,5),(3402,'Cesário Lange',29,'2018-02-02 15:10:41','2019-04-22 18:08:30',2,NULL,5),(3403,'Charqueada',29,'2018-02-02 15:10:41','2019-04-22 18:08:30',2,NULL,5),(3404,'Clementina',29,'2018-02-02 15:10:41','2019-04-22 18:08:31',2,NULL,5),(3405,'Colina',29,'2018-02-02 15:10:42','2019-04-22 18:08:31',2,NULL,5),(3406,'Colômbia',29,'2018-02-02 15:10:42','2019-04-22 18:08:31',2,NULL,5),(3407,'Conchal',29,'2018-02-02 15:10:42','2019-04-22 18:08:32',2,NULL,5),(3408,'Conchas',29,'2018-02-02 15:10:43','2019-04-22 18:08:32',2,NULL,5),(3409,'Cordeirópolis',29,'2018-02-02 15:10:43','2019-04-22 18:08:32',2,NULL,5),(3410,'Coroados',29,'2018-02-02 15:10:43','2019-04-22 18:08:33',2,NULL,5),(3411,'Coronel Macedo',29,'2018-02-02 15:10:44','2019-04-22 18:08:33',2,NULL,5),(3412,'Corumbataí',29,'2018-02-02 15:10:44','2019-04-22 18:08:33',2,NULL,5),(3413,'Cosmópolis',29,'2018-02-02 15:10:44','2019-04-22 18:08:34',2,NULL,5),(3414,'Cosmorama',29,'2018-02-02 15:10:45','2019-04-22 18:08:34',2,NULL,5),(3415,'Cotia',29,'2018-02-02 15:10:45','2019-04-22 18:08:35',2,NULL,5),(3416,'Cravinhos',29,'2018-02-02 15:10:46','2019-04-22 18:08:35',2,NULL,5),(3417,'Cristais Paulista',29,'2018-02-02 15:10:46','2019-04-22 18:08:35',2,NULL,5),(3418,'Cruzália',29,'2018-02-02 15:10:46','2019-04-22 18:08:36',2,NULL,5),(3419,'Cruzeiro',29,'2018-02-02 15:10:47','2019-04-22 18:08:36',2,NULL,5),(3420,'Cubatão',29,'2018-02-02 15:10:47','2019-04-22 18:08:36',2,NULL,5),(3421,'Cunha',29,'2018-02-02 15:10:47','2019-04-22 18:08:37',2,NULL,5),(3422,'Descalvado',29,'2018-02-02 15:10:48','2019-04-22 18:08:37',2,NULL,5),(3423,'Diadema',29,'2018-02-02 15:10:48','2019-04-22 18:08:37',2,NULL,5),(3424,'Dirce Reis',29,'2018-02-02 15:10:48','2019-04-22 18:08:38',2,NULL,5),(3425,'Divinolândia',29,'2018-02-02 15:10:49','2019-04-22 18:08:38',2,NULL,5),(3426,'Dobrada',29,'2018-02-02 15:10:49','2019-04-22 18:08:38',2,NULL,5),(3427,'Dois Córregos',29,'2018-02-02 15:10:49','2019-04-22 18:08:39',2,NULL,5),(3428,'Dolcinópolis',29,'2018-02-02 15:10:50','2019-04-22 18:08:39',2,NULL,5),(3429,'Dourado',29,'2018-02-02 15:10:50','2019-04-22 18:08:40',2,NULL,5),(3430,'Dracena',29,'2018-02-02 15:10:50','2019-04-22 18:08:40',2,NULL,5),(3431,'Duartina',29,'2018-02-02 15:10:51','2019-04-22 18:08:40',2,NULL,5),(3432,'Dumont',29,'2018-02-02 15:10:51','2019-04-22 18:08:41',2,NULL,5),(3433,'Echaporã',29,'2018-02-02 15:10:51','2019-04-22 18:08:41',2,NULL,5),(3434,'Eldorado',29,'2018-02-02 15:10:52','2019-04-22 18:08:41',2,NULL,5),(3435,'Elias Fausto',29,'2018-02-02 15:10:52','2019-04-22 18:08:42',2,NULL,5),(3436,'Elisiário',29,'2018-02-02 15:10:52','2019-04-22 18:08:42',2,NULL,5),(3437,'Embaúba',29,'2018-02-02 15:10:53','2019-04-22 18:08:42',2,NULL,5),(3438,'Embu das Artes',29,'2018-02-02 15:10:53','2019-04-22 18:08:43',2,NULL,5),(3439,'Embu-Guaçu',29,'2018-02-02 15:10:54','2019-04-22 18:08:43',2,NULL,5),(3440,'Emilianópolis',29,'2018-02-02 15:10:54','2019-04-22 18:08:44',2,NULL,5),(3441,'Engenheiro Coelho',29,'2018-02-02 15:10:54','2019-04-22 18:08:44',2,NULL,5),(3442,'Espírito Santo do Pinhal',29,'2018-02-02 15:10:55','2019-04-22 18:08:44',2,NULL,5),(3443,'Espírito Santo do Turvo',29,'2018-02-02 15:10:55','2019-04-22 18:08:45',2,NULL,5),(3444,'Estrela D\'Oeste',29,'2018-02-02 15:10:55','2019-04-22 18:08:45',2,NULL,5),(3445,'Estrela do Norte',29,'2018-02-02 15:10:56','2019-04-22 18:08:45',2,NULL,5),(3446,'Euclides da Cunha Paulista',29,'2018-02-02 15:10:56','2019-04-22 18:08:46',2,NULL,5),(3447,'Fartura',29,'2018-02-02 15:10:56','2019-04-22 18:08:46',2,NULL,5),(3448,'Fernandópolis',29,'2018-02-02 15:10:57','2019-04-22 18:08:46',2,NULL,5),(3449,'Fernando Prestes',29,'2018-02-02 15:10:57','2019-04-22 18:08:47',2,NULL,5),(3450,'Fernão',29,'2018-02-02 15:10:57','2019-04-22 18:08:47',2,NULL,5),(3451,'Ferraz de Vasconcelos',29,'2018-02-02 15:10:58','2019-04-22 18:08:47',2,NULL,5),(3452,'Flora Rica',29,'2018-02-02 15:10:58','2019-04-22 18:08:48',2,NULL,5),(3453,'Floreal',29,'2018-02-02 15:10:58','2019-04-22 18:08:48',2,NULL,5),(3454,'Flórida Paulista',29,'2018-02-02 15:10:59','2019-04-22 18:08:49',2,NULL,5),(3455,'Florínia',29,'2018-02-02 15:10:59','2019-04-22 18:08:49',2,NULL,5),(3456,'Franca',29,'2018-02-02 15:10:59','2019-04-22 18:08:49',2,NULL,5),(3457,'Francisco Morato',29,'2018-02-02 15:11:00','2019-04-22 18:08:50',2,NULL,5),(3458,'Franco da Rocha',29,'2018-02-02 15:11:00','2019-04-22 18:08:50',2,NULL,5),(3459,'Gabriel Monteiro',29,'2018-02-02 15:11:01','2019-04-22 18:08:50',2,NULL,5),(3460,'Gália',29,'2018-02-02 15:11:01','2019-04-22 18:08:51',2,NULL,5),(3461,'Garça',29,'2018-02-02 15:11:01','2019-04-22 18:08:51',2,NULL,5),(3462,'Gastão Vidigal',29,'2018-02-02 15:11:02','2019-04-22 18:08:51',2,NULL,5),(3463,'Gavião Peixoto',29,'2018-02-02 15:11:02','2019-04-22 18:08:52',2,NULL,5),(3464,'General Salgado',29,'2018-02-02 15:11:02','2019-04-22 18:08:52',2,NULL,5),(3465,'Getulina',29,'2018-02-02 15:11:03','2019-04-22 18:08:52',2,NULL,5),(3466,'Glicério',29,'2018-02-02 15:11:03','2019-04-22 18:08:53',2,NULL,5),(3467,'Guaiçara',29,'2018-02-02 15:11:03','2019-04-22 18:08:53',2,NULL,5),(3468,'Guaimbê',29,'2018-02-02 15:11:04','2019-04-22 18:08:54',2,NULL,5),(3469,'Guaíra',29,'2018-02-02 15:11:04','2019-04-22 18:08:54',2,NULL,5),(3470,'Guapiaçu',29,'2018-02-02 15:11:04','2019-04-22 18:08:54',2,NULL,5),(3471,'Guapiara',29,'2018-02-02 15:11:05','2019-04-22 18:08:55',2,NULL,5),(3472,'Guará',29,'2018-02-02 15:11:05','2019-04-22 18:08:55',2,NULL,5),(3473,'Guaraçaí',29,'2018-02-02 15:11:05','2019-04-22 18:08:55',2,NULL,5),(3474,'Guaraci',29,'2018-02-02 15:11:06','2019-04-22 18:08:56',2,NULL,5),(3475,'Guarani D\'Oeste',29,'2018-02-02 15:11:06','2019-04-22 18:08:56',2,NULL,5),(3476,'Guarantã',29,'2018-02-02 15:11:06','2019-04-22 18:08:56',2,NULL,5),(3477,'Guararapes',29,'2018-02-02 15:11:07','2019-04-22 18:08:57',2,NULL,5),(3478,'Guararema',29,'2018-02-02 15:11:07','2019-04-22 18:08:57',2,NULL,5),(3479,'Guaratinguetá',29,'2018-02-02 15:11:07','2019-04-22 18:08:58',2,NULL,5),(3480,'Guareí',29,'2018-02-02 15:11:08','2019-04-22 18:08:58',2,NULL,5),(3481,'Guariba',29,'2018-02-02 15:11:08','2019-04-22 18:08:58',2,NULL,5),(3482,'Guarujá',29,'2018-02-02 15:11:08','2019-04-22 18:08:59',2,NULL,5),(3483,'Guarulhos',29,'2018-02-02 15:11:09','2019-04-22 18:08:59',2,NULL,5),(3484,'Guatapará',29,'2018-02-02 15:11:09','2019-04-22 18:08:59',2,NULL,5),(3485,'Guzolândia',29,'2018-02-02 15:11:10','2019-04-22 18:09:00',2,NULL,5),(3486,'Herculândia',29,'2018-02-02 15:11:10','2019-04-22 18:09:00',2,NULL,5),(3487,'Holambra',29,'2018-02-02 15:11:10','2019-04-22 18:09:00',2,NULL,5),(3488,'Hortolândia',29,'2018-02-02 15:11:11','2019-04-22 18:09:01',2,NULL,5),(3489,'Iacanga',29,'2018-02-02 15:11:11','2019-04-22 18:09:01',2,NULL,5),(3490,'Iacri',29,'2018-02-02 15:11:11','2019-04-22 18:09:01',2,NULL,5),(3491,'Iaras',29,'2018-02-02 15:11:12','2019-04-22 18:09:02',2,NULL,5),(3492,'Ibaté',29,'2018-02-02 15:11:12','2019-04-22 18:09:02',2,NULL,5),(3493,'Ibirá',29,'2018-02-02 15:11:12','2019-04-22 18:09:03',2,NULL,5),(3494,'Ibirarema',29,'2018-02-02 15:11:13','2019-04-22 18:09:03',2,NULL,5),(3495,'Ibitinga',29,'2018-02-02 15:11:13','2019-04-22 18:09:03',2,NULL,5),(3496,'Ibiúna',29,'2018-02-02 15:11:13','2019-04-22 18:09:04',2,NULL,5),(3497,'Icém',29,'2018-02-02 15:11:14','2019-04-22 18:09:04',2,NULL,5),(3498,'Iepê',29,'2018-02-02 15:11:14','2019-04-22 18:09:04',2,NULL,5),(3499,'Igaraçu do Tietê',29,'2018-02-02 15:11:14','2019-04-22 18:09:05',2,NULL,5),(3500,'Igarapava',29,'2018-02-02 15:11:15','2019-04-22 18:09:05',2,NULL,5),(3501,'Igaratá',29,'2018-02-02 15:11:15','2019-04-22 18:09:05',2,NULL,5),(3502,'Iguape',29,'2018-02-02 15:11:15','2019-04-22 18:09:06',2,NULL,5),(3503,'Ilhabela',29,'2018-02-02 15:11:16','2019-04-22 18:09:06',2,NULL,5),(3504,'Ilha Comprida',29,'2018-02-02 15:11:17','2019-04-22 18:09:06',2,NULL,5),(3505,'Ilha Solteira',29,'2018-02-02 15:11:17','2019-04-22 18:09:07',2,NULL,5),(3506,'Indaiatuba',29,'2018-02-02 15:11:17','2019-04-22 18:09:07',2,NULL,5),(3507,'Indiana',29,'2018-02-02 15:11:18','2019-04-22 18:09:08',2,NULL,5),(3508,'Indiaporã',29,'2018-02-02 15:11:18','2019-04-22 18:09:08',2,NULL,5),(3509,'Inúbia Paulista',29,'2018-02-02 15:11:18','2019-04-22 18:09:08',2,NULL,5),(3510,'Ipaussu',29,'2018-02-02 15:11:19','2019-04-22 18:09:09',2,NULL,5),(3511,'Iperó',29,'2018-02-02 15:11:19','2019-04-22 18:09:09',2,NULL,5),(3512,'Ipeúna',29,'2018-02-02 15:11:19','2019-04-22 18:09:09',2,NULL,5),(3513,'Ipiguá',29,'2018-02-02 15:11:20','2019-04-22 18:09:10',2,NULL,5),(3514,'Iporanga',29,'2018-02-02 15:11:20','2019-04-22 18:09:10',2,NULL,5),(3515,'Ipuã',29,'2018-02-02 15:11:20','2019-04-22 18:09:10',2,NULL,5),(3516,'Iracemápolis',29,'2018-02-02 15:11:21','2019-04-22 18:09:11',2,NULL,5),(3517,'Irapuã',29,'2018-02-02 15:11:21','2019-04-22 18:09:11',2,NULL,5),(3518,'Irapuru',29,'2018-02-02 15:11:21','2019-04-22 18:09:11',2,NULL,5),(3519,'Itaberá',29,'2018-02-02 15:11:22','2019-04-22 18:09:12',2,NULL,5),(3520,'Itaí',29,'2018-02-02 15:11:22','2019-04-22 18:09:12',2,NULL,5),(3521,'Itajobi',29,'2018-02-02 15:11:22','2019-04-22 18:09:13',2,NULL,5),(3522,'Itaju',29,'2018-02-02 15:11:23','2019-04-22 18:09:13',2,NULL,5),(3523,'Itanhaém',29,'2018-02-02 15:11:23','2019-04-22 18:09:13',2,NULL,5),(3524,'Itaóca',29,'2018-02-02 15:11:23','2019-04-22 18:09:14',2,NULL,5),(3525,'Itapecerica da Serra',29,'2018-02-02 15:11:24','2019-04-22 18:09:14',2,NULL,5),(3526,'Itapetininga',29,'2018-02-02 15:11:24','2019-04-22 18:09:14',2,NULL,5),(3527,'Itapeva',29,'2018-02-02 15:11:25','2019-04-22 18:09:15',2,NULL,5),(3528,'Itapevi',29,'2018-02-02 15:11:25','2019-04-22 18:09:15',2,NULL,5),(3529,'Itapira',29,'2018-02-02 15:11:25','2019-04-22 18:09:15',2,NULL,5),(3530,'Itapirapuã Paulista',29,'2018-02-02 15:11:26','2019-04-22 18:09:16',2,NULL,5),(3531,'Itápolis',29,'2018-02-02 15:11:26','2019-04-22 18:09:16',2,NULL,5),(3532,'Itaporanga',29,'2018-02-02 15:11:26','2019-04-22 18:09:16',2,NULL,5),(3533,'Itapuí',29,'2018-02-02 15:11:27','2019-04-22 18:09:17',2,NULL,5),(3534,'Itapura',29,'2018-02-02 15:11:27','2019-04-22 18:09:17',2,NULL,5),(3535,'Itaquaquecetuba',29,'2018-02-02 15:11:27','2019-04-22 18:09:18',2,NULL,5),(3536,'Itararé',29,'2018-02-02 15:11:28','2019-04-22 18:09:18',2,NULL,5),(3537,'Itariri',29,'2018-02-02 15:11:28','2019-04-22 18:09:18',2,NULL,5),(3538,'Itatiba',29,'2018-02-02 15:11:28','2019-04-22 18:09:19',2,NULL,5),(3539,'Itatinga',29,'2018-02-02 15:11:29','2019-04-22 18:09:19',2,NULL,5),(3540,'Itirapina',29,'2018-02-02 15:11:29','2019-04-22 18:09:19',2,NULL,5),(3541,'Itirapuã',29,'2018-02-02 15:11:29','2019-04-22 18:09:20',2,NULL,5),(3542,'Itobi',29,'2018-02-02 15:11:30','2019-04-22 18:09:20',2,NULL,5),(3543,'Itu',29,'2018-02-02 15:11:30','2019-04-22 18:09:20',2,NULL,5),(3544,'Itupeva',29,'2018-02-02 15:11:30','2019-04-22 18:09:21',2,NULL,5),(3545,'Ituverava',29,'2018-02-02 15:11:31','2019-04-22 18:09:21',2,NULL,5),(3546,'Jaborandi',29,'2018-02-02 15:11:31','2019-04-22 18:09:22',2,NULL,5),(3547,'Jaboticabal',29,'2018-02-02 15:11:32','2019-04-22 18:09:22',2,NULL,5),(3548,'Jacareí',29,'2018-02-02 15:11:32','2019-04-22 18:09:22',2,NULL,5),(3549,'Jaci',29,'2018-02-02 15:11:32','2019-04-22 18:09:23',2,NULL,5),(3550,'Jacupiranga',29,'2018-02-02 15:11:33','2019-04-22 18:09:23',2,NULL,5),(3551,'Jaguariúna',29,'2018-02-02 15:11:33','2019-04-22 18:09:23',2,NULL,5),(3552,'Jales',29,'2018-02-02 15:11:33','2019-04-22 18:09:24',2,NULL,5),(3553,'Jambeiro',29,'2018-02-02 15:11:34','2019-04-22 18:09:24',2,NULL,5),(3554,'Jandira',29,'2018-02-02 15:11:34','2019-04-22 18:09:24',2,NULL,5),(3555,'Jardinópolis',29,'2018-02-02 15:11:34','2019-04-22 18:09:25',2,NULL,5),(3556,'Jarinu',29,'2018-02-02 15:11:35','2019-04-22 18:09:25',2,NULL,5),(3557,'Jaú',29,'2018-02-02 15:11:35','2019-04-22 18:09:25',2,NULL,5),(3558,'Jeriquara',29,'2018-02-02 15:11:35','2019-04-22 18:09:26',2,NULL,5),(3559,'Joanópolis',29,'2018-02-02 15:11:36','2019-04-22 18:09:26',2,NULL,5),(3560,'João Ramalho',29,'2018-02-02 15:11:36','2019-04-22 18:09:27',2,NULL,5),(3561,'José Bonifácio',29,'2018-02-02 15:11:36','2019-04-22 18:09:27',2,NULL,5),(3562,'Júlio Mesquita',29,'2018-02-02 15:11:37','2019-04-22 18:09:27',2,NULL,5),(3563,'Jumirim',29,'2018-02-02 15:11:37','2019-04-22 18:09:28',2,NULL,5),(3564,'Jundiaí',29,'2018-02-02 15:11:37','2019-04-22 18:09:28',2,NULL,5),(3565,'Junqueirópolis',29,'2018-02-02 15:11:38','2019-04-22 18:09:28',2,NULL,5),(3566,'Juquiá',29,'2018-02-02 15:11:38','2019-04-22 18:09:29',2,NULL,5),(3567,'Juquitiba',29,'2018-02-02 15:11:38','2019-04-22 18:09:29',2,NULL,5),(3568,'Lagoinha',29,'2018-02-02 15:11:39','2019-04-22 18:09:29',2,NULL,5),(3569,'Laranjal Paulista',29,'2018-02-02 15:11:39','2019-04-22 18:09:30',2,NULL,5),(3570,'Lavínia',29,'2018-02-02 15:11:40','2019-04-22 18:09:30',2,NULL,5),(3571,'Lavrinhas',29,'2018-02-02 15:11:40','2019-04-22 18:09:30',2,NULL,5),(3572,'Leme',29,'2018-02-02 15:11:40','2019-04-22 18:09:31',2,NULL,5),(3573,'Lençóis Paulista',29,'2018-02-02 15:11:41','2019-04-22 18:09:31',2,NULL,5),(3574,'Limeira',29,'2018-02-02 15:11:41','2019-04-22 18:09:32',2,NULL,5),(3575,'Lindóia',29,'2018-02-02 15:11:41','2019-04-22 18:09:32',2,NULL,5),(3576,'Lins',29,'2018-02-02 15:11:42','2019-04-22 18:09:32',2,NULL,5),(3577,'Lorena',29,'2018-02-02 15:11:42','2019-04-22 18:09:33',2,NULL,5),(3578,'Lourdes',29,'2018-02-02 15:11:42','2019-04-22 18:09:33',2,NULL,5),(3579,'Louveira',29,'2018-02-02 15:11:43','2019-04-22 18:09:33',2,NULL,5),(3580,'Lucélia',29,'2018-02-02 15:11:43','2019-04-22 18:09:34',2,NULL,5),(3581,'Lucianópolis',29,'2018-02-02 15:11:43','2019-04-22 18:09:34',2,NULL,5),(3582,'Luís Antônio',29,'2018-02-02 15:11:44','2019-04-22 18:09:34',2,NULL,5),(3583,'Luiziânia',29,'2018-02-02 15:11:44','2019-04-22 18:09:35',2,NULL,5),(3584,'Lupércio',29,'2018-02-02 15:11:44','2019-04-22 18:09:35',2,NULL,5),(3585,'Lutécia',29,'2018-02-02 15:11:45','2019-04-22 18:09:36',2,NULL,5),(3586,'Macatuba',29,'2018-02-02 15:11:45','2019-04-22 18:09:36',2,NULL,5),(3587,'Macaubal',29,'2018-02-02 15:11:46','2019-04-22 18:09:36',2,NULL,5),(3588,'Macedônia',29,'2018-02-02 15:11:46','2019-04-22 18:09:37',2,NULL,5),(3589,'Magda',29,'2018-02-02 15:11:46','2019-04-22 18:09:37',2,NULL,5),(3590,'Mairinque',29,'2018-02-02 15:11:47','2019-04-22 18:09:37',2,NULL,5),(3591,'Mairiporã',29,'2018-02-02 15:11:47','2019-04-22 18:09:38',2,NULL,5),(3592,'Manduri',29,'2018-02-02 15:11:47','2019-04-22 18:09:38',2,NULL,5),(3593,'Marabá Paulista',29,'2018-02-02 15:11:48','2019-04-22 18:09:38',2,NULL,5),(3594,'Maracaí',29,'2018-02-02 15:11:48','2019-04-22 18:09:39',2,NULL,5),(3595,'Marapoama',29,'2018-02-02 15:11:48','2019-04-22 18:09:39',2,NULL,5),(3596,'Mariápolis',29,'2018-02-02 15:11:49','2019-04-22 18:09:39',2,NULL,5),(3597,'Marília',29,'2018-02-02 15:11:49','2019-04-22 18:09:40',2,NULL,5),(3598,'Marinópolis',29,'2018-02-02 15:11:49','2019-04-22 18:09:40',2,NULL,5),(3599,'Martinópolis',29,'2018-02-02 15:11:50','2019-04-22 18:09:41',2,NULL,5),(3600,'Matão',29,'2018-02-02 15:11:50','2019-04-22 18:09:41',2,NULL,5),(3601,'Mauá',29,'2018-02-02 15:11:50','2019-04-22 18:09:41',2,NULL,5),(3602,'Mendonça',29,'2018-02-02 15:11:51','2019-04-22 18:09:42',2,NULL,5),(3603,'Meridiano',29,'2018-02-02 15:11:51','2019-04-22 18:09:42',2,NULL,5),(3604,'Mesópolis',29,'2018-02-02 15:11:51','2019-04-22 18:09:42',2,NULL,5),(3605,'Miguelópolis',29,'2018-02-02 15:11:52','2019-04-22 18:09:43',2,NULL,5),(3606,'Mineiros do Tietê',29,'2018-02-02 15:11:52','2019-04-22 18:09:43',2,NULL,5),(3607,'Miracatu',29,'2018-02-02 15:11:52','2019-04-22 18:09:43',2,NULL,5),(3608,'Mira Estrela',29,'2018-02-02 15:11:53','2019-04-22 18:09:44',2,NULL,5),(3609,'Mirandópolis',29,'2018-02-02 15:11:53','2019-04-22 18:09:44',2,NULL,5),(3610,'Mirante do Paranapanema',29,'2018-02-02 15:11:54','2019-04-22 18:09:44',2,NULL,5),(3611,'Mirassol',29,'2018-02-02 15:11:54','2019-04-22 18:09:45',2,NULL,5),(3612,'Mirassolândia',29,'2018-02-02 15:11:54','2019-04-22 18:09:45',2,NULL,5),(3613,'Mococa',29,'2018-02-02 15:11:55','2019-04-22 18:09:46',2,NULL,5),(3614,'Mogi das Cruzes',29,'2018-02-02 15:11:55','2019-04-22 18:09:46',2,NULL,5),(3615,'Mogi Guaçu',29,'2018-02-02 15:11:55','2019-04-22 18:09:46',2,NULL,5),(3616,'Moji Mirim',29,'2018-02-02 15:11:56','2019-04-22 18:09:47',2,NULL,5),(3617,'Mombuca',29,'2018-02-02 15:11:56','2019-04-22 18:09:47',2,NULL,5),(3618,'Monções',29,'2018-02-02 15:11:56','2019-04-22 18:09:47',2,NULL,5),(3619,'Mongaguá',29,'2018-02-02 15:11:57','2019-04-22 18:09:48',2,NULL,5),(3620,'Monte Alegre do Sul',29,'2018-02-02 15:11:57','2019-04-22 18:09:48',2,NULL,5),(3621,'Monte Alto',29,'2018-02-02 15:11:57','2019-04-22 18:09:48',2,NULL,5),(3622,'Monte Aprazível',29,'2018-02-02 15:11:58','2019-04-22 18:09:49',2,NULL,5),(3623,'Monte Azul Paulista',29,'2018-02-02 15:11:58','2019-04-22 18:09:49',2,NULL,5),(3624,'Monte Castelo',29,'2018-02-02 15:11:58','2019-04-22 18:09:49',2,NULL,5),(3625,'Monteiro Lobato',29,'2018-02-02 15:11:59','2019-04-22 18:09:50',2,NULL,5),(3626,'Monte Mor',29,'2018-02-02 15:11:59','2019-04-22 18:09:50',2,NULL,5),(3627,'Morro Agudo',29,'2018-02-02 15:11:59','2019-04-22 18:09:51',2,NULL,5),(3628,'Morungaba',29,'2018-02-02 15:12:00','2019-04-22 18:09:51',2,NULL,5),(3629,'Motuca',29,'2018-02-02 15:12:00','2019-04-22 18:09:51',2,NULL,5),(3630,'Murutinga do Sul',29,'2018-02-02 15:12:01','2019-04-22 18:09:52',2,NULL,5),(3631,'Nantes',29,'2018-02-02 15:12:01','2019-04-22 18:09:52',2,NULL,5),(3632,'Narandiba',29,'2018-02-02 15:12:01','2019-04-22 18:09:52',2,NULL,5),(3633,'Natividade da Serra',29,'2018-02-02 15:12:02','2019-04-22 18:09:53',2,NULL,5),(3634,'Nazaré Paulista',29,'2018-02-02 15:12:02','2019-04-22 18:09:53',2,NULL,5),(3635,'Neves Paulista',29,'2018-02-02 15:12:02','2019-04-22 18:09:53',2,NULL,5),(3636,'Nhandeara',29,'2018-02-02 15:12:03','2019-04-22 18:09:54',2,NULL,5),(3637,'Nipoã',29,'2018-02-02 15:12:03','2019-04-22 18:09:54',2,NULL,5),(3638,'Nova Aliança',29,'2018-02-02 15:12:03','2019-04-22 18:09:54',2,NULL,5),(3639,'Nova Campina',29,'2018-02-02 15:12:04','2019-04-22 18:09:55',2,NULL,5),(3640,'Nova Canaã Paulista',29,'2018-02-02 15:12:04','2019-04-22 18:09:55',2,NULL,5),(3641,'Nova Castilho',29,'2018-02-02 15:12:04','2019-04-22 18:09:56',2,NULL,5),(3642,'Nova Europa',29,'2018-02-02 15:12:05','2019-04-22 18:09:56',2,NULL,5),(3643,'Nova Granada',29,'2018-02-02 15:12:05','2019-04-22 18:09:56',2,NULL,5),(3644,'Nova Guataporanga',29,'2018-02-02 15:12:05','2019-04-22 18:09:57',2,NULL,5),(3645,'Nova Independência',29,'2018-02-02 15:12:06','2019-04-22 18:09:57',2,NULL,5),(3646,'Novais',29,'2018-02-02 15:12:06','2019-04-22 18:09:57',2,NULL,5),(3647,'Nova Luzitânia',29,'2018-02-02 15:12:06','2019-04-22 18:09:58',2,NULL,5),(3648,'Nova Odessa',29,'2018-02-02 15:12:07','2019-04-22 18:09:58',2,NULL,5),(3649,'Novo Horizonte',29,'2018-02-02 15:12:07','2019-04-22 18:09:58',2,NULL,5),(3650,'Nuporanga',29,'2018-02-02 15:12:07','2019-04-22 18:09:59',2,NULL,5),(3651,'Ocauçu',29,'2018-02-02 15:12:08','2019-04-22 18:09:59',2,NULL,5),(3652,'Óleo',29,'2018-02-02 15:12:08','2019-04-22 18:09:59',2,NULL,5),(3653,'Olímpia',29,'2018-02-02 15:12:09','2019-04-22 18:10:00',2,NULL,5),(3654,'Onda Verde',29,'2018-02-02 15:12:09','2019-04-22 18:10:00',2,NULL,5),(3655,'Oriente',29,'2018-02-02 15:12:09','2019-04-22 18:10:01',2,NULL,5),(3656,'Orindiúva',29,'2018-02-02 15:12:10','2019-04-22 18:10:01',2,NULL,5),(3657,'Orlândia',29,'2018-02-02 15:12:10','2019-04-22 18:10:01',2,NULL,5),(3658,'Osasco',29,'2018-02-02 15:12:10','2019-04-22 18:10:02',2,NULL,5),(3659,'Oscar Bressane',29,'2018-02-02 15:12:11','2019-04-22 18:10:02',2,NULL,5),(3660,'Osvaldo Cruz',29,'2018-02-02 15:12:11','2019-04-22 18:10:02',2,NULL,5),(3661,'Ourinhos',29,'2018-02-02 15:12:11','2019-04-22 18:10:03',2,NULL,5),(3662,'Ouroeste',29,'2018-02-02 15:12:12','2019-04-22 18:10:03',2,NULL,5),(3663,'Ouro Verde',29,'2018-02-02 15:12:12','2019-04-22 18:10:03',2,NULL,5),(3664,'Pacaembu',29,'2018-02-02 15:12:12','2019-04-22 18:10:04',2,NULL,5),(3665,'Palestina',29,'2018-02-02 15:12:13','2019-04-22 18:10:04',2,NULL,5),(3666,'Palmares Paulista',29,'2018-02-02 15:12:13','2019-04-22 18:10:04',2,NULL,5),(3667,'Palmeira D\'Oeste',29,'2018-02-02 15:12:13','2019-04-22 18:10:05',2,NULL,5),(3668,'Palmital',29,'2018-02-02 15:12:14','2019-04-22 18:10:05',2,NULL,5),(3669,'Panorama',29,'2018-02-02 15:12:14','2019-04-22 18:10:06',2,NULL,5),(3670,'Paraguaçu Paulista',29,'2018-02-02 15:12:14','2019-04-22 18:10:06',2,NULL,5),(3671,'Paraibuna',29,'2018-02-02 15:12:15','2019-04-22 18:10:06',2,NULL,5),(3672,'Paraíso',29,'2018-02-02 15:12:15','2019-04-22 18:10:07',2,NULL,5),(3673,'Paranapanema',29,'2018-02-02 15:12:15','2019-04-22 18:10:07',2,NULL,5),(3674,'Paranapuã',29,'2018-02-02 15:12:16','2019-04-22 18:10:07',2,NULL,5),(3675,'Parapuã',29,'2018-02-02 15:12:16','2019-04-22 18:10:08',2,NULL,5),(3676,'Pardinho',29,'2018-02-02 15:12:17','2019-04-22 18:10:08',2,NULL,5),(3677,'Pariquera-Açu',29,'2018-02-02 15:12:17','2019-04-22 18:10:08',2,NULL,5),(3678,'Parisi',29,'2018-02-02 15:12:17','2019-04-22 18:10:09',2,NULL,5),(3679,'Patrocínio Paulista',29,'2018-02-02 15:12:18','2019-04-22 18:10:09',2,NULL,5),(3680,'Paulicéia',29,'2018-02-02 15:12:18','2019-04-22 18:10:10',2,NULL,5),(3681,'Paulínia',29,'2018-02-02 15:12:18','2019-04-22 18:10:10',2,NULL,5),(3682,'Paulistânia',29,'2018-02-02 15:12:19','2019-04-22 18:10:10',2,NULL,5),(3683,'Paulo de Faria',29,'2018-02-02 15:12:19','2019-04-22 18:10:11',2,NULL,5),(3684,'Pederneiras',29,'2018-02-02 15:12:19','2019-04-22 18:10:11',2,NULL,5),(3685,'Pedra Bela',29,'2018-02-02 15:12:20','2019-04-22 18:10:11',2,NULL,5),(3686,'Pedranópolis',29,'2018-02-02 15:12:20','2019-04-22 18:10:12',2,NULL,5),(3687,'Pedregulho',29,'2018-02-02 15:12:20','2019-04-22 18:10:12',2,NULL,5),(3688,'Pedreira',29,'2018-02-02 15:12:21','2019-04-22 18:10:12',2,NULL,5),(3689,'Pedrinhas Paulista',29,'2018-02-02 15:12:21','2019-04-22 18:10:13',2,NULL,5),(3690,'Pedro de Toledo',29,'2018-02-02 15:12:22','2019-04-22 18:10:13',2,NULL,5),(3691,'Penápolis',29,'2018-02-02 15:12:22','2019-04-22 18:10:13',2,NULL,5),(3692,'Pereira Barreto',29,'2018-02-02 15:12:22','2019-04-22 18:10:14',2,NULL,5),(3693,'Pereiras',29,'2018-02-02 15:12:23','2019-04-22 18:10:14',2,NULL,5),(3694,'Peruíbe',29,'2018-02-02 15:12:23','2019-04-22 18:10:15',2,NULL,5),(3695,'Piacatu',29,'2018-02-02 15:12:23','2019-04-22 18:10:15',2,NULL,5),(3696,'Piedade',29,'2018-02-02 15:12:24','2019-04-22 18:10:15',2,NULL,5),(3697,'Pilar do Sul',29,'2018-02-02 15:12:24','2019-04-22 18:10:16',2,NULL,5),(3698,'Pindamonhangaba',29,'2018-02-02 15:12:24','2019-04-22 18:10:16',2,NULL,5),(3699,'Pindorama',29,'2018-02-02 15:12:25','2019-04-22 18:10:16',2,NULL,5),(3700,'Pinhalzinho',29,'2018-02-02 15:12:25','2019-04-22 18:10:17',2,NULL,5),(3701,'Piquerobi',29,'2018-02-02 15:12:26','2019-04-22 18:10:17',2,NULL,5),(3702,'Piquete',29,'2018-02-02 15:12:26','2019-04-22 18:10:17',2,NULL,5),(3703,'Piracaia',29,'2018-02-02 15:12:26','2019-04-22 18:10:18',2,NULL,5),(3704,'Piracicaba',29,'2018-02-02 15:12:27','2019-04-22 18:10:18',2,NULL,5),(3705,'Piraju',29,'2018-02-02 15:12:27','2019-04-22 18:10:19',2,NULL,5),(3706,'Pirajuí',29,'2018-02-02 15:12:28','2019-04-22 18:10:19',2,NULL,5),(3707,'Pirangi',29,'2018-02-02 15:12:28','2019-04-22 18:10:19',2,NULL,5),(3708,'Pirapora do Bom Jesus',29,'2018-02-02 15:12:28','2019-04-22 18:10:20',2,NULL,5),(3709,'Pirapozinho',29,'2018-02-02 15:12:29','2019-04-22 18:10:20',2,NULL,5),(3710,'Pirassununga',29,'2018-02-02 15:12:29','2019-04-22 18:10:20',2,NULL,5),(3711,'Piratininga',29,'2018-02-02 15:12:29','2019-04-22 18:10:21',2,NULL,5),(3712,'Pitangueiras',29,'2018-02-02 15:12:30','2019-04-22 18:10:21',2,NULL,5),(3713,'Planalto',29,'2018-02-02 15:12:30','2019-04-22 18:10:21',2,NULL,5),(3714,'Platina',29,'2018-02-02 15:12:30','2019-04-22 18:10:22',2,NULL,5),(3715,'Poá',29,'2018-02-02 15:12:31','2019-04-22 18:10:22',2,NULL,5),(3716,'Poloni',29,'2018-02-02 15:12:31','2019-04-22 18:10:22',2,NULL,5),(3717,'Pompéia',29,'2018-02-02 15:12:31','2019-04-22 18:10:23',2,NULL,5),(3718,'Pongaí',29,'2018-02-02 15:12:32','2019-04-22 18:10:23',2,NULL,5),(3719,'Pontal',29,'2018-02-02 15:12:32','2019-04-22 18:10:24',2,NULL,5),(3720,'Pontalinda',29,'2018-02-02 15:12:33','2019-04-22 18:10:24',2,NULL,5),(3721,'Pontes Gestal',29,'2018-02-02 15:12:33','2019-04-22 18:10:24',2,NULL,5),(3722,'Populina',29,'2018-02-02 15:12:33','2019-04-22 18:10:25',2,NULL,5),(3723,'Porangaba',29,'2018-02-02 15:12:34','2019-04-22 18:10:25',2,NULL,5),(3724,'Porto Feliz',29,'2018-02-02 15:12:34','2019-04-22 18:10:25',2,NULL,5),(3725,'Porto Ferreira',29,'2018-02-02 15:12:34','2019-04-22 18:10:26',2,NULL,5),(3726,'Potim',29,'2018-02-02 15:12:35','2019-04-22 18:10:26',2,NULL,5),(3727,'Potirendaba',29,'2018-02-02 15:12:35','2019-04-22 18:10:26',2,NULL,5),(3728,'Pracinha',29,'2018-02-02 15:12:35','2019-04-22 18:10:27',2,NULL,5),(3729,'Pradópolis',29,'2018-02-02 15:12:36','2019-04-22 18:10:27',2,NULL,5),(3730,'Praia Grande',29,'2018-02-02 15:12:36','2019-04-22 18:10:28',2,NULL,5),(3731,'Pratânia',29,'2018-02-02 15:12:36','2019-04-22 18:10:28',2,NULL,5),(3732,'Presidente Alves',29,'2018-02-02 15:12:37','2019-04-22 18:10:28',2,NULL,5),(3733,'Presidente Bernardes',29,'2018-02-02 15:12:37','2019-04-22 18:10:29',2,NULL,5),(3734,'Presidente Epitácio',29,'2018-02-02 15:12:37','2019-04-22 18:10:29',2,NULL,5),(3735,'Presidente Prudente',29,'2018-02-02 15:12:38','2019-04-22 18:10:29',2,NULL,5),(3736,'Presidente Venceslau',29,'2018-02-02 15:12:38','2019-04-22 18:10:30',2,NULL,5),(3737,'Promissão',29,'2018-02-02 15:12:39','2019-04-22 18:10:30',2,NULL,5),(3738,'Quadra',29,'2018-02-02 15:12:39','2019-04-22 18:10:30',2,NULL,5),(3739,'Quatá',29,'2018-02-02 15:12:39','2019-04-22 18:10:31',2,NULL,5),(3740,'Queiroz',29,'2018-02-02 15:12:40','2019-04-22 18:10:31',2,NULL,5),(3741,'Queluz',29,'2018-02-02 15:12:40','2019-04-22 18:10:31',2,NULL,5),(3742,'Quintana',29,'2018-02-02 15:12:40','2019-04-22 18:10:32',2,NULL,5),(3743,'Rafard',29,'2018-02-02 15:12:41','2019-04-22 18:10:32',2,NULL,5),(3744,'Rancharia',29,'2018-02-02 15:12:41','2019-04-22 18:10:33',2,NULL,5),(3745,'Redenção da Serra',29,'2018-02-02 15:12:41','2019-04-22 18:10:33',2,NULL,5),(3746,'Regente Feijó',29,'2018-02-02 15:12:42','2019-04-22 18:10:33',2,NULL,5),(3747,'Reginópolis',29,'2018-02-02 15:12:42','2019-04-22 18:10:34',2,NULL,5),(3748,'Registro',29,'2018-02-02 15:12:42','2019-04-22 18:10:34',2,NULL,5),(3749,'Restinga',29,'2018-02-02 15:12:43','2019-04-22 18:10:34',2,NULL,5),(3750,'Ribeira',29,'2018-02-02 15:12:43','2019-04-22 18:10:35',2,NULL,5),(3751,'Ribeirão Bonito',29,'2018-02-02 15:12:43','2019-04-22 18:10:35',2,NULL,5),(3752,'Ribeirão Branco',29,'2018-02-02 15:12:44','2019-04-22 18:10:35',2,NULL,5),(3753,'Ribeirão Corrente',29,'2018-02-02 15:12:44','2019-04-22 18:10:36',2,NULL,5),(3754,'Ribeirão do Sul',29,'2018-02-02 15:12:44','2019-04-22 18:10:36',2,NULL,5),(3755,'Ribeirão dos Índios',29,'2018-02-02 15:12:45','2019-04-22 18:10:36',2,NULL,5),(3756,'Ribeirão Grande',29,'2018-02-02 15:12:45','2019-04-22 18:10:37',2,NULL,5),(3757,'Ribeirão Pires',29,'2018-02-02 15:12:45','2019-04-22 18:10:37',2,NULL,5),(3758,'Ribeirão Preto',29,'2018-02-02 15:12:46','2019-04-22 18:10:38',2,NULL,5),(3759,'Riversul',29,'2018-02-02 15:12:46','2019-04-22 18:10:38',2,NULL,5),(3760,'Rifaina',29,'2018-02-02 15:12:47','2019-04-22 18:10:38',2,NULL,5),(3761,'Rincão',29,'2018-02-02 15:12:47','2019-04-22 18:10:39',2,NULL,5),(3762,'Rinópolis',29,'2018-02-02 15:12:47','2019-04-22 18:10:39',2,NULL,5),(3763,'Rio Claro',29,'2018-02-02 15:12:48','2019-04-22 18:10:39',2,NULL,5),(3764,'Rio das Pedras',29,'2018-02-02 15:12:48','2019-04-22 18:10:40',2,NULL,5),(3765,'Rio Grande da Serra',29,'2018-02-02 15:12:48','2019-04-22 18:10:40',2,NULL,5),(3766,'Riolândia',29,'2018-02-02 15:12:49','2019-04-22 18:10:40',2,NULL,5),(3767,'Rosana',29,'2018-02-02 15:12:49','2019-04-22 18:10:41',2,NULL,5),(3768,'Roseira',29,'2018-02-02 15:12:49','2019-04-22 18:10:41',2,NULL,5),(3769,'Rubiácea',29,'2018-02-02 15:12:50','2019-04-22 18:10:41',2,NULL,5),(3770,'Rubinéia',29,'2018-02-02 15:12:50','2019-04-22 18:10:42',2,NULL,5),(3771,'Sabino',29,'2018-02-02 15:12:50','2019-04-22 18:10:42',2,NULL,5),(3772,'Sagres',29,'2018-02-02 15:12:51','2019-04-22 18:10:43',2,NULL,5),(3773,'Sales',29,'2018-02-02 15:12:51','2019-04-22 18:10:43',2,NULL,5),(3774,'Sales Oliveira',29,'2018-02-02 15:12:52','2019-04-22 18:10:43',2,NULL,5),(3775,'Salesópolis',29,'2018-02-02 15:12:52','2019-04-22 18:10:44',2,NULL,5),(3776,'Salmourão',29,'2018-02-02 15:12:52','2019-04-22 18:10:44',2,NULL,5),(3777,'Saltinho',29,'2018-02-02 15:12:53','2019-04-22 18:10:44',2,NULL,5),(3778,'Salto',29,'2018-02-02 15:12:53','2019-04-22 18:10:45',2,NULL,5),(3779,'Salto de Pirapora',29,'2018-02-02 15:12:53','2019-04-22 18:10:45',2,NULL,5),(3780,'Salto Grande',29,'2018-02-02 15:12:54','2019-04-22 18:10:45',2,NULL,5),(3781,'Sandovalina',29,'2018-02-02 15:12:54','2019-04-22 18:10:46',2,NULL,5),(3782,'Santa Adélia',29,'2018-02-02 15:12:54','2019-04-22 18:10:46',2,NULL,5),(3783,'Santa Albertina',29,'2018-02-02 15:12:55','2019-04-22 18:10:47',2,NULL,5),(3784,'Santa Bárbara D\'Oeste',29,'2018-02-02 15:12:55','2019-04-22 18:10:47',2,NULL,5),(3785,'Santa Branca',29,'2018-02-02 15:12:56','2019-04-22 18:10:47',2,NULL,5),(3786,'Santa Clara D\'Oeste',29,'2018-02-02 15:12:56','2019-04-22 18:10:48',2,NULL,5),(3787,'Santa Cruz da Conceição',29,'2018-02-02 15:12:56','2019-04-22 18:10:48',2,NULL,5),(3788,'Santa Cruz da Esperança',29,'2018-02-02 15:12:57','2019-04-22 18:10:48',2,NULL,5),(3789,'Santa Cruz das Palmeiras',29,'2018-02-02 15:12:57','2019-04-22 18:10:49',2,NULL,5),(3790,'Santa Cruz do Rio Pardo',29,'2018-02-02 15:12:57','2019-04-22 18:10:49',2,NULL,5),(3791,'Santa Ernestina',29,'2018-02-02 15:12:58','2019-04-22 18:10:49',2,NULL,5),(3792,'Santa Fé do Sul',29,'2018-02-02 15:12:58','2019-04-22 18:10:50',2,NULL,5),(3793,'Santa Gertrudes',29,'2018-02-02 15:12:58','2019-04-22 18:10:50',2,NULL,5),(3794,'Santa Isabel',29,'2018-02-02 15:12:59','2019-04-22 18:10:50',2,NULL,5),(3795,'Santa Lúcia',29,'2018-02-02 15:12:59','2019-04-22 18:10:51',2,NULL,5),(3796,'Santa Maria da Serra',29,'2018-02-02 15:12:59','2019-04-22 18:10:51',2,NULL,5),(3797,'Santa Mercedes',29,'2018-02-02 15:13:00','2019-04-22 18:10:52',2,NULL,5),(3798,'Santana da Ponte Pensa',29,'2018-02-02 15:13:00','2019-04-22 18:10:52',2,NULL,5),(3799,'Santana de Parnaíba',29,'2018-02-02 15:13:01','2019-04-22 18:10:52',2,NULL,5),(3800,'Santa Rita D\'Oeste',29,'2018-02-02 15:13:01','2019-04-22 18:10:53',2,NULL,5),(3801,'Santa Rita do Passa Quatro',29,'2018-02-02 15:13:01','2019-04-22 18:10:53',2,NULL,5),(3802,'Santa Rosa de Viterbo',29,'2018-02-02 15:13:02','2019-04-22 18:10:53',2,NULL,5),(3803,'Santa Salete',29,'2018-02-02 15:13:02','2019-04-22 18:10:54',2,NULL,5),(3804,'Santo Anastácio',29,'2018-02-02 15:13:02','2019-04-22 18:10:54',2,NULL,5),(3805,'Santo André',29,'2018-02-02 15:13:03','2019-04-22 18:10:54',2,NULL,5),(3806,'Santo Antônio da Alegria',29,'2018-02-02 15:13:03','2019-04-22 18:10:55',2,NULL,5),(3807,'Santo Antônio de Posse',29,'2018-02-02 15:13:04','2019-04-22 18:10:55',2,NULL,5),(3808,'Santo Antônio do Aracanguá',29,'2018-02-02 15:13:04','2019-04-22 18:10:56',2,NULL,5),(3809,'Santo Antônio do Jardim',29,'2018-02-02 15:13:04','2019-04-22 18:10:56',2,NULL,5),(3810,'Santo Antônio do Pinhal',29,'2018-02-02 15:13:05','2019-04-22 18:10:56',2,NULL,5),(3811,'Santo Expedito',29,'2018-02-02 15:13:05','2019-04-22 18:10:57',2,NULL,5),(3812,'Santópolis do Aguapeí',29,'2018-02-02 15:13:06','2019-04-22 18:10:57',2,NULL,5),(3813,'Santos',29,'2018-02-02 15:13:06','2019-04-22 18:10:57',2,NULL,5),(3814,'São Bento do Sapucaí',29,'2018-02-02 15:13:06','2019-04-22 18:10:58',2,NULL,5),(3815,'São Bernardo do Campo',29,'2018-02-02 15:13:07','2019-04-22 18:10:58',2,NULL,5),(3816,'São Caetano do Sul',29,'2018-02-02 15:13:07','2019-04-22 18:10:58',2,NULL,5),(3817,'São Carlos',29,'2018-02-02 15:13:07','2019-04-22 18:10:59',2,NULL,5),(3818,'São Francisco',29,'2018-02-02 15:13:08','2019-04-22 18:10:59',2,NULL,5),(3819,'São João da Boa Vista',29,'2018-02-02 15:13:08','2019-04-22 18:10:59',2,NULL,5),(3820,'São João das Duas Pontes',29,'2018-02-02 15:13:08','2019-04-22 18:11:00',2,NULL,5),(3821,'São João de Iracema',29,'2018-02-02 15:13:09','2019-04-22 18:11:00',2,NULL,5),(3822,'São João do Pau D\'Alho',29,'2018-02-02 15:13:09','2019-04-22 18:11:01',2,NULL,5),(3823,'São Joaquim da Barra',29,'2018-02-02 15:13:10','2019-04-22 18:11:01',2,NULL,5),(3824,'São José da Bela Vista',29,'2018-02-02 15:13:10','2019-04-22 18:11:01',2,NULL,5),(3825,'São José do Barreiro',29,'2018-02-02 15:13:10','2019-04-22 18:11:02',2,NULL,5),(3826,'São José do Rio Pardo',29,'2018-02-02 15:13:11','2019-04-22 18:11:02',2,NULL,5),(3827,'São José do Rio Preto',29,'2018-02-02 15:13:11','2019-04-22 18:11:02',2,NULL,5),(3828,'São José dos Campos',29,'2018-02-02 15:13:11','2019-04-22 18:11:03',2,NULL,5),(3829,'São Lourenço da Serra',29,'2018-02-02 15:13:12','2019-04-22 18:11:03',2,NULL,5),(3830,'São Luís do Paraitinga',29,'2018-02-02 15:13:12','2019-04-22 18:11:03',2,NULL,5),(3831,'São Manuel',29,'2018-02-02 15:13:12','2019-04-22 18:11:04',2,NULL,5),(3832,'São Miguel Arcanjo',29,'2018-02-02 15:13:13','2019-04-22 18:11:04',2,NULL,5),(3833,'São Paulo',29,'2018-02-02 15:13:13','2019-04-22 18:11:04',2,NULL,5),(3834,'São Pedro',29,'2018-02-02 15:13:13','2019-04-22 18:11:05',2,NULL,5),(3835,'São Pedro do Turvo',29,'2018-02-02 15:13:14','2019-04-22 18:11:05',2,NULL,5),(3836,'São Roque',29,'2018-02-02 15:13:14','2019-04-22 18:11:06',2,NULL,5),(3837,'São Sebastião',29,'2018-02-02 15:13:14','2019-04-22 18:11:06',2,NULL,5),(3838,'São Sebastião da Grama',29,'2018-02-02 15:13:15','2019-04-22 18:11:06',2,NULL,5),(3839,'São Simão',29,'2018-02-02 15:13:15','2019-04-22 18:11:07',2,NULL,5),(3840,'São Vicente',29,'2018-02-02 15:13:15','2019-04-22 18:11:07',2,NULL,5),(3841,'Sarapuí',29,'2018-02-02 15:13:16','2019-04-22 18:11:07',2,NULL,5),(3842,'Sarutaiá',29,'2018-02-02 15:13:16','2019-04-22 18:11:08',2,NULL,5),(3843,'Sebastianópolis do Sul',29,'2018-02-02 15:13:17','2019-04-22 18:11:08',2,NULL,5),(3844,'Serra Azul',29,'2018-02-02 15:13:17','2019-04-22 18:11:08',2,NULL,5),(3845,'Serrana',29,'2018-02-02 15:13:17','2019-04-22 18:11:09',2,NULL,5),(3846,'Serra Negra',29,'2018-02-02 15:13:18','2019-04-22 18:11:09',2,NULL,5),(3847,'Sertãozinho',29,'2018-02-02 15:13:18','2019-04-22 18:11:10',2,NULL,5),(3848,'Sete Barras',29,'2018-02-02 15:13:19','2019-04-22 18:11:10',2,NULL,5),(3849,'Severínia',29,'2018-02-02 15:13:19','2019-04-22 18:11:10',2,NULL,5),(3850,'Silveiras',29,'2018-02-02 15:13:19','2019-04-22 18:11:11',2,NULL,5),(3851,'Socorro',29,'2018-02-02 15:13:20','2019-04-22 18:11:11',2,NULL,5),(3852,'Sorocaba',29,'2018-02-02 15:13:20','2019-04-22 18:11:11',2,NULL,5),(3853,'Sud Mennucci',29,'2018-02-02 15:13:21','2019-04-22 18:11:12',2,NULL,5),(3854,'Sumaré',29,'2018-02-02 15:13:21','2019-04-22 18:11:12',2,NULL,5),(3855,'Suzano',29,'2018-02-02 15:13:21','2019-04-22 18:11:12',2,NULL,5),(3856,'Suzanápolis',29,'2018-02-02 15:13:22','2019-04-22 18:11:13',2,NULL,5),(3857,'Tabapuã',29,'2018-02-02 15:13:22','2019-04-22 18:11:13',2,NULL,5),(3858,'Tabatinga',29,'2018-02-02 15:13:22','2019-04-22 18:11:13',2,NULL,5),(3859,'Taboão da Serra',29,'2018-02-02 15:13:23','2019-04-22 18:11:14',2,NULL,5),(3860,'Taciba',29,'2018-02-02 15:13:23','2019-04-22 18:11:14',2,NULL,5),(3861,'Taguaí',29,'2018-02-02 15:13:24','2019-04-22 18:11:15',2,NULL,5),(3862,'Taiaçu',29,'2018-02-02 15:13:24','2019-04-22 18:11:15',2,NULL,5),(3863,'Taiúva',29,'2018-02-02 15:13:24','2019-04-22 18:11:15',2,NULL,5),(3864,'Tambaú',29,'2018-02-02 15:13:25','2019-04-22 18:11:16',2,NULL,5),(3865,'Tanabi',29,'2018-02-02 15:13:25','2019-04-22 18:11:16',2,NULL,5),(3866,'Tapiraí',29,'2018-02-02 15:13:25','2019-04-22 18:11:16',2,NULL,5),(3867,'Tapiratiba',29,'2018-02-02 15:13:26','2019-04-22 18:11:17',2,NULL,5),(3868,'Taquaral',29,'2018-02-02 15:13:26','2019-04-22 18:11:17',2,NULL,5),(3869,'Taquaritinga',29,'2018-02-02 15:13:26','2019-04-22 18:11:17',2,NULL,5),(3870,'Taquarituba',29,'2018-02-02 15:13:27','2019-04-22 18:11:18',2,NULL,5),(3871,'Taquarivaí',29,'2018-02-02 15:13:27','2019-04-22 18:11:18',2,NULL,5),(3872,'Tarabai',29,'2018-02-02 15:13:27','2019-04-22 18:11:19',2,NULL,5),(3873,'Tarumã',29,'2018-02-02 15:13:28','2019-04-22 18:11:19',2,NULL,5),(3874,'Tatuí',29,'2018-02-02 15:13:28','2019-04-22 18:11:19',2,NULL,5),(3875,'Taubaté',29,'2018-02-02 15:13:29','2019-04-22 18:11:20',2,NULL,5),(3876,'Tejupá',29,'2018-02-02 15:13:29','2019-04-22 18:11:20',2,NULL,5),(3877,'Teodoro Sampaio',29,'2018-02-02 15:13:29','2019-04-22 18:11:20',2,NULL,5),(3878,'Terra Roxa',29,'2018-02-02 15:13:30','2019-04-22 18:11:21',2,NULL,5),(3879,'Tietê',29,'2018-02-02 15:13:30','2019-04-22 18:11:21',2,NULL,5),(3880,'Timburi',29,'2018-02-02 15:13:30','2019-04-22 18:11:21',2,NULL,5),(3881,'Torre de Pedra',29,'2018-02-02 15:13:31','2019-04-22 18:11:22',2,NULL,5),(3882,'Torrinha',29,'2018-02-02 15:13:31','2019-04-22 18:11:22',2,NULL,5),(3883,'Trabiju',29,'2018-02-02 15:13:32','2019-04-22 18:11:22',2,NULL,5),(3884,'Tremembé',29,'2018-02-02 15:13:32','2019-04-22 18:11:23',2,NULL,5),(3885,'Três Fronteiras',29,'2018-02-02 15:13:32','2019-04-22 18:11:23',2,NULL,5),(3886,'Tuiuti',29,'2018-02-02 15:13:33','2019-04-22 18:11:24',2,NULL,5),(3887,'Tupã',29,'2018-02-02 15:13:33','2019-04-22 18:11:24',2,NULL,5),(3888,'Tupi Paulista',29,'2018-02-02 15:13:33','2019-04-22 18:11:24',2,NULL,5),(3889,'Turiúba',29,'2018-02-02 15:13:34','2019-04-22 18:11:25',2,NULL,5),(3890,'Turmalina',29,'2018-02-02 15:13:34','2019-04-22 18:11:25',2,NULL,5),(3891,'Ubarana',29,'2018-02-02 15:13:34','2019-04-22 18:11:25',2,NULL,5),(3892,'Ubatuba',29,'2018-02-02 15:13:35','2019-04-22 18:11:26',2,NULL,5),(3893,'Ubirajara',29,'2018-02-02 15:13:35','2019-04-22 18:11:26',2,NULL,5),(3894,'Uchoa',29,'2018-02-02 15:13:35','2019-04-22 18:11:26',2,NULL,5),(3895,'União Paulista',29,'2018-02-02 15:13:36','2019-04-22 18:11:27',2,NULL,5),(3896,'Urânia',29,'2018-02-02 15:13:36','2019-04-22 18:11:27',2,NULL,5),(3897,'Uru',29,'2018-02-02 15:13:36','2019-04-22 18:11:28',2,NULL,5),(3898,'Urupês',29,'2018-02-02 15:13:37','2019-04-22 18:11:28',2,NULL,5),(3899,'Valentim Gentil',29,'2018-02-02 15:13:37','2019-04-22 18:11:28',2,NULL,5),(3900,'Valinhos',29,'2018-02-02 15:13:38','2019-04-22 18:11:29',2,NULL,5),(3901,'Valparaíso',29,'2018-02-02 15:13:38','2019-04-22 18:11:29',2,NULL,5),(3902,'Vargem',29,'2018-02-02 15:13:38','2019-04-22 18:11:29',2,NULL,5),(3903,'Vargem Grande do Sul',29,'2018-02-02 15:13:39','2019-04-22 18:11:30',2,NULL,5),(3904,'Vargem Grande Paulista',29,'2018-02-02 15:13:39','2019-04-22 18:11:30',2,NULL,5),(3905,'Várzea Paulista',29,'2018-02-02 15:13:39','2019-04-22 18:11:30',2,NULL,5),(3906,'Vera Cruz',29,'2018-02-02 15:13:40','2019-04-22 18:11:31',2,NULL,5),(3907,'Vinhedo',29,'2018-02-02 15:13:40','2019-04-22 18:11:31',2,NULL,5),(3908,'Viradouro',29,'2018-02-02 15:13:40','2019-04-22 18:11:32',2,NULL,5),(3909,'Vista Alegre do Alto',29,'2018-02-02 15:13:41','2019-04-22 18:11:32',2,NULL,5),(3910,'Vitória Brasil',29,'2018-02-02 15:13:41','2019-04-22 18:11:32',2,NULL,5),(3911,'Votorantim',29,'2018-02-02 15:13:41','2019-04-22 18:11:33',2,NULL,5),(3912,'Votuporanga',29,'2018-02-02 15:13:42','2019-04-22 18:11:33',2,NULL,5),(3913,'Zacarias',29,'2018-02-02 15:13:42','2019-04-22 18:11:33',2,NULL,5),(3914,'Chavantes',29,'2018-02-02 15:13:42','2019-04-22 18:11:34',2,NULL,5),(3915,'Estiva Gerbi',29,'2018-02-02 15:13:43','2019-04-22 18:11:34',2,NULL,5),(3916,'Abatiá',2,'2018-02-02 15:14:56','2019-04-22 18:11:34',2,NULL,5),(3917,'Adrianópolis',2,'2018-02-02 15:14:57','2019-04-22 18:11:35',2,NULL,5),(3918,'Agudos do Sul',2,'2018-02-02 15:14:57','2019-04-22 18:11:35',2,NULL,5),(3919,'Almirante Tamandaré',2,'2018-02-02 15:14:58','2019-04-22 18:11:35',2,NULL,5),(3920,'Altamira do Paraná',2,'2018-02-02 15:14:58','2019-04-22 18:11:36',2,NULL,5),(3921,'Altônia',2,'2018-02-02 15:14:58','2019-04-22 18:11:36',2,NULL,5),(3922,'Alto Paraná',2,'2018-02-02 15:14:59','2019-04-22 18:11:37',2,NULL,5),(3923,'Alto Piquiri',2,'2018-02-02 15:14:59','2019-04-22 18:11:37',2,NULL,5),(3924,'Alvorada do Sul',2,'2018-02-02 15:14:59','2019-04-22 18:11:37',2,NULL,5),(3925,'Amaporã',2,'2018-02-02 15:15:00','2019-04-22 18:11:38',2,NULL,5),(3926,'Ampére',2,'2018-02-02 15:15:00','2019-04-22 18:11:38',2,NULL,5),(3927,'Anahy',2,'2018-02-02 15:15:00','2019-04-22 18:11:38',2,NULL,5),(3928,'Andirá',2,'2018-02-02 15:15:01','2019-04-22 18:11:39',2,NULL,5),(3929,'Ângulo',2,'2018-02-02 15:15:01','2019-04-22 18:11:39',2,NULL,5),(3930,'Antonina',2,'2018-02-02 15:15:01','2019-04-22 18:11:39',2,NULL,5),(3931,'Antônio Olinto',2,'2018-02-02 15:15:02','2019-04-22 18:11:40',2,NULL,5),(3932,'Apucarana',2,'2018-02-02 15:15:02','2019-04-22 18:11:40',2,NULL,5),(3933,'Arapongas',2,'2018-02-02 15:15:02','2019-04-22 18:11:40',2,NULL,5),(3934,'Arapoti',2,'2018-02-02 15:15:03','2019-04-22 18:11:41',2,NULL,5),(3935,'Arapuã',2,'2018-02-02 15:15:03','2019-04-22 18:11:41',2,NULL,5),(3936,'Araruna',2,'2018-02-02 15:15:03','2019-04-22 18:11:42',2,NULL,5),(3937,'Araucária',2,'2018-02-02 15:15:04','2019-04-22 18:11:42',2,NULL,5),(3938,'Ariranha do Ivaí',2,'2018-02-02 15:15:04','2019-04-22 18:11:42',2,NULL,5),(3939,'Assaí',2,'2018-02-02 15:15:05','2019-04-22 18:11:43',2,NULL,5),(3940,'Assis Chateaubriand',2,'2018-02-02 15:15:05','2019-04-22 18:11:43',2,NULL,5),(3941,'Astorga',2,'2018-02-02 15:15:05','2019-04-22 18:11:43',2,NULL,5),(3942,'Atalaia',2,'2018-02-02 15:15:06','2019-04-22 18:11:44',2,NULL,5),(3943,'Balsa Nova',2,'2018-02-02 15:15:06','2019-04-22 18:11:44',2,NULL,5),(3944,'Bandeirantes',2,'2018-02-02 15:15:06','2019-04-22 18:11:44',2,NULL,5),(3945,'Barbosa Ferraz',2,'2018-02-02 15:15:07','2019-04-22 18:11:45',2,NULL,5),(3946,'Barracão',2,'2018-02-02 15:15:07','2019-04-22 18:11:45',2,NULL,5),(3947,'Barra do Jacaré',2,'2018-02-02 15:15:07','2019-04-22 18:11:46',2,NULL,5),(3948,'Bela Vista da Caroba',2,'2018-02-02 15:15:08','2019-04-22 18:11:46',2,NULL,5),(3949,'Bela Vista do Paraíso',2,'2018-02-02 15:15:08','2019-04-22 18:11:46',2,NULL,5),(3950,'Bituruna',2,'2018-02-02 15:15:08','2019-04-22 18:11:47',2,NULL,5),(3951,'Boa Esperança',2,'2018-02-02 15:15:09','2019-04-22 18:11:47',2,NULL,5),(3952,'Boa Esperança do Iguaçu',2,'2018-02-02 15:15:09','2019-04-22 18:11:47',2,NULL,5),(3953,'Boa Ventura de São Roque',2,'2018-02-02 15:15:09','2019-04-22 18:11:48',2,NULL,5),(3954,'Boa Vista da Aparecida',2,'2018-02-02 15:15:10','2019-04-22 18:11:48',2,NULL,5),(3955,'Bocaiúva do Sul',2,'2018-02-02 15:15:10','2019-04-22 18:11:48',2,NULL,5),(3956,'Bom Jesus do Sul',2,'2018-02-02 15:15:10','2019-04-22 18:11:49',2,NULL,5),(3957,'Bom Sucesso',2,'2018-02-02 15:15:11','2019-04-22 18:11:49',2,NULL,5),(3958,'Bom Sucesso do Sul',2,'2018-02-02 15:15:11','2019-04-22 18:11:49',2,NULL,5),(3959,'Borrazópolis',2,'2018-02-02 15:15:11','2019-04-22 18:11:50',2,NULL,5),(3960,'Braganey',2,'2018-02-02 15:15:12','2019-04-22 18:11:50',2,NULL,5),(3961,'Brasilândia do Sul',2,'2018-02-02 15:15:12','2019-04-22 18:11:51',2,NULL,5),(3962,'Cafeara',2,'2018-02-02 15:15:13','2019-04-22 18:11:51',2,NULL,5),(3963,'Cafelândia',2,'2018-02-02 15:15:13','2019-04-22 18:11:51',2,NULL,5),(3964,'Cafezal do Sul',2,'2018-02-02 15:15:13','2019-04-22 18:11:52',2,NULL,5),(3965,'Califórnia',2,'2018-02-02 15:15:14','2019-04-22 18:11:52',2,NULL,5),(3966,'Cambará',2,'2018-02-02 15:15:14','2019-04-22 18:11:52',2,NULL,5),(3967,'Cambé',2,'2018-02-02 15:15:14','2019-04-22 18:11:53',2,NULL,5),(3968,'Cambira',2,'2018-02-02 15:15:15','2019-04-22 18:11:53',2,NULL,5),(3969,'Campina da Lagoa',2,'2018-02-02 15:15:15','2019-04-22 18:11:53',2,NULL,5),(3970,'Campina do Simão',2,'2018-02-02 15:15:15','2019-04-22 18:11:54',2,NULL,5),(3971,'Campina Grande do Sul',2,'2018-02-02 15:15:16','2019-04-22 18:11:54',2,NULL,5),(3972,'Campo Bonito',2,'2018-02-02 15:15:16','2019-04-22 18:11:54',2,NULL,5),(3973,'Campo do Tenente',2,'2018-02-02 15:15:16','2019-04-22 18:11:55',2,NULL,5),(3974,'Campo Largo',2,'2018-02-02 15:15:17','2019-04-22 18:11:55',2,NULL,5),(3975,'Campo Magro',2,'2018-02-02 15:15:17','2019-04-22 18:11:56',2,NULL,5),(3976,'Campo Mourão',2,'2018-02-02 15:15:17','2019-04-22 18:11:56',2,NULL,5),(3977,'Cândido de Abreu',2,'2018-02-02 15:15:18','2019-04-22 18:11:56',2,NULL,5),(3978,'Candói',2,'2018-02-02 15:15:18','2019-04-22 18:11:57',2,NULL,5),(3979,'Cantagalo',2,'2018-02-02 15:15:18','2019-04-22 18:11:57',2,NULL,5),(3980,'Capanema',2,'2018-02-02 15:15:19','2019-04-22 18:11:57',2,NULL,5),(3981,'Capitão Leônidas Marques',2,'2018-02-02 15:15:19','2019-04-22 18:11:58',2,NULL,5),(3982,'Carambeí',2,'2018-02-02 15:15:19','2019-04-22 18:11:58',2,NULL,5),(3983,'Carlópolis',2,'2018-02-02 15:15:20','2019-04-22 18:11:58',2,NULL,5),(3984,'Cascavel',2,'2018-02-02 15:15:20','2019-04-22 18:11:59',2,NULL,5),(3985,'Castro',2,'2018-02-02 15:15:21','2019-04-22 18:11:59',2,NULL,5),(3986,'Catanduvas',2,'2018-02-02 15:15:21','2019-04-22 18:11:59',2,NULL,5),(3987,'Centenário do Sul',2,'2018-02-02 15:15:21','2019-04-22 18:12:00',2,NULL,5),(3988,'Cerro Azul',2,'2018-02-02 15:15:22','2019-04-22 18:12:00',2,NULL,5),(3989,'Céu Azul',2,'2018-02-02 15:15:22','2019-04-22 18:12:01',2,NULL,5),(3990,'Chopinzinho',2,'2018-02-02 15:15:22','2019-04-22 18:12:01',2,NULL,5),(3991,'Cianorte',2,'2018-02-02 15:15:23','2019-04-22 18:12:01',2,NULL,5),(3992,'Cidade Gaúcha',2,'2018-02-02 15:15:23','2019-04-22 18:12:02',2,NULL,5),(3993,'Clevelândia',2,'2018-02-02 15:15:23','2019-04-22 18:12:02',2,NULL,5),(3994,'Colombo',2,'2018-02-02 15:15:24','2019-04-22 18:12:02',2,NULL,5),(3995,'Colorado',2,'2018-02-02 15:15:24','2019-04-22 18:12:03',2,NULL,5),(3996,'Congonhinhas',2,'2018-02-02 15:15:24','2019-04-22 18:12:03',2,NULL,5),(3997,'Conselheiro Mairinck',2,'2018-02-02 15:15:25','2019-04-22 18:12:03',2,NULL,5),(3998,'Contenda',2,'2018-02-02 15:15:25','2019-04-22 18:12:04',2,NULL,5),(3999,'Corbélia',2,'2018-02-02 15:15:25','2019-04-22 18:12:04',2,NULL,5),(4000,'Cornélio Procópio',2,'2018-02-02 15:15:26','2019-04-22 18:12:04',2,NULL,5),(4001,'Coronel Domingos Soares',2,'2018-02-02 15:15:26','2019-04-22 18:12:05',2,NULL,5),(4002,'Coronel Vivida',2,'2018-02-02 15:15:26','2019-04-22 18:12:05',2,NULL,5),(4003,'Corumbataí do Sul',2,'2018-02-02 15:15:27','2019-04-22 18:12:06',2,NULL,5),(4004,'Cruzeiro do Iguaçu',2,'2018-02-02 15:15:27','2019-04-22 18:12:06',2,NULL,5),(4005,'Cruzeiro do Oeste',2,'2018-02-02 15:15:27','2019-04-22 18:12:06',2,NULL,5),(4006,'Cruzeiro do Sul',2,'2018-02-02 15:15:28','2019-04-22 18:12:07',2,NULL,5),(4007,'Cruz Machado',2,'2018-02-02 15:15:28','2019-04-22 18:12:07',2,NULL,5),(4008,'Cruzmaltina',2,'2018-02-02 15:15:29','2019-04-22 18:12:07',2,NULL,5),(4009,'Curiúva',2,'2018-02-02 15:15:29','2019-04-22 18:12:08',2,NULL,5),(4010,'Diamante do Norte',2,'2018-02-02 15:15:29','2019-04-22 18:12:08',2,NULL,5),(4011,'Diamante do Sul',2,'2018-02-02 15:15:30','2019-04-22 18:12:08',2,NULL,5),(4012,'Diamante D\'Oeste',2,'2018-02-02 15:15:30','2019-04-22 18:12:09',2,NULL,5),(4013,'Dois Vizinhos',2,'2018-02-02 15:15:30','2019-04-22 18:12:09',2,NULL,5),(4014,'Douradina',2,'2018-02-02 15:15:31','2019-04-22 18:12:09',2,NULL,5),(4015,'Doutor Camargo',2,'2018-02-02 15:15:31','2019-04-22 18:12:10',2,NULL,5),(4016,'Enéas Marques',2,'2018-02-02 15:15:31','2019-04-22 18:12:10',2,NULL,5),(4017,'Engenheiro Beltrão',2,'2018-02-02 15:15:32','2019-04-22 18:12:11',2,NULL,5),(4018,'Esperança Nova',2,'2018-02-02 15:15:32','2019-04-22 18:12:11',2,NULL,5),(4019,'Entre Rios do Oeste',2,'2018-02-02 15:15:32','2019-04-22 18:12:11',2,NULL,5),(4020,'Espigão Alto do Iguaçu',2,'2018-02-02 15:15:33','2019-04-22 18:12:12',2,NULL,5),(4021,'Farol',2,'2018-02-02 15:15:33','2019-04-22 18:12:12',2,NULL,5),(4022,'Faxinal',2,'2018-02-02 15:15:33','2019-04-22 18:12:12',2,NULL,5),(4023,'Fazenda Rio Grande',2,'2018-02-02 15:15:34','2019-04-22 18:12:13',2,NULL,5),(4024,'Fênix',2,'2018-02-02 15:15:34','2019-04-22 18:12:13',2,NULL,5),(4025,'Fernandes Pinheiro',2,'2018-02-02 15:15:34','2019-04-22 18:12:13',2,NULL,5),(4026,'Figueira',2,'2018-02-02 15:15:35','2019-04-22 18:12:14',2,NULL,5),(4027,'Floraí',2,'2018-02-02 15:15:35','2019-04-22 18:12:14',2,NULL,5),(4028,'Flor da Serra do Sul',2,'2018-02-02 15:15:36','2019-04-22 18:12:14',2,NULL,5),(4029,'Floresta',2,'2018-02-02 15:15:36','2019-04-22 18:12:15',2,NULL,5),(4030,'Florestópolis',2,'2018-02-02 15:15:36','2019-04-22 18:12:15',2,NULL,5),(4031,'Flórida',2,'2018-02-02 15:15:37','2019-04-22 18:12:16',2,NULL,5),(4032,'Formosa do Oeste',2,'2018-02-02 15:15:37','2019-04-22 18:12:16',2,NULL,5),(4033,'Foz do Iguaçu',2,'2018-02-02 15:15:37','2019-04-22 18:12:16',2,NULL,5),(4034,'Francisco Alves',2,'2018-02-02 15:15:38','2019-04-22 18:12:17',2,NULL,5),(4035,'Francisco Beltrão',2,'2018-02-02 15:15:38','2019-04-22 18:12:17',2,NULL,5),(4036,'Foz do Jordão',2,'2018-02-02 15:15:38','2019-04-22 18:12:17',2,NULL,5),(4037,'General Carneiro',2,'2018-02-02 15:15:39','2019-04-22 18:12:18',2,NULL,5),(4038,'Godoy Moreira',2,'2018-02-02 15:15:39','2019-04-22 18:12:18',2,NULL,5),(4039,'Goioerê',2,'2018-02-02 15:15:39','2019-04-22 18:12:18',2,NULL,5),(4040,'Goioxim',2,'2018-02-02 15:15:40','2019-04-22 18:12:19',2,NULL,5),(4041,'Grandes Rios',2,'2018-02-02 15:15:40','2019-04-22 18:12:19',2,NULL,5),(4042,'Guaíra',2,'2018-02-02 15:15:40','2019-04-22 18:12:20',2,NULL,5),(4043,'Guairaçá',2,'2018-02-02 15:15:41','2019-04-22 18:12:20',2,NULL,5),(4044,'Guamiranga',2,'2018-02-02 15:15:41','2019-04-22 18:12:20',2,NULL,5),(4045,'Guapirama',2,'2018-02-02 15:15:41','2019-04-22 18:12:21',2,NULL,5),(4046,'Guaporema',2,'2018-02-02 15:15:42','2019-04-22 18:12:21',2,NULL,5),(4047,'Guaraci',2,'2018-02-02 15:15:42','2019-04-22 18:12:21',2,NULL,5),(4048,'Guaraniaçu',2,'2018-02-02 15:15:42','2019-04-22 18:12:22',2,NULL,5),(4049,'Guarapuava',2,'2018-02-02 15:15:43','2019-04-22 18:12:22',2,NULL,5),(4050,'Guaraqueçaba',2,'2018-02-02 15:15:43','2019-04-22 18:12:22',2,NULL,5),(4051,'Guaratuba',2,'2018-02-02 15:15:44','2019-04-22 18:12:23',2,NULL,5),(4052,'Honório Serpa',2,'2018-02-02 15:15:44','2019-04-22 18:12:23',2,NULL,5),(4053,'Ibaiti',2,'2018-02-02 15:15:44','2019-04-22 18:12:23',2,NULL,5),(4054,'Ibema',2,'2018-02-02 15:15:45','2019-04-22 18:12:24',2,NULL,5),(4055,'Ibiporã',2,'2018-02-02 15:15:45','2019-04-22 18:12:24',2,NULL,5),(4056,'Icaraíma',2,'2018-02-02 15:15:45','2019-04-22 18:12:25',2,NULL,5),(4057,'Iguaraçu',2,'2018-02-02 15:15:46','2019-04-22 18:12:25',2,NULL,5),(4058,'Iguatu',2,'2018-02-02 15:15:46','2019-04-22 18:12:25',2,NULL,5),(4059,'Imbaú',2,'2018-02-02 15:15:46','2019-04-22 18:12:26',2,NULL,5),(4060,'Imbituva',2,'2018-02-02 15:15:47','2019-04-22 18:12:26',2,NULL,5),(4061,'Inácio Martins',2,'2018-02-02 15:15:47','2019-04-22 18:12:26',2,NULL,5),(4062,'Inajá',2,'2018-02-02 15:15:47','2019-04-22 18:12:27',2,NULL,5),(4063,'Indianópolis',2,'2018-02-02 15:15:48','2019-04-22 18:12:27',2,NULL,5),(4064,'Ipiranga',2,'2018-02-02 15:15:48','2019-04-22 18:12:27',2,NULL,5),(4065,'Iporã',2,'2018-02-02 15:15:48','2019-04-22 18:12:28',2,NULL,5),(4066,'Iracema do Oeste',2,'2018-02-02 15:15:49','2019-04-22 18:12:28',2,NULL,5),(4067,'Irati',2,'2018-02-02 15:15:49','2019-04-22 18:12:29',2,NULL,5),(4068,'Iretama',2,'2018-02-02 15:15:49','2019-04-22 18:12:29',2,NULL,5),(4069,'Itaguajé',2,'2018-02-02 15:15:50','2019-04-22 18:12:29',2,NULL,5),(4070,'Itaipulândia',2,'2018-02-02 15:15:50','2019-04-22 18:12:30',2,NULL,5),(4071,'Itambaracá',2,'2018-02-02 15:15:50','2019-04-22 18:12:30',2,NULL,5),(4072,'Itambé',2,'2018-02-02 15:15:51','2019-04-22 18:12:30',2,NULL,5),(4073,'Itapejara D\'Oeste',2,'2018-02-02 15:15:51','2019-04-22 18:12:31',2,NULL,5),(4074,'Itaperuçu',2,'2018-02-02 15:15:52','2019-04-22 18:12:31',2,NULL,5),(4075,'Itaúna do Sul',2,'2018-02-02 15:15:52','2019-04-22 18:12:31',2,NULL,5),(4076,'Ivaí',2,'2018-02-02 15:15:52','2019-04-22 18:12:32',2,NULL,5),(4077,'Ivaiporã',2,'2018-02-02 15:15:53','2019-04-22 18:12:32',2,NULL,5),(4078,'Ivaté',2,'2018-02-02 15:15:53','2019-04-22 18:12:32',2,NULL,5),(4079,'Ivatuba',2,'2018-02-02 15:15:53','2019-04-22 18:12:33',2,NULL,5),(4080,'Jaboti',2,'2018-02-02 15:15:54','2019-04-22 18:12:33',2,NULL,5),(4081,'Jacarezinho',2,'2018-02-02 15:15:54','2019-04-22 18:12:34',2,NULL,5),(4082,'Jaguapitã',2,'2018-02-02 15:15:54','2019-04-22 18:12:34',2,NULL,5),(4083,'Jaguariaíva',2,'2018-02-02 15:15:55','2019-04-22 18:12:34',2,NULL,5),(4084,'Jandaia do Sul',2,'2018-02-02 15:15:55','2019-04-22 18:12:35',2,NULL,5),(4085,'Janiópolis',2,'2018-02-02 15:15:55','2019-04-22 18:12:35',2,NULL,5),(4086,'Japira',2,'2018-02-02 15:15:56','2019-04-22 18:12:35',2,NULL,5),(4087,'Japurá',2,'2018-02-02 15:15:56','2019-04-22 18:12:36',2,NULL,5),(4088,'Jardim Alegre',2,'2018-02-02 15:15:56','2019-04-22 18:12:36',2,NULL,5),(4089,'Jardim Olinda',2,'2018-02-02 15:15:57','2019-04-22 18:12:36',2,NULL,5),(4090,'Jataizinho',2,'2018-02-02 15:15:57','2019-04-22 18:12:37',2,NULL,5),(4091,'Jesuítas',2,'2018-02-02 15:15:57','2019-04-22 18:12:37',2,NULL,5),(4092,'Joaquim Távora',2,'2018-02-02 15:15:58','2019-04-22 18:12:38',2,NULL,5),(4093,'Jundiaí do Sul',2,'2018-02-02 15:15:58','2019-04-22 18:12:38',2,NULL,5),(4094,'Juranda',2,'2018-02-02 15:15:59','2019-04-22 18:12:38',2,NULL,5),(4095,'Jussara',2,'2018-02-02 15:15:59','2019-04-22 18:12:39',2,NULL,5),(4096,'Kaloré',2,'2018-02-02 15:15:59','2019-04-22 18:12:39',2,NULL,5),(4097,'Lapa',2,'2018-02-02 15:16:00','2019-04-22 18:12:39',2,NULL,5),(4098,'Laranjal',2,'2018-02-02 15:16:00','2019-04-22 18:12:40',2,NULL,5),(4099,'Laranjeiras do Sul',2,'2018-02-02 15:16:00','2019-04-22 18:12:40',2,NULL,5),(4100,'Leópolis',2,'2018-02-02 15:16:01','2019-04-22 18:12:40',2,NULL,5),(4101,'Lidianópolis',2,'2018-02-02 15:16:01','2019-04-22 18:12:41',2,NULL,5),(4102,'Lindoeste',2,'2018-02-02 15:16:01','2019-04-22 18:12:41',2,NULL,5),(4103,'Loanda',2,'2018-02-02 15:16:02','2019-04-22 18:12:41',2,NULL,5),(4104,'Lobato',2,'2018-02-02 15:16:02','2019-04-22 18:12:42',2,NULL,5),(4105,'Londrina',2,'2018-02-02 15:16:02','2019-04-22 18:12:42',2,NULL,5),(4106,'Luiziana',2,'2018-02-02 15:16:03','2019-04-22 18:12:43',2,NULL,5),(4107,'Lunardelli',2,'2018-02-02 15:16:03','2019-04-22 18:12:43',2,NULL,5),(4108,'Lupionópolis',2,'2018-02-02 15:16:03','2019-04-22 18:12:43',2,NULL,5),(4109,'Mallet',2,'2018-02-02 15:16:04','2019-04-22 18:12:44',2,NULL,5),(4110,'Mamborê',2,'2018-02-02 15:16:04','2019-04-22 18:12:44',2,NULL,5),(4111,'Mandaguaçu',2,'2018-02-02 15:16:05','2019-04-22 18:12:44',2,NULL,5),(4112,'Mandaguari',2,'2018-02-02 15:16:05','2019-04-22 18:12:45',2,NULL,5),(4113,'Mandirituba',2,'2018-02-02 15:16:05','2019-04-22 18:12:45',2,NULL,5),(4114,'Manfrinópolis',2,'2018-02-02 15:16:06','2019-04-22 18:12:45',2,NULL,5),(4115,'Mangueirinha',2,'2018-02-02 15:16:06','2019-04-22 18:12:46',2,NULL,5),(4116,'Manoel Ribas',2,'2018-02-02 15:16:06','2019-04-22 18:12:46',2,NULL,5),(4117,'Marechal Cândido Rondon',2,'2018-02-02 15:16:07','2019-04-22 18:12:46',2,NULL,5),(4118,'Maria Helena',2,'2018-02-02 15:16:07','2019-04-22 18:12:47',2,NULL,5),(4119,'Marialva',2,'2018-02-02 15:16:07','2019-04-22 18:12:47',2,NULL,5),(4120,'Marilândia do Sul',2,'2018-02-02 15:16:08','2019-04-22 18:12:48',2,NULL,5),(4121,'Marilena',2,'2018-02-02 15:16:08','2019-04-22 18:12:48',2,NULL,5),(4122,'Mariluz',2,'2018-02-02 15:16:08','2019-04-22 18:12:48',2,NULL,5),(4123,'Maringá',2,'2018-02-02 15:16:09','2019-04-22 18:12:49',2,NULL,5),(4124,'Mariópolis',2,'2018-02-02 15:16:09','2019-04-22 18:12:49',2,NULL,5),(4125,'Maripá',2,'2018-02-02 15:16:09','2019-04-22 18:12:49',2,NULL,5),(4126,'Marmeleiro',2,'2018-02-02 15:16:10','2019-04-22 18:12:50',2,NULL,5),(4127,'Marquinho',2,'2018-02-02 15:16:10','2019-04-22 18:12:50',2,NULL,5),(4128,'Marumbi',2,'2018-02-02 15:16:11','2019-04-22 18:12:50',2,NULL,5),(4129,'Matelândia',2,'2018-02-02 15:16:11','2019-04-22 18:12:51',2,NULL,5),(4130,'Matinhos',2,'2018-02-02 15:16:11','2019-04-22 18:12:51',2,NULL,5),(4131,'Mato Rico',2,'2018-02-02 15:16:12','2019-04-22 18:12:51',2,NULL,5),(4132,'Mauá da Serra',2,'2018-02-02 15:16:12','2019-04-22 18:12:52',2,NULL,5),(4133,'Medianeira',2,'2018-02-02 15:16:12','2019-04-22 18:12:52',2,NULL,5),(4134,'Mercedes',2,'2018-02-02 15:16:13','2019-04-22 18:12:53',2,NULL,5),(4135,'Mirador',2,'2018-02-02 15:16:13','2019-04-22 18:12:53',2,NULL,5),(4136,'Miraselva',2,'2018-02-02 15:16:14','2019-04-22 18:12:53',2,NULL,5),(4137,'Missal',2,'2018-02-02 15:16:14','2019-04-22 18:12:54',2,NULL,5),(4138,'Moreira Sales',2,'2018-02-02 15:16:14','2019-04-22 18:12:54',2,NULL,5),(4139,'Morretes',2,'2018-02-02 15:16:15','2019-04-22 18:12:54',2,NULL,5),(4140,'Munhoz de Melo',2,'2018-02-02 15:16:15','2019-04-22 18:12:55',2,NULL,5),(4141,'Nossa Senhora das Graças',2,'2018-02-02 15:16:15','2019-04-22 18:12:55',2,NULL,5),(4142,'Nova Aliança do Ivaí',2,'2018-02-02 15:16:16','2019-04-22 18:12:55',2,NULL,5),(4143,'Nova América da Colina',2,'2018-02-02 15:16:16','2019-04-22 18:12:56',2,NULL,5),(4144,'Nova Aurora',2,'2018-02-02 15:16:16','2019-04-22 18:12:56',2,NULL,5),(4145,'Nova Cantu',2,'2018-02-02 15:16:17','2019-04-22 18:12:57',2,NULL,5),(4146,'Nova Esperança',2,'2018-02-02 15:16:17','2019-04-22 18:12:57',2,NULL,5),(4147,'Nova Esperança do Sudoeste',2,'2018-02-02 15:16:17','2019-04-22 18:12:57',2,NULL,5),(4148,'Nova Fátima',2,'2018-02-02 15:16:18','2019-04-22 18:12:58',2,NULL,5),(4149,'Nova Laranjeiras',2,'2018-02-02 15:16:18','2019-04-22 18:12:58',2,NULL,5),(4150,'Nova Londrina',2,'2018-02-02 15:16:18','2019-04-22 18:12:58',2,NULL,5),(4151,'Nova Olímpia',2,'2018-02-02 15:16:19','2019-04-22 18:12:59',2,NULL,5),(4152,'Nova Santa Bárbara',2,'2018-02-02 15:16:19','2019-04-22 18:12:59',2,NULL,5),(4153,'Nova Santa Rosa',2,'2018-02-02 15:16:19','2019-04-22 18:12:59',2,NULL,5),(4154,'Nova Prata do Iguaçu',2,'2018-02-02 15:16:20','2019-04-22 18:13:00',2,NULL,5),(4155,'Nova Tebas',2,'2018-02-02 15:16:20','2019-04-22 18:13:00',2,NULL,5),(4156,'Novo Itacolomi',2,'2018-02-02 15:16:20','2019-04-22 18:13:00',2,NULL,5),(4157,'Ortigueira',2,'2018-02-02 15:16:21','2019-04-22 18:13:01',2,NULL,5),(4158,'Ourizona',2,'2018-02-02 15:16:21','2019-04-22 18:13:01',2,NULL,5),(4159,'Ouro Verde do Oeste',2,'2018-02-02 15:16:22','2019-04-22 18:13:02',2,NULL,5),(4160,'Paiçandu',2,'2018-02-02 15:16:22','2019-04-22 18:13:02',2,NULL,5),(4161,'Palmas',2,'2018-02-02 15:16:22','2019-04-22 18:13:02',2,NULL,5),(4162,'Palmeira',2,'2018-02-02 15:16:23','2019-04-22 18:13:03',2,NULL,5),(4163,'Palmital',2,'2018-02-02 15:16:23','2019-04-22 18:13:03',2,NULL,5),(4164,'Palotina',2,'2018-02-02 15:16:23','2019-04-22 18:13:03',2,NULL,5),(4165,'Paraíso do Norte',2,'2018-02-02 15:16:24','2019-04-22 18:13:04',2,NULL,5),(4166,'Paranacity',2,'2018-02-02 15:16:24','2019-04-22 18:13:04',2,NULL,5),(4167,'Paranaguá',2,'2018-02-02 15:16:24','2019-04-22 18:13:04',2,NULL,5),(4168,'Paranapoema',2,'2018-02-02 15:16:25','2019-04-22 18:13:05',2,NULL,5),(4169,'Paranavaí',2,'2018-02-02 15:16:25','2019-04-22 18:13:05',2,NULL,5),(4170,'Pato Bragado',2,'2018-02-02 15:16:25','2019-04-22 18:13:06',2,NULL,5),(4171,'Pato Branco',2,'2018-02-02 15:16:26','2019-04-22 18:13:06',2,NULL,5),(4172,'Paula Freitas',2,'2018-02-02 15:16:26','2019-04-22 18:13:06',2,NULL,5),(4173,'Paulo Frontin',2,'2018-02-02 15:16:26','2019-04-22 18:13:07',2,NULL,5),(4174,'Peabiru',2,'2018-02-02 15:16:27','2019-04-22 18:13:07',2,NULL,5),(4175,'Perobal',2,'2018-02-02 15:16:27','2019-04-22 18:13:07',2,NULL,5),(4176,'Pérola',2,'2018-02-02 15:16:27','2019-04-22 18:13:08',2,NULL,5),(4177,'Pérola D\'Oeste',2,'2018-02-02 15:16:28','2019-04-22 18:13:08',2,NULL,5),(4178,'Piên',2,'2018-02-02 15:16:28','2019-04-22 18:13:08',2,NULL,5),(4179,'Pinhais',2,'2018-02-02 15:16:28','2019-04-22 18:13:09',2,NULL,5),(4180,'Pinhalão',2,'2018-02-02 15:16:29','2019-04-22 18:13:09',2,NULL,5),(4181,'Pinhal de São Bento',2,'2018-02-02 15:16:29','2019-04-22 18:13:09',2,NULL,5),(4182,'Pinhão',2,'2018-02-02 15:16:30','2019-04-22 18:13:10',2,NULL,5),(4183,'Piraí do Sul',2,'2018-02-02 15:16:30','2019-04-22 18:13:10',2,NULL,5),(4184,'Piraquara',2,'2018-02-02 15:16:30','2019-04-22 18:13:11',2,NULL,5),(4185,'Pitanga',2,'2018-02-02 15:16:31','2019-04-22 18:13:11',2,NULL,5),(4186,'Pitangueiras',2,'2018-02-02 15:16:31','2019-04-22 18:13:11',2,NULL,5),(4187,'Planaltina do Paraná',2,'2018-02-02 15:16:31','2019-04-22 18:13:12',2,NULL,5),(4188,'Planalto',2,'2018-02-02 15:16:32','2019-04-22 18:13:12',2,NULL,5),(4189,'Ponta Grossa',2,'2018-02-02 15:16:32','2019-04-22 18:13:12',2,NULL,5),(4190,'Pontal do Paraná',2,'2018-02-02 15:16:32','2019-04-22 18:13:13',2,NULL,5),(4191,'Porecatu',2,'2018-02-02 15:16:33','2019-04-22 18:13:13',2,NULL,5),(4192,'Porto Amazonas',2,'2018-02-02 15:16:33','2019-04-22 18:13:13',2,NULL,5),(4193,'Porto Barreiro',2,'2018-02-02 15:16:33','2019-04-22 18:13:14',2,NULL,5),(4194,'Porto Rico',2,'2018-02-02 15:16:34','2019-04-22 18:13:14',2,NULL,5),(4195,'Porto Vitória',2,'2018-02-02 15:16:34','2019-04-22 18:13:14',2,NULL,5),(4196,'Prado Ferreira',2,'2018-02-02 15:16:34','2019-04-22 18:13:15',2,NULL,5),(4197,'Pranchita',2,'2018-02-02 15:16:35','2019-04-22 18:13:15',2,NULL,5),(4198,'Presidente Castelo Branco',2,'2018-02-02 15:16:35','2019-04-22 18:13:16',2,NULL,5),(4199,'Primeiro de Maio',2,'2018-02-02 15:16:35','2019-04-22 18:13:16',2,NULL,5),(4200,'Prudentópolis',2,'2018-02-02 15:16:36','2019-04-22 18:13:16',2,NULL,5),(4201,'Quarto Centenário',2,'2018-02-02 15:16:36','2019-04-22 18:13:17',2,NULL,5),(4202,'Quatiguá',2,'2018-02-02 15:16:36','2019-04-22 18:13:17',2,NULL,5),(4203,'Quatro Barras',2,'2018-02-02 15:16:37','2019-04-22 18:13:17',2,NULL,5),(4204,'Quatro Pontes',2,'2018-02-02 15:16:37','2019-04-22 18:13:18',2,NULL,5),(4205,'Quedas do Iguaçu',2,'2018-02-02 15:16:38','2019-04-22 18:13:18',2,NULL,5),(4206,'Querência do Norte',2,'2018-02-02 15:16:38','2019-04-22 18:13:18',2,NULL,5),(4207,'Quinta do Sol',2,'2018-02-02 15:16:38','2019-04-22 18:13:19',2,NULL,5),(4208,'Quitandinha',2,'2018-02-02 15:16:39','2019-04-22 18:13:19',2,NULL,5),(4209,'Ramilândia',2,'2018-02-02 15:16:39','2019-04-22 18:13:20',2,NULL,5),(4210,'Rancho Alegre',2,'2018-02-02 15:16:39','2019-04-22 18:13:20',2,NULL,5),(4211,'Rancho Alegre D\'Oeste',2,'2018-02-02 15:16:40','2019-04-22 18:13:20',2,NULL,5),(4212,'Realeza',2,'2018-02-02 15:16:40','2019-04-22 18:13:21',2,NULL,5),(4213,'Rebouças',2,'2018-02-02 15:16:40','2019-04-22 18:13:21',2,NULL,5),(4214,'Renascença',2,'2018-02-02 15:16:41','2019-04-22 18:13:21',2,NULL,5),(4215,'Reserva',2,'2018-02-02 15:16:41','2019-04-22 18:13:22',2,NULL,5),(4216,'Reserva do Iguaçu',2,'2018-02-02 15:16:41','2019-04-22 18:13:22',2,NULL,5),(4217,'Ribeirão Claro',2,'2018-02-02 15:16:42','2019-04-22 18:13:22',2,NULL,5),(4218,'Ribeirão do Pinhal',2,'2018-02-02 15:16:42','2019-04-22 18:13:23',2,NULL,5),(4219,'Rio Azul',2,'2018-02-02 15:16:43','2019-04-22 18:13:23',2,NULL,5),(4220,'Rio Bom',2,'2018-02-02 15:16:43','2019-04-22 18:13:23',2,NULL,5),(4221,'Rio Bonito do Iguaçu',2,'2018-02-02 15:16:43','2019-04-22 18:13:24',2,NULL,5),(4222,'Rio Branco do Ivaí',2,'2018-02-02 15:16:44','2019-04-22 18:13:24',2,NULL,5),(4223,'Rio Branco do Sul',2,'2018-02-02 15:16:44','2019-04-22 18:13:25',2,NULL,5),(4224,'Rio Negro',2,'2018-02-02 15:16:44','2019-04-22 18:13:25',2,NULL,5),(4225,'Rolândia',2,'2018-02-02 15:16:45','2019-04-22 18:13:25',2,NULL,5),(4226,'Roncador',2,'2018-02-02 15:16:45','2019-04-22 18:13:26',2,NULL,5),(4227,'Rondon',2,'2018-02-02 15:16:45','2019-04-22 18:13:26',2,NULL,5),(4228,'Rosário do Ivaí',2,'2018-02-02 15:16:46','2019-04-22 18:13:26',2,NULL,5),(4229,'Sabáudia',2,'2018-02-02 15:16:46','2019-04-22 18:13:27',2,NULL,5),(4230,'Salgado Filho',2,'2018-02-02 15:16:46','2019-04-22 18:13:27',2,NULL,5),(4231,'Salto do Itararé',2,'2018-02-02 15:16:47','2019-04-22 18:13:27',2,NULL,5),(4232,'Salto do Lontra',2,'2018-02-02 15:16:47','2019-04-22 18:13:28',2,NULL,5),(4233,'Santa Amélia',2,'2018-02-02 15:16:48','2019-04-22 18:13:28',2,NULL,5),(4234,'Santa Cecília do Pavão',2,'2018-02-02 15:16:48','2019-04-22 18:13:28',2,NULL,5),(4235,'Santa Cruz de Monte Castelo',2,'2018-02-02 15:16:48','2019-04-22 18:13:29',2,NULL,5),(4236,'Santa Fé',2,'2018-02-02 15:16:49','2019-04-22 18:13:29',2,NULL,5),(4237,'Santa Helena',2,'2018-02-02 15:16:49','2019-04-22 18:13:30',2,NULL,5),(4238,'Santa Inês',2,'2018-02-02 15:16:49','2019-04-22 18:13:30',2,NULL,5),(4239,'Santa Isabel do Ivaí',2,'2018-02-02 15:16:50','2019-04-22 18:13:30',2,NULL,5),(4240,'Santa Izabel do Oeste',2,'2018-02-02 15:16:50','2019-04-22 18:13:31',2,NULL,5),(4241,'Santa Lúcia',2,'2018-02-02 15:16:50','2019-04-22 18:13:31',2,NULL,5),(4242,'Santa Maria do Oeste',2,'2018-02-02 15:16:51','2019-04-22 18:13:31',2,NULL,5),(4243,'Santa Mariana',2,'2018-02-02 15:16:51','2019-04-22 18:13:32',2,NULL,5),(4244,'Santa Mônica',2,'2018-02-02 15:16:51','2019-04-22 18:13:32',2,NULL,5),(4245,'Santana do Itararé',2,'2018-02-02 15:16:52','2019-04-22 18:13:32',2,NULL,5),(4246,'Santa Tereza do Oeste',2,'2018-02-02 15:16:52','2019-04-22 18:13:33',2,NULL,5),(4247,'Santa Terezinha de Itaipu',2,'2018-02-02 15:16:52','2019-04-22 18:13:33',2,NULL,5),(4248,'Santo Antônio da Platina',2,'2018-02-02 15:16:53','2019-04-22 18:13:34',2,NULL,5),(4249,'Santo Antônio do Caiuá',2,'2018-02-02 15:16:53','2019-04-22 18:13:34',2,NULL,5),(4250,'Santo Antônio do Paraíso',2,'2018-02-02 15:16:53','2019-04-22 18:13:34',2,NULL,5),(4251,'Santo Antônio do Sudoeste',2,'2018-02-02 15:16:54','2019-04-22 18:13:35',2,NULL,5),(4252,'Santo Inácio',2,'2018-02-02 15:16:54','2019-04-22 18:13:35',2,NULL,5),(4253,'São Carlos do Ivaí',2,'2018-02-02 15:16:55','2019-04-22 18:13:35',2,NULL,5),(4254,'São Jerônimo da Serra',2,'2018-02-02 15:16:55','2019-04-22 18:13:36',2,NULL,5),(4255,'São João',2,'2018-02-02 15:16:55','2019-04-22 18:13:36',2,NULL,5),(4256,'São João do Caiuá',2,'2018-02-02 15:16:56','2019-04-22 18:13:36',2,NULL,5),(4257,'São João do Ivaí',2,'2018-02-02 15:16:56','2019-04-22 18:13:37',2,NULL,5),(4258,'São João do Triunfo',2,'2018-02-02 15:16:56','2019-04-22 18:13:37',2,NULL,5),(4259,'São Jorge D\'Oeste',2,'2018-02-02 15:16:57','2019-04-22 18:13:37',2,NULL,5),(4260,'São Jorge do Ivaí',2,'2018-02-02 15:16:57','2019-04-22 18:13:38',2,NULL,5),(4261,'São Jorge do Patrocínio',2,'2018-02-02 15:16:57','2019-04-22 18:13:38',2,NULL,5),(4262,'São José da Boa Vista',2,'2018-02-02 15:16:58','2019-04-22 18:13:39',2,NULL,5),(4263,'São José das Palmeiras',2,'2018-02-02 15:16:58','2019-04-22 18:13:39',2,NULL,5),(4264,'São José dos Pinhais',2,'2018-02-02 15:16:58','2019-04-22 18:13:39',2,NULL,5),(4265,'São Manoel do Paraná',2,'2018-02-02 15:16:59','2019-04-22 18:13:40',2,NULL,5),(4266,'São Mateus do Sul',2,'2018-02-02 15:16:59','2019-04-22 18:13:40',2,NULL,5),(4267,'São Miguel do Iguaçu',2,'2018-02-02 15:16:59','2019-04-22 18:13:40',2,NULL,5),(4268,'São Pedro do Iguaçu',2,'2018-02-02 15:17:00','2019-04-22 18:13:41',2,NULL,5),(4269,'São Pedro do Ivaí',2,'2018-02-02 15:17:00','2019-04-22 18:13:41',2,NULL,5),(4270,'São Pedro do Paraná',2,'2018-02-02 15:17:00','2019-04-22 18:13:41',2,NULL,5),(4271,'São Sebastião da Amoreira',2,'2018-02-02 15:17:01','2019-04-22 18:13:42',2,NULL,5),(4272,'São Tomé',2,'2018-02-02 15:17:01','2019-04-22 18:13:42',2,NULL,5),(4273,'Sapopema',2,'2018-02-02 15:17:02','2019-04-22 18:13:43',2,NULL,5),(4274,'Sarandi',2,'2018-02-02 15:17:02','2019-04-22 18:13:43',2,NULL,5),(4275,'Saudade do Iguaçu',2,'2018-02-02 15:17:02','2019-04-22 18:13:43',2,NULL,5),(4276,'Sengés',2,'2018-02-02 15:17:03','2019-04-22 18:13:44',2,NULL,5),(4277,'Serranópolis do Iguaçu',2,'2018-02-02 15:17:03','2019-04-22 18:13:44',2,NULL,5),(4278,'Sertaneja',2,'2018-02-02 15:17:03','2019-04-22 18:13:44',2,NULL,5),(4279,'Sertanópolis',2,'2018-02-02 15:17:04','2019-04-22 18:13:45',2,NULL,5),(4280,'Siqueira Campos',2,'2018-02-02 15:17:04','2019-04-22 18:13:45',2,NULL,5),(4281,'Sulina',2,'2018-02-02 15:17:04','2019-04-22 18:13:45',2,NULL,5),(4282,'Tamarana',2,'2018-02-02 15:17:05','2019-04-22 18:13:46',2,NULL,5),(4283,'Tamboara',2,'2018-02-02 15:17:05','2019-04-22 18:13:46',2,NULL,5),(4284,'Tapejara',2,'2018-02-02 15:17:05','2019-04-22 18:13:46',2,NULL,5),(4285,'Tapira',2,'2018-02-02 15:17:06','2019-04-22 18:13:47',2,NULL,5),(4286,'Teixeira Soares',2,'2018-02-02 15:17:06','2019-04-22 18:13:47',2,NULL,5),(4287,'Telêmaco Borba',2,'2018-02-02 15:17:06','2019-04-22 18:13:48',2,NULL,5),(4288,'Terra Boa',2,'2018-02-02 15:17:07','2019-04-22 18:13:48',2,NULL,5),(4289,'Terra Rica',2,'2018-02-02 15:17:07','2019-04-22 18:13:48',2,NULL,5),(4290,'Terra Roxa',2,'2018-02-02 15:17:07','2019-04-22 18:13:49',2,NULL,5),(4291,'Tibagi',2,'2018-02-02 15:17:08','2019-04-22 18:13:49',2,NULL,5),(4292,'Tijucas do Sul',2,'2018-02-02 15:17:08','2019-04-22 18:13:49',2,NULL,5),(4293,'Toledo',2,'2018-02-02 15:17:08','2019-04-22 18:13:50',2,NULL,5),(4294,'Tomazina',2,'2018-02-02 15:17:09','2019-04-22 18:13:50',2,NULL,5),(4295,'Três Barras do Paraná',2,'2018-02-02 15:17:09','2019-04-22 18:13:50',2,NULL,5),(4296,'Tunas do Paraná',2,'2018-02-02 15:17:10','2019-04-22 18:13:51',2,NULL,5),(4297,'Tuneiras do Oeste',2,'2018-02-02 15:17:10','2019-04-22 18:13:51',2,NULL,5),(4298,'Tupãssi',2,'2018-02-02 15:17:10','2019-04-22 18:13:51',2,NULL,5),(4299,'Turvo',2,'2018-02-02 15:17:11','2019-04-22 18:13:52',2,NULL,5),(4300,'Ubiratã',2,'2018-02-02 15:17:11','2019-04-22 18:13:52',2,NULL,5),(4301,'Umuarama',2,'2018-02-02 15:17:11','2019-04-22 18:13:53',2,NULL,5),(4302,'União da Vitória',2,'2018-02-02 15:17:12','2019-04-22 18:13:53',2,NULL,5),(4303,'Uniflor',2,'2018-02-02 15:17:12','2019-04-22 18:13:53',2,NULL,5),(4304,'Uraí',2,'2018-02-02 15:17:12','2019-04-22 18:13:54',2,NULL,5),(4305,'Wenceslau Braz',2,'2018-02-02 15:17:13','2019-04-22 18:13:54',2,NULL,5),(4306,'Ventania',2,'2018-02-02 15:17:13','2019-04-22 18:13:54',2,NULL,5),(4307,'Vera Cruz do Oeste',2,'2018-02-02 15:17:13','2019-04-22 18:13:55',2,NULL,5),(4308,'Verê',2,'2018-02-02 15:17:14','2019-04-22 18:13:55',2,NULL,5),(4309,'Alto Paraíso',2,'2018-02-02 15:17:14','2019-04-22 18:13:55',2,NULL,5),(4310,'Doutor Ulysses',2,'2018-02-02 15:17:14','2019-04-22 18:13:56',2,NULL,5),(4311,'Virmond',2,'2018-02-02 15:17:15','2019-04-22 18:13:56',2,NULL,5),(4312,'Vitorino',2,'2018-02-02 15:17:15','2019-04-22 18:13:56',2,NULL,5),(4313,'Xambrê',2,'2018-02-02 15:17:15','2019-04-22 18:13:57',2,NULL,5),(4314,'Abdon Batista',28,'2018-02-02 15:18:37','2019-04-22 18:13:57',2,NULL,5),(4315,'Abelardo Luz',28,'2018-02-02 15:18:37','2019-04-22 18:13:58',2,NULL,5),(4316,'Agrolândia',28,'2018-02-02 15:18:38','2019-04-22 18:13:58',2,NULL,5),(4317,'Agronômica',28,'2018-02-02 15:18:38','2019-04-22 18:13:58',2,NULL,5),(4318,'Água Doce',28,'2018-02-02 15:18:38','2019-04-22 18:13:59',2,NULL,5),(4319,'Águas de Chapecó',28,'2018-02-02 15:18:39','2019-04-22 18:13:59',2,NULL,5),(4320,'Águas Frias',28,'2018-02-02 15:18:39','2019-04-22 18:13:59',2,NULL,5),(4321,'Águas Mornas',28,'2018-02-02 15:18:39','2019-04-22 18:14:00',2,NULL,5),(4322,'Alfredo Wagner',28,'2018-02-02 15:18:40','2019-04-22 18:14:00',2,NULL,5),(4323,'Alto Bela Vista',28,'2018-02-02 15:18:40','2019-04-22 18:14:00',2,NULL,5),(4324,'Anchieta',28,'2018-02-02 15:18:40','2019-04-22 18:14:01',2,NULL,5),(4325,'Angelina',28,'2018-02-02 15:18:41','2019-04-22 18:14:01',2,NULL,5),(4326,'Anita Garibaldi',28,'2018-02-02 15:18:41','2019-04-22 18:14:02',2,NULL,5),(4327,'Anitápolis',28,'2018-02-02 15:18:41','2019-04-22 18:14:02',2,NULL,5),(4328,'Antônio Carlos',28,'2018-02-02 15:18:42','2019-04-22 18:14:02',2,NULL,5),(4329,'Apiúna',28,'2018-02-02 15:18:42','2019-04-22 18:14:03',2,NULL,5),(4330,'Arabutã',28,'2018-02-02 15:18:42','2019-04-22 18:14:03',2,NULL,5),(4331,'Araquari',28,'2018-02-02 15:18:43','2019-04-22 18:14:03',2,NULL,5),(4332,'Araranguá',28,'2018-02-02 15:18:43','2019-04-22 18:14:04',2,NULL,5),(4333,'Armazém',28,'2018-02-02 15:18:43','2019-04-22 18:14:04',2,NULL,5),(4334,'Arroio Trinta',28,'2018-02-02 15:18:44','2019-04-22 18:14:04',2,NULL,5),(4335,'Arvoredo',28,'2018-02-02 15:18:44','2019-04-22 18:14:05',2,NULL,5),(4336,'Ascurra',28,'2018-02-02 15:18:45','2019-04-22 18:14:05',2,NULL,5),(4337,'Atalanta',28,'2018-02-02 15:18:45','2019-04-22 18:14:05',2,NULL,5),(4338,'Aurora',28,'2018-02-02 15:18:45','2019-04-22 18:14:06',2,NULL,5),(4339,'Balneário Arroio do Silva',28,'2018-02-02 15:18:46','2019-04-22 18:14:06',2,NULL,5),(4340,'Balneário Camboriú',28,'2018-02-02 15:18:46','2019-04-22 18:14:07',2,NULL,5),(4341,'Balneário Barra do Sul',28,'2018-02-02 15:18:46','2019-04-22 18:14:07',2,NULL,5),(4342,'Balneário Gaivota',28,'2018-02-02 15:18:47','2019-04-22 18:14:07',2,NULL,5),(4343,'Bandeirante',28,'2018-02-02 15:18:47','2019-04-22 18:14:08',2,NULL,5),(4344,'Barra Bonita',28,'2018-02-02 15:18:47','2019-04-22 18:14:08',2,NULL,5),(4345,'Barra Velha',28,'2018-02-02 15:18:48','2019-04-22 18:14:08',2,NULL,5),(4346,'Bela Vista do Toldo',28,'2018-02-02 15:18:48','2019-04-22 18:14:09',2,NULL,5),(4347,'Belmonte',28,'2018-02-02 15:18:48','2019-04-22 18:14:09',2,NULL,5),(4348,'Benedito Novo',28,'2018-02-02 15:18:49','2019-04-22 18:14:09',2,NULL,5),(4349,'Biguaçu',28,'2018-02-02 15:18:49','2019-04-22 18:14:10',2,NULL,5),(4350,'Blumenau',28,'2018-02-02 15:18:49','2019-04-22 18:14:10',2,NULL,5),(4351,'Bocaina do Sul',28,'2018-02-02 15:18:50','2019-04-22 18:14:10',2,NULL,5),(4352,'Bombinhas',28,'2018-02-02 15:18:50','2019-04-22 18:14:11',2,NULL,5),(4353,'Bom Jardim da Serra',28,'2018-02-02 15:18:50','2019-04-22 18:14:11',2,NULL,5),(4354,'Bom Jesus',28,'2018-02-02 15:18:51','2019-04-22 18:14:12',2,NULL,5),(4355,'Bom Jesus do Oeste',28,'2018-02-02 15:18:51','2019-04-22 18:14:12',2,NULL,5),(4356,'Bom Retiro',28,'2018-02-02 15:18:51','2019-04-22 18:14:12',2,NULL,5),(4357,'Botuverá',28,'2018-02-02 15:18:52','2019-04-22 18:14:13',2,NULL,5),(4358,'Braço do Norte',28,'2018-02-02 15:18:52','2019-04-22 18:14:13',2,NULL,5),(4359,'Braço do Trombudo',28,'2018-02-02 15:18:52','2019-04-22 18:14:13',2,NULL,5),(4360,'Brunópolis',28,'2018-02-02 15:18:53','2019-04-22 18:14:14',2,NULL,5),(4361,'Brusque',28,'2018-02-02 15:18:53','2019-04-22 18:14:14',2,NULL,5),(4362,'Caçador',28,'2018-02-02 15:18:54','2019-04-22 18:14:14',2,NULL,5),(4363,'Caibi',28,'2018-02-02 15:18:54','2019-04-22 18:14:15',2,NULL,5),(4364,'Calmon',28,'2018-02-02 15:18:54','2019-04-22 18:14:15',2,NULL,5),(4365,'Camboriú',28,'2018-02-02 15:18:55','2019-04-22 18:14:15',2,NULL,5),(4366,'Capão Alto',28,'2018-02-02 15:18:55','2019-04-22 18:14:16',2,NULL,5),(4367,'Campo Alegre',28,'2018-02-02 15:18:55','2019-04-22 18:14:16',2,NULL,5),(4368,'Campo Belo do Sul',28,'2018-02-02 15:18:56','2019-04-22 18:14:17',2,NULL,5),(4369,'Campo Erê',28,'2018-02-02 15:18:56','2019-04-22 18:14:17',2,NULL,5),(4370,'Campos Novos',28,'2018-02-02 15:18:56','2019-04-22 18:14:17',2,NULL,5),(4371,'Canelinha',28,'2018-02-02 15:18:57','2019-04-22 18:14:18',2,NULL,5),(4372,'Canoinhas',28,'2018-02-02 15:18:57','2019-04-22 18:14:18',2,NULL,5),(4373,'Capinzal',28,'2018-02-02 15:18:58','2019-04-22 18:14:18',2,NULL,5),(4374,'Capivari de Baixo',28,'2018-02-02 15:18:59','2019-04-22 18:14:19',2,NULL,5),(4375,'Catanduvas',28,'2018-02-02 15:18:59','2019-04-22 18:14:19',2,NULL,5),(4376,'Caxambu do Sul',28,'2018-02-02 15:18:59','2019-04-22 18:14:19',2,NULL,5),(4377,'Celso Ramos',28,'2018-02-02 15:19:00','2019-04-22 18:14:20',2,NULL,5),(4378,'Cerro Negro',28,'2018-02-02 15:19:00','2019-04-22 18:14:20',2,NULL,5),(4379,'Chapadão do Lageado',28,'2018-02-02 15:19:00','2019-04-22 18:14:21',2,NULL,5),(4380,'Chapecó',28,'2018-02-02 15:19:01','2019-04-22 18:14:21',2,NULL,5),(4381,'Cocal do Sul',28,'2018-02-02 15:19:01','2019-04-22 18:14:21',2,NULL,5),(4382,'Concórdia',28,'2018-02-02 15:19:01','2019-04-22 18:14:22',2,NULL,5),(4383,'Cordilheira Alta',28,'2018-02-02 15:19:02','2019-04-22 18:14:22',2,NULL,5),(4384,'Coronel Freitas',28,'2018-02-02 15:19:02','2019-04-22 18:14:22',2,NULL,5),(4385,'Coronel Martins',28,'2018-02-02 15:19:02','2019-04-22 18:14:23',2,NULL,5),(4386,'Corupá',28,'2018-02-02 15:19:03','2019-04-22 18:14:23',2,NULL,5),(4387,'Correia Pinto',28,'2018-02-02 15:19:03','2019-04-22 18:14:23',2,NULL,5),(4388,'Criciúma',28,'2018-02-02 15:19:04','2019-04-22 18:14:24',2,NULL,5),(4389,'Cunha Porã',28,'2018-02-02 15:19:04','2019-04-22 18:14:24',2,NULL,5),(4390,'Cunhataí',28,'2018-02-02 15:19:04','2019-04-22 18:14:24',2,NULL,5),(4391,'Curitibanos',28,'2018-02-02 15:19:05','2019-04-22 18:14:25',2,NULL,5),(4392,'Descanso',28,'2018-02-02 15:19:05','2019-04-22 18:14:25',2,NULL,5),(4393,'Dionísio Cerqueira',28,'2018-02-02 15:19:05','2019-04-22 18:14:26',2,NULL,5),(4394,'Dona Emma',28,'2018-02-02 15:19:06','2019-04-22 18:14:26',2,NULL,5),(4395,'Doutor Pedrinho',28,'2018-02-02 15:19:06','2019-04-22 18:14:26',2,NULL,5),(4396,'Entre Rios',28,'2018-02-02 15:19:06','2019-04-22 18:14:27',2,NULL,5),(4397,'Ermo',28,'2018-02-02 15:19:07','2019-04-22 18:14:27',2,NULL,5),(4398,'Erval Velho',28,'2018-02-02 15:19:07','2019-04-22 18:14:27',2,NULL,5),(4399,'Faxinal dos Guedes',28,'2018-02-02 15:19:07','2019-04-22 18:14:28',2,NULL,5),(4400,'Flor do Sertão',28,'2018-02-02 15:19:08','2019-04-22 18:14:28',2,NULL,5),(4401,'Florianópolis',28,'2018-02-02 15:19:08','2019-04-22 18:14:28',2,NULL,5),(4402,'Formosa do Sul',28,'2018-02-02 15:19:08','2019-04-22 18:14:29',2,NULL,5),(4403,'Forquilhinha',28,'2018-02-02 15:19:09','2019-04-22 18:14:29',2,NULL,5),(4404,'Fraiburgo',28,'2018-02-02 15:19:09','2019-04-22 18:14:30',2,NULL,5),(4405,'Frei Rogério',28,'2018-02-02 15:19:09','2019-04-22 18:14:30',2,NULL,5),(4406,'Galvão',28,'2018-02-02 15:19:10','2019-04-22 18:14:30',2,NULL,5),(4407,'Garopaba',28,'2018-02-02 15:19:10','2019-04-22 18:14:31',2,NULL,5),(4408,'Garuva',28,'2018-02-02 15:19:11','2019-04-22 18:14:31',2,NULL,5),(4409,'Gaspar',28,'2018-02-02 15:19:11','2019-04-22 18:14:31',2,NULL,5),(4410,'Governador Celso Ramos',28,'2018-02-02 15:19:11','2019-04-22 18:14:32',2,NULL,5),(4411,'Grão Pará',28,'2018-02-02 15:19:12','2019-04-22 18:14:32',2,NULL,5),(4412,'Gravatal',28,'2018-02-02 15:19:12','2019-04-22 18:14:32',2,NULL,5),(4413,'Guabiruba',28,'2018-02-02 15:19:12','2019-04-22 18:14:33',2,NULL,5),(4414,'Guaraciaba',28,'2018-02-02 15:19:13','2019-04-22 18:14:33',2,NULL,5),(4415,'Guaramirim',28,'2018-02-02 15:19:13','2019-04-22 18:14:33',2,NULL,5),(4416,'Guarujá do Sul',28,'2018-02-02 15:19:14','2019-04-22 18:14:34',2,NULL,5),(4417,'Guatambú',28,'2018-02-02 15:19:14','2019-04-22 18:14:34',2,NULL,5),(4418,'Herval D\'Oeste',28,'2018-02-02 15:19:14','2019-04-22 18:14:35',2,NULL,5),(4419,'Ibiam',28,'2018-02-02 15:19:15','2019-04-22 18:14:35',2,NULL,5),(4420,'Ibicaré',28,'2018-02-02 15:19:15','2019-04-22 18:14:35',2,NULL,5),(4421,'Ibirama',28,'2018-02-02 15:19:15','2019-04-22 18:14:36',2,NULL,5),(4422,'Içara',28,'2018-02-02 15:19:16','2019-04-22 18:14:36',2,NULL,5),(4423,'Ilhota',28,'2018-02-02 15:19:16','2019-04-22 18:14:36',2,NULL,5),(4424,'Imaruí',28,'2018-02-02 15:19:16','2019-04-22 18:14:37',2,NULL,5),(4425,'Imbituba',28,'2018-02-02 15:19:17','2019-04-22 18:14:37',2,NULL,5),(4426,'Imbuia',28,'2018-02-02 15:19:17','2019-04-22 18:14:37',2,NULL,5),(4427,'Indaial',28,'2018-02-02 15:19:18','2019-04-22 18:14:38',2,NULL,5),(4428,'Iomerê',28,'2018-02-02 15:19:18','2019-04-22 18:14:38',2,NULL,5),(4429,'Ipira',28,'2018-02-02 15:19:18','2019-04-22 18:14:39',2,NULL,5),(4430,'Iporã do Oeste',28,'2018-02-02 15:19:19','2019-04-22 18:14:39',2,NULL,5),(4431,'Ipuaçu',28,'2018-02-02 15:19:19','2019-04-22 18:14:39',2,NULL,5),(4432,'Ipumirim',28,'2018-02-02 15:19:19','2019-04-22 18:14:40',2,NULL,5),(4433,'Iraceminha',28,'2018-02-02 15:19:20','2019-04-22 18:14:40',2,NULL,5),(4434,'Irani',28,'2018-02-02 15:19:20','2019-04-22 18:14:40',2,NULL,5),(4435,'Irati',28,'2018-02-02 15:19:20','2019-04-22 18:14:41',2,NULL,5),(4436,'Irineópolis',28,'2018-02-02 15:19:21','2019-04-22 18:14:41',2,NULL,5),(4437,'Itá',28,'2018-02-02 15:19:21','2019-04-22 18:14:41',2,NULL,5),(4438,'Itaiópolis',28,'2018-02-02 15:19:21','2019-04-22 18:14:42',2,NULL,5),(4439,'Itajaí',28,'2018-02-02 15:19:22','2019-04-22 18:14:42',2,NULL,5),(4440,'Itapema',28,'2018-02-02 15:19:22','2019-04-22 18:14:43',2,NULL,5),(4441,'Itapiranga',28,'2018-02-02 15:19:22','2019-04-22 18:14:43',2,NULL,5),(4442,'Itapoá',28,'2018-02-02 15:19:23','2019-04-22 18:14:43',2,NULL,5),(4443,'Ituporanga',28,'2018-02-02 15:19:23','2019-04-22 18:14:44',2,NULL,5),(4444,'Jaborá',28,'2018-02-02 15:19:23','2019-04-22 18:14:44',2,NULL,5),(4445,'Jacinto Machado',28,'2018-02-02 15:19:24','2019-04-22 18:14:44',2,NULL,5),(4446,'Jaguaruna',28,'2018-02-02 15:19:24','2019-04-22 18:14:45',2,NULL,5),(4447,'Jaraguá do Sul',28,'2018-02-02 15:19:25','2019-04-22 18:14:45',2,NULL,5),(4448,'Jardinópolis',28,'2018-02-02 15:19:25','2019-04-22 18:14:45',2,NULL,5),(4449,'Joaçaba',28,'2018-02-02 15:19:25','2019-04-22 18:14:46',2,NULL,5),(4450,'Joinville',28,'2018-02-02 15:19:26','2019-04-22 18:14:46',2,NULL,5),(4451,'José Boiteux',28,'2018-02-02 15:19:26','2019-04-22 18:14:46',2,NULL,5),(4452,'Jupiá',28,'2018-02-02 15:19:26','2019-04-22 18:14:47',2,NULL,5),(4453,'Lacerdópolis',28,'2018-02-02 15:19:27','2019-04-22 18:14:47',2,NULL,5),(4454,'Lages',28,'2018-02-02 15:19:27','2019-04-22 18:14:48',2,NULL,5),(4455,'Laguna',28,'2018-02-02 15:19:27','2019-04-22 18:14:48',2,NULL,5),(4456,'Lajeado Grande',28,'2018-02-02 15:19:28','2019-04-22 18:14:48',2,NULL,5),(4457,'Laurentino',28,'2018-02-02 15:19:28','2019-04-22 18:14:49',2,NULL,5),(4458,'Lauro Muller',28,'2018-02-02 15:19:29','2019-04-22 18:14:49',2,NULL,5),(4459,'Lebon Régis',28,'2018-02-02 15:19:29','2019-04-22 18:14:49',2,NULL,5),(4460,'Leoberto Leal',28,'2018-02-02 15:19:29','2019-04-22 18:14:50',2,NULL,5),(4461,'Lindóia do Sul',28,'2018-02-02 15:19:30','2019-04-22 18:14:50',2,NULL,5),(4462,'Lontras',28,'2018-02-02 15:19:30','2019-04-22 18:14:50',2,NULL,5),(4463,'Luiz Alves',28,'2018-02-02 15:19:30','2019-04-22 18:14:51',2,NULL,5),(4464,'Luzerna',28,'2018-02-02 15:19:31','2019-04-22 18:14:51',2,NULL,5),(4465,'Macieira',28,'2018-02-02 15:19:31','2019-04-22 18:14:51',2,NULL,5),(4466,'Mafra',28,'2018-02-02 15:19:31','2019-04-22 18:14:52',2,NULL,5),(4467,'Major Gercino',28,'2018-02-02 15:19:32','2019-04-22 18:14:52',2,NULL,5),(4468,'Major Vieira',28,'2018-02-02 15:19:32','2019-04-22 18:14:53',2,NULL,5),(4469,'Maracajá',28,'2018-02-02 15:19:32','2019-04-22 18:14:53',2,NULL,5),(4470,'Maravilha',28,'2018-02-02 15:19:33','2019-04-22 18:14:53',2,NULL,5),(4471,'Marema',28,'2018-02-02 15:19:33','2019-04-22 18:14:54',2,NULL,5),(4472,'Massaranduba',28,'2018-02-02 15:19:34','2019-04-22 18:14:54',2,NULL,5),(4473,'Matos Costa',28,'2018-02-02 15:19:34','2019-04-22 18:14:54',2,NULL,5),(4474,'Meleiro',28,'2018-02-02 15:19:34','2019-04-22 18:14:55',2,NULL,5),(4475,'Mirim Doce',28,'2018-02-02 15:19:35','2019-04-22 18:14:55',2,NULL,5),(4476,'Modelo',28,'2018-02-02 15:19:35','2019-04-22 18:14:55',2,NULL,5),(4477,'Mondaí',28,'2018-02-02 15:19:35','2019-04-22 18:14:56',2,NULL,5),(4478,'Monte Carlo',28,'2018-02-02 15:19:36','2019-04-22 18:14:56',2,NULL,5),(4479,'Monte Castelo',28,'2018-02-02 15:19:36','2019-04-22 18:14:57',2,NULL,5),(4480,'Morro da Fumaça',28,'2018-02-02 15:19:36','2019-04-22 18:14:57',2,NULL,5),(4481,'Morro Grande',28,'2018-02-02 15:19:37','2019-04-22 18:14:57',2,NULL,5),(4482,'Navegantes',28,'2018-02-02 15:19:37','2019-04-22 18:14:58',2,NULL,5),(4483,'Nova Erechim',28,'2018-02-02 15:19:37','2019-04-22 18:14:58',2,NULL,5),(4484,'Nova Itaberaba',28,'2018-02-02 15:19:38','2019-04-22 18:14:58',2,NULL,5),(4485,'Nova Trento',28,'2018-02-02 15:19:38','2019-04-22 18:14:59',2,NULL,5),(4486,'Nova Veneza',28,'2018-02-02 15:19:38','2019-04-22 18:14:59',2,NULL,5),(4487,'Novo Horizonte',28,'2018-02-02 15:19:39','2019-04-22 18:14:59',2,NULL,5),(4488,'Orleans',28,'2018-02-02 15:19:39','2019-04-22 18:15:00',2,NULL,5),(4489,'Otacílio Costa',28,'2018-02-02 15:19:40','2019-04-22 18:15:00',2,NULL,5),(4490,'Ouro',28,'2018-02-02 15:19:40','2019-04-22 18:15:00',2,NULL,5),(4491,'Ouro Verde',28,'2018-02-02 15:19:40','2019-04-22 18:15:01',2,NULL,5),(4492,'Paial',28,'2018-02-02 15:19:41','2019-04-22 18:15:01',2,NULL,5),(4493,'Painel',28,'2018-02-02 15:19:41','2019-04-22 18:15:02',2,NULL,5),(4494,'Palhoça',28,'2018-02-02 15:19:41','2019-04-22 18:15:02',2,NULL,5),(4495,'Palma Sola',28,'2018-02-02 15:19:42','2019-04-22 18:15:02',2,NULL,5),(4496,'Palmeira',28,'2018-02-02 15:19:42','2019-04-22 18:15:03',2,NULL,5),(4497,'Palmitos',28,'2018-02-02 15:19:43','2019-04-22 18:15:03',2,NULL,5),(4498,'Papanduva',28,'2018-02-02 15:19:43','2019-04-22 18:15:03',2,NULL,5),(4499,'Paraíso',28,'2018-02-02 15:19:44','2019-04-22 18:15:04',2,NULL,5),(4500,'Passo de Torres',28,'2018-02-02 15:19:44','2019-04-22 18:15:04',2,NULL,5),(4501,'Passos Maia',28,'2018-02-02 15:19:44','2019-04-22 18:15:04',2,NULL,5),(4502,'Paulo Lopes',28,'2018-02-02 15:19:45','2019-04-22 18:15:05',2,NULL,5),(4503,'Pedras Grandes',28,'2018-02-02 15:19:45','2019-04-22 18:15:05',2,NULL,5),(4504,'Penha',28,'2018-02-02 15:19:45','2019-04-22 18:15:05',2,NULL,5),(4505,'Peritiba',28,'2018-02-02 15:19:46','2019-04-22 18:15:06',2,NULL,5),(4506,'Pescaria Brava',28,'2018-02-02 15:19:46','2019-04-22 18:15:06',2,NULL,5),(4507,'Petrolândia',28,'2018-02-02 15:19:46','2019-04-22 18:15:07',2,NULL,5),(4508,'Balneário Piçarras',28,'2018-02-02 15:19:47','2019-04-22 18:15:07',2,NULL,5),(4509,'Pinhalzinho',28,'2018-02-02 15:19:47','2019-04-22 18:15:07',2,NULL,5),(4510,'Pinheiro Preto',28,'2018-02-02 15:19:47','2019-04-22 18:15:08',2,NULL,5),(4511,'Piratuba',28,'2018-02-02 15:19:48','2019-04-22 18:15:08',2,NULL,5),(4512,'Planalto Alegre',28,'2018-02-02 15:19:48','2019-04-22 18:15:08',2,NULL,5),(4513,'Pomerode',28,'2018-02-02 15:19:49','2019-04-22 18:15:09',2,NULL,5),(4514,'Ponte Alta',28,'2018-02-02 15:19:49','2019-04-22 18:15:09',2,NULL,5),(4515,'Ponte Alta do Norte',28,'2018-02-02 15:19:49','2019-04-22 18:15:09',2,NULL,5),(4516,'Ponte Serrada',28,'2018-02-02 15:19:50','2019-04-22 18:15:10',2,NULL,5),(4517,'Porto Belo',28,'2018-02-02 15:19:50','2019-04-22 18:15:10',2,NULL,5),(4518,'Porto União',28,'2018-02-02 15:19:50','2019-04-22 18:15:11',2,NULL,5),(4519,'Pouso Redondo',28,'2018-02-02 15:19:51','2019-04-22 18:15:11',2,NULL,5),(4520,'Praia Grande',28,'2018-02-02 15:19:51','2019-04-22 18:15:11',2,NULL,5),(4521,'Presidente Castello Branco',28,'2018-02-02 15:19:51','2019-04-22 18:15:12',2,NULL,5),(4522,'Presidente Getúlio',28,'2018-02-02 15:19:52','2019-04-22 18:15:12',2,NULL,5),(4523,'Presidente Nereu',28,'2018-02-02 15:19:52','2019-04-22 18:15:12',2,NULL,5),(4524,'Princesa',28,'2018-02-02 15:19:52','2019-04-22 18:15:13',2,NULL,5),(4525,'Quilombo',28,'2018-02-02 15:19:53','2019-04-22 18:15:13',2,NULL,5),(4526,'Rancho Queimado',28,'2018-02-02 15:19:53','2019-04-22 18:15:13',2,NULL,5),(4527,'Rio das Antas',28,'2018-02-02 15:19:54','2019-04-22 18:15:14',2,NULL,5),(4528,'Rio do Campo',28,'2018-02-02 15:19:54','2019-04-22 18:15:14',2,NULL,5),(4529,'Rio do Oeste',28,'2018-02-02 15:19:54','2019-04-22 18:15:14',2,NULL,5),(4530,'Rio dos Cedros',28,'2018-02-02 15:19:55','2019-04-22 18:15:15',2,NULL,5),(4531,'Rio do Sul',28,'2018-02-02 15:19:55','2019-04-22 18:15:15',2,NULL,5),(4532,'Rio Fortuna',28,'2018-02-02 15:19:56','2019-04-22 18:15:16',2,NULL,5),(4533,'Rio Negrinho',28,'2018-02-02 15:19:56','2019-04-22 18:15:16',2,NULL,5),(4534,'Rio Rufino',28,'2018-02-02 15:19:56','2019-04-22 18:15:16',2,NULL,5),(4535,'Riqueza',28,'2018-02-02 15:19:57','2019-04-22 18:15:17',2,NULL,5),(4536,'Rodeio',28,'2018-02-02 15:19:57','2019-04-22 18:15:17',2,NULL,5),(4537,'Romelândia',28,'2018-02-02 15:19:57','2019-04-22 18:15:18',2,NULL,5),(4538,'Salete',28,'2018-02-02 15:19:58','2019-04-22 18:15:18',2,NULL,5),(4539,'Saltinho',28,'2018-02-02 15:19:58','2019-04-22 18:15:18',2,NULL,5),(4540,'Salto Veloso',28,'2018-02-02 15:19:59','2019-04-22 18:15:19',2,NULL,5),(4541,'Sangão',28,'2018-02-02 15:19:59','2019-04-22 18:15:19',2,NULL,5),(4542,'Santa Cecília',28,'2018-02-02 15:19:59','2019-04-22 18:15:20',2,NULL,5),(4543,'Santa Helena',28,'2018-02-02 15:20:00','2019-04-22 18:15:20',2,NULL,5),(4544,'Santa Rosa de Lima',28,'2018-02-02 15:20:00','2019-04-22 18:15:20',2,NULL,5),(4545,'Santa Rosa do Sul',28,'2018-02-02 15:20:00','2019-04-22 18:15:21',2,NULL,5),(4546,'Santa Terezinha',28,'2018-02-02 15:20:01','2019-04-22 18:15:21',2,NULL,5),(4547,'Santa Terezinha do Progresso',28,'2018-02-02 15:20:01','2019-04-22 18:15:21',2,NULL,5),(4548,'Santiago do Sul',28,'2018-02-02 15:20:01','2019-04-22 18:15:22',2,NULL,5),(4549,'Santo Amaro da Imperatriz',28,'2018-02-02 15:20:02','2019-04-22 18:15:22',2,NULL,5),(4550,'São Bernardino',28,'2018-02-02 15:20:02','2019-04-22 18:15:22',2,NULL,5),(4551,'São Bento do Sul',28,'2018-02-02 15:20:02','2019-04-22 18:15:23',2,NULL,5),(4552,'São Bonifácio',28,'2018-02-02 15:20:03','2019-04-22 18:15:23',2,NULL,5),(4553,'São Carlos',28,'2018-02-02 15:20:03','2019-04-22 18:15:23',2,NULL,5),(4554,'São Cristovão do Sul',28,'2018-02-02 15:20:03','2019-04-22 18:15:24',2,NULL,5),(4555,'São Domingos',28,'2018-02-02 15:20:04','2019-04-22 18:15:24',2,NULL,5),(4556,'São Francisco do Sul',28,'2018-02-02 15:20:04','2019-04-22 18:15:25',2,NULL,5),(4557,'São João do Oeste',28,'2018-02-02 15:20:04','2019-04-22 18:15:25',2,NULL,5),(4558,'São João Batista',28,'2018-02-02 15:20:05','2019-04-22 18:15:25',2,NULL,5),(4559,'São João do Itaperiú',28,'2018-02-02 15:20:05','2019-04-22 18:15:26',2,NULL,5),(4560,'São João do Sul',28,'2018-02-02 15:20:06','2019-04-22 18:15:26',2,NULL,5),(4561,'São Joaquim',28,'2018-02-02 15:20:06','2019-04-22 18:15:26',2,NULL,5),(4562,'São José',28,'2018-02-02 15:20:06','2019-04-22 18:15:27',2,NULL,5),(4563,'São José do Cedro',28,'2018-02-02 15:20:07','2019-04-22 18:15:27',2,NULL,5),(4564,'São José do Cerrito',28,'2018-02-02 15:20:07','2019-04-22 18:15:27',2,NULL,5),(4565,'São Lourenço do Oeste',28,'2018-02-02 15:20:07','2019-04-22 18:15:28',2,NULL,5),(4566,'São Ludgero',28,'2018-02-02 15:20:08','2019-04-22 18:15:28',2,NULL,5),(4567,'São Martinho',28,'2018-02-02 15:20:08','2019-04-22 18:15:28',2,NULL,5),(4568,'São Miguel da Boa Vista',28,'2018-02-02 15:20:08','2019-04-22 18:15:29',2,NULL,5),(4569,'São Miguel do Oeste',28,'2018-02-02 15:20:09','2019-04-22 18:15:29',2,NULL,5),(4570,'São Pedro de Alcântara',28,'2018-02-02 15:20:09','2019-04-22 18:15:30',2,NULL,5),(4571,'Saudades',28,'2018-02-02 15:20:09','2019-04-22 18:15:30',2,NULL,5),(4572,'Schroeder',28,'2018-02-02 15:20:10','2019-04-22 18:15:30',2,NULL,5),(4573,'Seara',28,'2018-02-02 15:20:10','2019-04-22 18:15:31',2,NULL,5),(4574,'Serra Alta',28,'2018-02-02 15:20:10','2019-04-22 18:15:31',2,NULL,5),(4575,'Siderópolis',28,'2018-02-02 15:20:11','2019-04-22 18:15:31',2,NULL,5),(4576,'Sombrio',28,'2018-02-02 15:20:11','2019-04-22 18:15:32',2,NULL,5),(4577,'Sul Brasil',28,'2018-02-02 15:20:11','2019-04-22 18:15:32',2,NULL,5),(4578,'Taió',28,'2018-02-02 15:20:12','2019-04-22 18:15:32',2,NULL,5),(4579,'Tangará',28,'2018-02-02 15:20:12','2019-04-22 18:15:33',2,NULL,5),(4580,'Tigrinhos',28,'2018-02-02 15:20:12','2019-04-22 18:15:33',2,NULL,5),(4581,'Tijucas',28,'2018-02-02 15:20:13','2019-04-22 18:15:33',2,NULL,5),(4582,'Timbé do Sul',28,'2018-02-02 15:20:13','2019-04-22 18:15:34',2,NULL,5),(4583,'Timbó',28,'2018-02-02 15:20:14','2019-04-22 18:15:34',2,NULL,5),(4584,'Timbó Grande',28,'2018-02-02 15:20:14','2019-04-22 18:15:35',2,NULL,5),(4585,'Três Barras',28,'2018-02-02 15:20:14','2019-04-22 18:15:35',2,NULL,5),(4586,'Treviso',28,'2018-02-02 15:20:15','2019-04-22 18:15:35',2,NULL,5),(4587,'Treze de Maio',28,'2018-02-02 15:20:15','2019-04-22 18:15:36',2,NULL,5),(4588,'Treze Tílias',28,'2018-02-02 15:20:15','2019-04-22 18:15:36',2,NULL,5),(4589,'Trombudo Central',28,'2018-02-02 15:20:16','2019-04-22 18:15:36',2,NULL,5),(4590,'Tubarão',28,'2018-02-02 15:20:16','2019-04-22 18:15:37',2,NULL,5),(4591,'Tunápolis',28,'2018-02-02 15:20:16','2019-04-22 18:15:37',2,NULL,5),(4592,'Turvo',28,'2018-02-02 15:20:17','2019-04-22 18:15:37',2,NULL,5),(4593,'União do Oeste',28,'2018-02-02 15:20:17','2019-04-22 18:15:38',2,NULL,5),(4594,'Urubici',28,'2018-02-02 15:20:17','2019-04-22 18:15:38',2,NULL,5),(4595,'Urupema',28,'2018-02-02 15:20:18','2019-04-22 18:15:38',2,NULL,5),(4596,'Urussanga',28,'2018-02-02 15:20:18','2019-04-22 18:15:39',2,NULL,5),(4597,'Vargeão',28,'2018-02-02 15:20:18','2019-04-22 18:15:39',2,NULL,5),(4598,'Vargem',28,'2018-02-02 15:20:19','2019-04-22 18:15:40',2,NULL,5),(4599,'Vargem Bonita',28,'2018-02-02 15:20:19','2019-04-22 18:15:40',2,NULL,5),(4600,'Vidal Ramos',28,'2018-02-02 15:20:19','2019-04-22 18:15:40',2,NULL,5),(4601,'Videira',28,'2018-02-02 15:20:20','2019-04-22 18:15:41',2,NULL,5),(4602,'Vitor Meireles',28,'2018-02-02 15:20:20','2019-04-22 18:15:41',2,NULL,5),(4603,'Witmarsum',28,'2018-02-02 15:20:21','2019-04-22 18:15:41',2,NULL,5),(4604,'Xanxerê',28,'2018-02-02 15:20:21','2019-04-22 18:15:42',2,NULL,5),(4605,'Xavantina',28,'2018-02-02 15:20:21','2019-04-22 18:15:42',2,NULL,5),(4606,'Xaxim',28,'2018-02-02 15:20:22','2019-04-22 18:15:42',2,NULL,5),(4607,'Zortéa',28,'2018-02-02 15:20:22','2019-04-22 18:15:43',2,NULL,5),(4608,'Balneário Rincão',28,'2018-02-02 15:20:23','2019-04-22 18:15:43',2,NULL,5),(4609,'Aceguá',25,'2018-02-02 15:21:48','2019-04-22 18:15:44',2,NULL,5),(4610,'Água Santa',25,'2018-02-02 15:21:49','2019-04-22 18:15:44',2,NULL,5),(4611,'Agudo',25,'2018-02-02 15:21:49','2019-04-22 18:15:44',2,NULL,5),(4612,'Ajuricaba',25,'2018-02-02 15:21:49','2019-04-22 18:15:45',2,NULL,5),(4613,'Alecrim',25,'2018-02-02 15:21:50','2019-04-22 18:15:45',2,NULL,5),(4614,'Alegrete',25,'2018-02-02 15:21:50','2019-04-22 18:15:45',2,NULL,5),(4615,'Alegria',25,'2018-02-02 15:21:50','2019-04-22 18:15:46',2,NULL,5),(4616,'Almirante Tamandaré do Sul',25,'2018-02-02 15:21:51','2019-04-22 18:15:46',2,NULL,5),(4617,'Alpestre',25,'2018-02-02 15:21:51','2019-04-22 18:15:46',2,NULL,5),(4618,'Alto Alegre',25,'2018-02-02 15:21:51','2019-04-22 18:15:47',2,NULL,5),(4619,'Alto Feliz',25,'2018-02-02 15:21:52','2019-04-22 18:15:47',2,NULL,5),(4620,'Alvorada',25,'2018-02-02 15:21:52','2019-04-22 18:15:47',2,NULL,5),(4621,'Amaral Ferrador',25,'2018-02-02 15:21:52','2019-04-22 18:15:48',2,NULL,5),(4622,'Ametista do Sul',25,'2018-02-02 15:21:53','2019-04-22 18:15:48',2,NULL,5),(4623,'André da Rocha',25,'2018-02-02 15:21:53','2019-04-22 18:15:49',2,NULL,5),(4624,'Anta Gorda',25,'2018-02-02 15:21:54','2019-04-22 18:15:49',2,NULL,5),(4625,'Antônio Prado',25,'2018-02-02 15:21:54','2019-04-22 18:15:49',2,NULL,5),(4626,'Arambaré',25,'2018-02-02 15:21:54','2019-04-22 18:15:50',2,NULL,5),(4627,'Araricá',25,'2018-02-02 15:21:55','2019-04-22 18:15:50',2,NULL,5),(4628,'Aratiba',25,'2018-02-02 15:21:55','2019-04-22 18:15:50',2,NULL,5),(4629,'Arroio do Meio',25,'2018-02-02 15:21:55','2019-04-22 18:15:51',2,NULL,5),(4630,'Arroio do Sal',25,'2018-02-02 15:21:56','2019-04-22 18:15:51',2,NULL,5),(4631,'Arroio do Padre',25,'2018-02-02 15:21:56','2019-04-22 18:15:51',2,NULL,5),(4632,'Arroio dos Ratos',25,'2018-02-02 15:21:57','2019-04-22 18:15:52',2,NULL,5),(4633,'Arroio do Tigre',25,'2018-02-02 15:21:57','2019-04-22 18:15:52',2,NULL,5),(4634,'Arroio Grande',25,'2018-02-02 15:21:57','2019-04-22 18:15:52',2,NULL,5),(4635,'Arvorezinha',25,'2018-02-02 15:21:58','2019-04-22 18:15:53',2,NULL,5),(4636,'Augusto Pestana',25,'2018-02-02 15:21:58','2019-04-22 18:15:53',2,NULL,5),(4637,'Áurea',25,'2018-02-02 15:21:58','2019-04-22 18:15:54',2,NULL,5),(4638,'Bagé',25,'2018-02-02 15:21:59','2019-04-22 18:15:54',2,NULL,5),(4639,'Balneário Pinhal',25,'2018-02-02 15:21:59','2019-04-22 18:15:54',2,NULL,5),(4640,'Barão',25,'2018-02-02 15:21:59','2019-04-22 18:15:55',2,NULL,5),(4641,'Barão de Cotegipe',25,'2018-02-02 15:22:00','2019-04-22 18:15:55',2,NULL,5),(4642,'Barão do Triunfo',25,'2018-02-02 15:22:00','2019-04-22 18:15:55',2,NULL,5),(4643,'Barracão',25,'2018-02-02 15:22:00','2019-04-22 18:15:56',2,NULL,5),(4644,'Barra do Guarita',25,'2018-02-02 15:22:01','2019-04-22 18:15:56',2,NULL,5),(4645,'Barra do Quaraí',25,'2018-02-02 15:22:01','2019-04-22 18:15:56',2,NULL,5),(4646,'Barra do Ribeiro',25,'2018-02-02 15:22:01','2019-04-22 18:15:57',2,NULL,5),(4647,'Barra do Rio Azul',25,'2018-02-02 15:22:02','2019-04-22 18:15:57',2,NULL,5),(4648,'Barra Funda',25,'2018-02-02 15:22:02','2019-04-22 18:15:57',2,NULL,5),(4649,'Barros Cassal',25,'2018-02-02 15:22:03','2019-04-22 18:15:58',2,NULL,5),(4650,'Benjamin Constant do Sul',25,'2018-02-02 15:22:03','2019-04-22 18:15:58',2,NULL,5),(4651,'Bento Gonçalves',25,'2018-02-02 15:22:03','2019-04-22 18:15:59',2,NULL,5),(4652,'Boa Vista das Missões',25,'2018-02-02 15:22:04','2019-04-22 18:15:59',2,NULL,5),(4653,'Boa Vista do Buricá',25,'2018-02-02 15:22:04','2019-04-22 18:15:59',2,NULL,5),(4654,'Boa Vista do Cadeado',25,'2018-02-02 15:22:04','2019-04-22 18:16:00',2,NULL,5),(4655,'Boa Vista do Incra',25,'2018-02-02 15:22:05','2019-04-22 18:16:00',2,NULL,5),(4656,'Boa Vista do Sul',25,'2018-02-02 15:22:05','2019-04-22 18:16:00',2,NULL,5),(4657,'Bom Jesus',25,'2018-02-02 15:22:05','2019-04-22 18:16:01',2,NULL,5),(4658,'Bom Princípio',25,'2018-02-02 15:22:06','2019-04-22 18:16:01',2,NULL,5),(4659,'Bom Progresso',25,'2018-02-02 15:22:06','2019-04-22 18:16:01',2,NULL,5),(4660,'Bom Retiro do Sul',25,'2018-02-02 15:22:06','2019-04-22 18:16:02',2,NULL,5),(4661,'Boqueirão do Leão',25,'2018-02-02 15:22:07','2019-04-22 18:16:02',2,NULL,5),(4662,'Bossoroca',25,'2018-02-02 15:22:07','2019-04-22 18:16:03',2,NULL,5),(4663,'Bozano',25,'2018-02-02 15:22:07','2019-04-22 18:16:03',2,NULL,5),(4664,'Braga',25,'2018-02-02 15:22:08','2019-04-22 18:16:03',2,NULL,5),(4665,'Brochier',25,'2018-02-02 15:22:08','2019-04-22 18:16:04',2,NULL,5),(4666,'Butiá',25,'2018-02-02 15:22:08','2019-04-22 18:16:04',2,NULL,5),(4667,'Caçapava do Sul',25,'2018-02-02 15:22:09','2019-04-22 18:16:04',2,NULL,5),(4668,'Cacequi',25,'2018-02-02 15:22:09','2019-04-22 18:16:05',2,NULL,5),(4669,'Cachoeira do Sul',25,'2018-02-02 15:22:10','2019-04-22 18:16:05',2,NULL,5),(4670,'Cachoeirinha',25,'2018-02-02 15:22:10','2019-04-22 18:16:05',2,NULL,5),(4671,'Cacique Doble',25,'2018-02-02 15:22:10','2019-04-22 18:16:06',2,NULL,5),(4672,'Caibaté',25,'2018-02-02 15:22:11','2019-04-22 18:16:06',2,NULL,5),(4673,'Caiçara',25,'2018-02-02 15:22:11','2019-04-22 18:16:06',2,NULL,5),(4674,'Camaquã',25,'2018-02-02 15:22:11','2019-04-22 18:16:07',2,NULL,5),(4675,'Camargo',25,'2018-02-02 15:22:12','2019-04-22 18:16:07',2,NULL,5),(4676,'Cambará do Sul',25,'2018-02-02 15:22:12','2019-04-22 18:16:08',2,NULL,5),(4677,'Campestre da Serra',25,'2018-02-02 15:22:12','2019-04-22 18:16:08',2,NULL,5),(4678,'Campina das Missões',25,'2018-02-02 15:22:13','2019-04-22 18:16:08',2,NULL,5),(4679,'Campinas do Sul',25,'2018-02-02 15:22:13','2019-04-22 18:16:09',2,NULL,5),(4680,'Campo Bom',25,'2018-02-02 15:22:13','2019-04-22 18:16:09',2,NULL,5),(4681,'Campo Novo',25,'2018-02-02 15:22:14','2019-04-22 18:16:09',2,NULL,5),(4682,'Campos Borges',25,'2018-02-02 15:22:14','2019-04-22 18:16:10',2,NULL,5),(4683,'Candelária',25,'2018-02-02 15:22:14','2019-04-22 18:16:10',2,NULL,5),(4684,'Cândido Godói',25,'2018-02-02 15:22:15','2019-04-22 18:16:10',2,NULL,5),(4685,'Candiota',25,'2018-02-02 15:22:15','2019-04-22 18:16:11',2,NULL,5),(4686,'Canela',25,'2018-02-02 15:22:15','2019-04-22 18:16:11',2,NULL,5),(4687,'Canguçu',25,'2018-02-02 15:22:16','2019-04-22 18:16:11',2,NULL,5),(4688,'Canoas',25,'2018-02-02 15:22:16','2019-04-22 18:16:12',2,NULL,5),(4689,'Canudos do Vale',25,'2018-02-02 15:22:16','2019-04-22 18:16:12',2,NULL,5),(4690,'Capão Bonito do Sul',25,'2018-02-02 15:22:17','2019-04-22 18:16:13',2,NULL,5),(4691,'Capão da Canoa',25,'2018-02-02 15:22:17','2019-04-22 18:16:13',2,NULL,5),(4692,'Capão do Cipó',25,'2018-02-02 15:22:18','2019-04-22 18:16:13',2,NULL,5),(4693,'Capão do Leão',25,'2018-02-02 15:22:18','2019-04-22 18:16:14',2,NULL,5),(4694,'Capivari do Sul',25,'2018-02-02 15:22:18','2019-04-22 18:16:14',2,NULL,5),(4695,'Capela de Santana',25,'2018-02-02 15:22:19','2019-04-22 18:16:14',2,NULL,5),(4696,'Capitão',25,'2018-02-02 15:22:19','2019-04-22 18:16:15',2,NULL,5),(4697,'Carazinho',25,'2018-02-02 15:22:19','2019-04-22 18:16:15',2,NULL,5),(4698,'Caraá',25,'2018-02-02 15:22:20','2019-04-22 18:16:15',2,NULL,5),(4699,'Carlos Barbosa',25,'2018-02-02 15:22:20','2019-04-22 18:16:16',2,NULL,5),(4700,'Carlos Gomes',25,'2018-02-02 15:22:20','2019-04-22 18:16:16',2,NULL,5),(4701,'Casca',25,'2018-02-02 15:22:21','2019-04-22 18:16:17',2,NULL,5),(4702,'Caseiros',25,'2018-02-02 15:22:21','2019-04-22 18:16:17',2,NULL,5),(4703,'Catuípe',25,'2018-02-02 15:22:21','2019-04-22 18:16:17',2,NULL,5),(4704,'Caxias do Sul',25,'2018-02-02 15:22:22','2019-04-22 18:16:18',2,NULL,5),(4705,'Centenário',25,'2018-02-02 15:22:22','2019-04-22 18:16:18',2,NULL,5),(4706,'Cerrito',25,'2018-02-02 15:22:22','2019-04-22 18:16:18',2,NULL,5),(4707,'Cerro Branco',25,'2018-02-02 15:22:23','2019-04-22 18:16:19',2,NULL,5),(4708,'Cerro Grande',25,'2018-02-02 15:22:23','2019-04-22 18:16:19',2,NULL,5),(4709,'Cerro Grande do Sul',25,'2018-02-02 15:22:23','2019-04-22 18:16:19',2,NULL,5),(4710,'Cerro Largo',25,'2018-02-02 15:22:24','2019-04-22 18:16:20',2,NULL,5),(4711,'Chapada',25,'2018-02-02 15:22:24','2019-04-22 18:16:20',2,NULL,5),(4712,'Charqueadas',25,'2018-02-02 15:22:24','2019-04-22 18:16:20',2,NULL,5),(4713,'Charrua',25,'2018-02-02 15:22:25','2019-04-22 18:16:21',2,NULL,5),(4714,'Chiapetta',25,'2018-02-02 15:22:25','2019-04-22 18:16:21',2,NULL,5),(4715,'Chuí',25,'2018-02-02 15:22:25','2019-04-22 18:16:22',2,NULL,5),(4716,'Chuvisca',25,'2018-02-02 15:22:26','2019-04-22 18:16:22',2,NULL,5),(4717,'Cidreira',25,'2018-02-02 15:22:27','2019-04-22 18:16:22',2,NULL,5),(4718,'Ciríaco',25,'2018-02-02 15:22:27','2019-04-22 18:16:23',2,NULL,5),(4719,'Colinas',25,'2018-02-02 15:22:27','2019-04-22 18:16:23',2,NULL,5),(4720,'Colorado',25,'2018-02-02 15:22:28','2019-04-22 18:16:23',2,NULL,5),(4721,'Condor',25,'2018-02-02 15:22:28','2019-04-22 18:16:24',2,NULL,5),(4722,'Constantina',25,'2018-02-02 15:22:28','2019-04-22 18:16:24',2,NULL,5),(4723,'Coqueiro Baixo',25,'2018-02-02 15:22:29','2019-04-22 18:16:24',2,NULL,5),(4724,'Coqueiros do Sul',25,'2018-02-02 15:22:29','2019-04-22 18:16:25',2,NULL,5),(4725,'Coronel Barros',25,'2018-02-02 15:22:30','2019-04-22 18:16:25',2,NULL,5),(4726,'Coronel Bicaco',25,'2018-02-02 15:22:30','2019-04-22 18:16:25',2,NULL,5),(4727,'Coronel Pilar',25,'2018-02-02 15:22:30','2019-04-22 18:16:26',2,NULL,5),(4728,'Cotiporã',25,'2018-02-02 15:22:31','2019-04-22 18:16:26',2,NULL,5),(4729,'Coxilha',25,'2018-02-02 15:22:31','2019-04-22 18:16:27',2,NULL,5),(4730,'Crissiumal',25,'2018-02-02 15:22:31','2019-04-22 18:16:27',2,NULL,5),(4731,'Cristal',25,'2018-02-02 15:22:32','2019-04-22 18:16:27',2,NULL,5),(4732,'Cristal do Sul',25,'2018-02-02 15:22:32','2019-04-22 18:16:28',2,NULL,5),(4733,'Cruz Alta',25,'2018-02-02 15:22:32','2019-04-22 18:16:28',2,NULL,5),(4734,'Cruzaltense',25,'2018-02-02 15:22:33','2019-04-22 18:16:28',2,NULL,5),(4735,'Cruzeiro do Sul',25,'2018-02-02 15:22:33','2019-04-22 18:16:29',2,NULL,5),(4736,'David Canabarro',25,'2018-02-02 15:22:33','2019-04-22 18:16:29',2,NULL,5),(4737,'Derrubadas',25,'2018-02-02 15:22:34','2019-04-22 18:16:29',2,NULL,5),(4738,'Dezesseis de Novembro',25,'2018-02-02 15:22:34','2019-04-22 18:16:30',2,NULL,5),(4739,'Dilermando de Aguiar',25,'2018-02-02 15:22:34','2019-04-22 18:16:30',2,NULL,5),(4740,'Dois Irmãos',25,'2018-02-02 15:22:35','2019-04-22 18:16:30',2,NULL,5),(4741,'Dois Irmãos das Missões',25,'2018-02-02 15:22:35','2019-04-22 18:16:31',2,NULL,5),(4742,'Dois Lajeados',25,'2018-02-02 15:22:35','2019-04-22 18:16:31',2,NULL,5),(4743,'Dom Feliciano',25,'2018-02-02 15:22:36','2019-04-22 18:16:32',2,NULL,5),(4744,'Dom Pedro de Alcântara',25,'2018-02-02 15:22:36','2019-04-22 18:16:32',2,NULL,5),(4745,'Dom Pedrito',25,'2018-02-02 15:22:36','2019-04-22 18:16:32',2,NULL,5),(4746,'Dona Francisca',25,'2018-02-02 15:22:37','2019-04-22 18:16:33',2,NULL,5),(4747,'Doutor Maurício Cardoso',25,'2018-02-02 15:22:37','2019-04-22 18:16:33',2,NULL,5),(4748,'Doutor Ricardo',25,'2018-02-02 15:22:38','2019-04-22 18:16:33',2,NULL,5),(4749,'Eldorado do Sul',25,'2018-02-02 15:22:38','2019-04-22 18:16:34',2,NULL,5),(4750,'Encantado',25,'2018-02-02 15:22:38','2019-04-22 18:16:34',2,NULL,5),(4751,'Encruzilhada do Sul',25,'2018-02-02 15:22:39','2019-04-22 18:16:34',2,NULL,5),(4752,'Engenho Velho',25,'2018-02-02 15:22:39','2019-04-22 18:16:35',2,NULL,5),(4753,'Entre-Ijuís',25,'2018-02-02 15:22:39','2019-04-22 18:16:35',2,NULL,5),(4754,'Entre Rios do Sul',25,'2018-02-02 15:22:40','2019-04-22 18:16:36',2,NULL,5),(4755,'Erebango',25,'2018-02-02 15:22:40','2019-04-22 18:16:36',2,NULL,5),(4756,'Erechim',25,'2018-02-02 15:22:40','2019-04-22 18:16:36',2,NULL,5),(4757,'Ernestina',25,'2018-02-02 15:22:41','2019-04-22 18:16:37',2,NULL,5),(4758,'Herval',25,'2018-02-02 15:22:41','2019-04-22 18:16:37',2,NULL,5),(4759,'Erval Grande',25,'2018-02-02 15:22:41','2019-04-22 18:16:37',2,NULL,5),(4760,'Erval Seco',25,'2018-02-02 15:22:42','2019-04-22 18:16:38',2,NULL,5),(4761,'Esmeralda',25,'2018-02-02 15:22:42','2019-04-22 18:16:38',2,NULL,5),(4762,'Esperança do Sul',25,'2018-02-02 15:22:42','2019-04-22 18:16:38',2,NULL,5),(4763,'Espumoso',25,'2018-02-02 15:22:43','2019-04-22 18:16:39',2,NULL,5),(4764,'Estação',25,'2018-02-02 15:22:43','2019-04-22 18:16:39',2,NULL,5),(4765,'Estância Velha',25,'2018-02-02 15:22:43','2019-04-22 18:16:39',2,NULL,5),(4766,'Esteio',25,'2018-02-02 15:22:44','2019-04-22 18:16:40',2,NULL,5),(4767,'Estrela',25,'2018-02-02 15:22:44','2019-04-22 18:16:40',2,NULL,5),(4768,'Estrela Velha',25,'2018-02-02 15:22:44','2019-04-22 18:16:41',2,NULL,5),(4769,'Eugênio de Castro',25,'2018-02-02 15:22:45','2019-04-22 18:16:41',2,NULL,5),(4770,'Fagundes Varela',25,'2018-02-02 15:22:45','2019-04-22 18:16:41',2,NULL,5),(4771,'Farroupilha',25,'2018-02-02 15:22:45','2019-04-22 18:16:42',2,NULL,5),(4772,'Faxinal do Soturno',25,'2018-02-02 15:22:46','2019-04-22 18:16:42',2,NULL,5),(4773,'Faxinalzinho',25,'2018-02-02 15:22:47','2019-04-22 18:16:42',2,NULL,5),(4774,'Fazenda Vilanova',25,'2018-02-02 15:22:47','2019-04-22 18:16:43',2,NULL,5),(4775,'Feliz',25,'2018-02-02 15:22:47','2019-04-22 18:16:43',2,NULL,5),(4776,'Flores da Cunha',25,'2018-02-02 15:22:48','2019-04-22 18:16:43',2,NULL,5),(4777,'Floriano Peixoto',25,'2018-02-02 15:22:48','2019-04-22 18:16:44',2,NULL,5),(4778,'Fontoura Xavier',25,'2018-02-02 15:22:48','2019-04-22 18:16:44',2,NULL,5),(4779,'Formigueiro',25,'2018-02-02 15:22:49','2019-04-22 18:16:45',2,NULL,5),(4780,'Forquetinha',25,'2018-02-02 15:22:49','2019-04-22 18:16:45',2,NULL,5),(4781,'Fortaleza dos Valos',25,'2018-02-02 15:22:50','2019-04-22 18:16:45',2,NULL,5),(4782,'Frederico Westphalen',25,'2018-02-02 15:22:50','2019-04-22 18:16:46',2,NULL,5),(4783,'Garibaldi',25,'2018-02-02 15:22:50','2019-04-22 18:16:46',2,NULL,5),(4784,'Garruchos',25,'2018-02-02 15:22:51','2019-04-22 18:16:46',2,NULL,5),(4785,'Gaurama',25,'2018-02-02 15:22:51','2019-04-22 18:16:47',2,NULL,5),(4786,'General Câmara',25,'2018-02-02 15:22:51','2019-04-22 18:16:47',2,NULL,5),(4787,'Gentil',25,'2018-02-02 15:22:52','2019-04-22 18:16:47',2,NULL,5),(4788,'Getúlio Vargas',25,'2018-02-02 15:22:52','2019-04-22 18:16:48',2,NULL,5),(4789,'Giruá',25,'2018-02-02 15:22:52','2019-04-22 18:16:48',2,NULL,5),(4790,'Glorinha',25,'2018-02-02 15:22:53','2019-04-22 18:16:48',2,NULL,5),(4791,'Gramado',25,'2018-02-02 15:22:53','2019-04-22 18:16:49',2,NULL,5),(4792,'Gramado dos Loureiros',25,'2018-02-02 15:22:54','2019-04-22 18:16:49',2,NULL,5),(4793,'Gramado Xavier',25,'2018-02-02 15:22:54','2019-04-22 18:16:50',2,NULL,5),(4794,'Gravataí',25,'2018-02-02 15:22:54','2019-04-22 18:16:50',2,NULL,5),(4795,'Guabiju',25,'2018-02-02 15:22:55','2019-04-22 18:16:50',2,NULL,5),(4796,'Guaíba',25,'2018-02-02 15:22:55','2019-04-22 18:16:51',2,NULL,5),(4797,'Guaporé',25,'2018-02-02 15:22:55','2019-04-22 18:16:51',2,NULL,5),(4798,'Guarani das Missões',25,'2018-02-02 15:22:56','2019-04-22 18:16:51',2,NULL,5),(4799,'Harmonia',25,'2018-02-02 15:22:56','2019-04-22 18:16:52',2,NULL,5),(4800,'Herveiras',25,'2018-02-02 15:22:56','2019-04-22 18:16:52',2,NULL,5),(4801,'Horizontina',25,'2018-02-02 15:22:57','2019-04-22 18:16:52',2,NULL,5),(4802,'Hulha Negra',25,'2018-02-02 15:22:57','2019-04-22 18:16:53',2,NULL,5),(4803,'Humaitá',25,'2018-02-02 15:22:57','2019-04-22 18:16:53',2,NULL,5),(4804,'Ibarama',25,'2018-02-02 15:22:58','2019-04-22 18:16:54',2,NULL,5),(4805,'Ibiaçá',25,'2018-02-02 15:22:58','2019-04-22 18:16:54',2,NULL,5),(4806,'Ibiraiaras',25,'2018-02-02 15:22:58','2019-04-22 18:16:54',2,NULL,5),(4807,'Ibirapuitã',25,'2018-02-02 15:22:59','2019-04-22 18:16:55',2,NULL,5),(4808,'Ibirubá',25,'2018-02-02 15:22:59','2019-04-22 18:16:55',2,NULL,5),(4809,'Igrejinha',25,'2018-02-02 15:22:59','2019-04-22 18:16:55',2,NULL,5),(4810,'Ijuí',25,'2018-02-02 15:23:00','2019-04-22 18:16:56',2,NULL,5),(4811,'Ilópolis',25,'2018-02-02 15:23:00','2019-04-22 18:16:56',2,NULL,5),(4812,'Imbé',25,'2018-02-02 15:23:00','2019-04-22 18:16:56',2,NULL,5),(4813,'Imigrante',25,'2018-02-02 15:23:01','2019-04-22 18:16:57',2,NULL,5),(4814,'Independência',25,'2018-02-02 15:23:01','2019-04-22 18:16:57',2,NULL,5),(4815,'Inhacorá',25,'2018-02-02 15:23:02','2019-04-22 18:16:57',2,NULL,5),(4816,'Ipê',25,'2018-02-02 15:23:02','2019-04-22 18:16:58',2,NULL,5),(4817,'Ipiranga do Sul',25,'2018-02-02 15:23:02','2019-04-22 18:16:58',2,NULL,5),(4818,'Iraí',25,'2018-02-02 15:23:03','2019-04-22 18:16:59',2,NULL,5),(4819,'Itaara',25,'2018-02-02 15:23:03','2019-04-22 18:16:59',2,NULL,5),(4820,'Itacurubi',25,'2018-02-02 15:23:04','2019-04-22 18:16:59',2,NULL,5),(4821,'Itapuca',25,'2018-02-02 15:23:04','2019-04-22 18:17:00',2,NULL,5),(4822,'Itaqui',25,'2018-02-02 15:23:04','2019-04-22 18:17:00',2,NULL,5),(4823,'Itati',25,'2018-02-02 15:23:05','2019-04-22 18:17:00',2,NULL,5),(4824,'Itatiba do Sul',25,'2018-02-02 15:23:05','2019-04-22 18:17:01',2,NULL,5),(4825,'Ivorá',25,'2018-02-02 15:23:05','2019-04-22 18:17:01',2,NULL,5),(4826,'Ivoti',25,'2018-02-02 15:23:06','2019-04-22 18:17:01',2,NULL,5),(4827,'Jaboticaba',25,'2018-02-02 15:23:06','2019-04-22 18:17:02',2,NULL,5),(4828,'Jacuizinho',25,'2018-02-02 15:23:06','2019-04-22 18:17:02',2,NULL,5),(4829,'Jacutinga',25,'2018-02-02 15:23:07','2019-04-22 18:17:02',2,NULL,5),(4830,'Jaguarão',25,'2018-02-02 15:23:07','2019-04-22 18:17:03',2,NULL,5),(4831,'Jaguari',25,'2018-02-02 15:23:07','2019-04-22 18:17:03',2,NULL,5),(4832,'Jaquirana',25,'2018-02-02 15:23:08','2019-04-22 18:17:04',2,NULL,5),(4833,'Jari',25,'2018-02-02 15:23:08','2019-04-22 18:17:04',2,NULL,5),(4834,'Jóia',25,'2018-02-02 15:23:08','2019-04-22 18:17:04',2,NULL,5),(4835,'Júlio de Castilhos',25,'2018-02-02 15:23:09','2019-04-22 18:17:05',2,NULL,5),(4836,'Lagoa Bonita do Sul',25,'2018-02-02 15:23:09','2019-04-22 18:17:05',2,NULL,5),(4837,'Lagoão',25,'2018-02-02 15:23:09','2019-04-22 18:17:05',2,NULL,5),(4838,'Lagoa dos Três Cantos',25,'2018-02-02 15:23:10','2019-04-22 18:17:06',2,NULL,5),(4839,'Lagoa Vermelha',25,'2018-02-02 15:23:10','2019-04-22 18:17:06',2,NULL,5),(4840,'Lajeado',25,'2018-02-02 15:23:11','2019-04-22 18:17:06',2,NULL,5),(4841,'Lajeado do Bugre',25,'2018-02-02 15:23:11','2019-04-22 18:17:07',2,NULL,5),(4842,'Lavras do Sul',25,'2018-02-02 15:23:11','2019-04-22 18:17:07',2,NULL,5),(4843,'Liberato Salzano',25,'2018-02-02 15:23:12','2019-04-22 18:17:07',2,NULL,5),(4844,'Lindolfo Collor',25,'2018-02-02 15:23:12','2019-04-22 18:17:08',2,NULL,5),(4845,'Linha Nova',25,'2018-02-02 15:23:12','2019-04-22 18:17:08',2,NULL,5),(4846,'Machadinho',25,'2018-02-02 15:23:13','2019-04-22 18:17:09',2,NULL,5),(4847,'Maçambará',25,'2018-02-02 15:23:13','2019-04-22 18:17:09',2,NULL,5),(4848,'Mampituba',25,'2018-02-02 15:23:13','2019-04-22 18:17:09',2,NULL,5),(4849,'Manoel Viana',25,'2018-02-02 15:23:14','2019-04-22 18:17:10',2,NULL,5),(4850,'Maquiné',25,'2018-02-02 15:23:14','2019-04-22 18:17:10',2,NULL,5),(4851,'Maratá',25,'2018-02-02 15:23:14','2019-04-22 18:17:10',2,NULL,5),(4852,'Marau',25,'2018-02-02 15:23:15','2019-04-22 18:17:11',2,NULL,5),(4853,'Marcelino Ramos',25,'2018-02-02 15:23:15','2019-04-22 18:17:11',2,NULL,5),(4854,'Mariana Pimentel',25,'2018-02-02 15:23:15','2019-04-22 18:17:11',2,NULL,5),(4855,'Mariano Moro',25,'2018-02-02 15:23:16','2019-04-22 18:17:12',2,NULL,5),(4856,'Marques de Souza',25,'2018-02-02 15:23:16','2019-04-22 18:17:12',2,NULL,5),(4857,'Mata',25,'2018-02-02 15:23:16','2019-04-22 18:17:12',2,NULL,5),(4858,'Mato Castelhano',25,'2018-02-02 15:23:17','2019-04-22 18:17:13',2,NULL,5),(4859,'Mato Leitão',25,'2018-02-02 15:23:17','2019-04-22 18:17:13',2,NULL,5),(4860,'Mato Queimado',25,'2018-02-02 15:23:18','2019-04-22 18:17:14',2,NULL,5),(4861,'Maximiliano de Almeida',25,'2018-02-02 15:23:18','2019-04-22 18:17:14',2,NULL,5),(4862,'Minas do Leão',25,'2018-02-02 15:23:18','2019-04-22 18:17:14',2,NULL,5),(4863,'Miraguaí',25,'2018-02-02 15:23:19','2019-04-22 18:17:15',2,NULL,5),(4864,'Montauri',25,'2018-02-02 15:23:19','2019-04-22 18:17:15',2,NULL,5),(4865,'Monte Alegre dos Campos',25,'2018-02-02 15:23:19','2019-04-22 18:17:15',2,NULL,5),(4866,'Monte Belo do Sul',25,'2018-02-02 15:23:20','2019-04-22 18:17:16',2,NULL,5),(4867,'Montenegro',25,'2018-02-02 15:23:20','2019-04-22 18:17:16',2,NULL,5),(4868,'Mormaço',25,'2018-02-02 15:23:20','2019-04-22 18:17:16',2,NULL,5),(4869,'Morrinhos do Sul',25,'2018-02-02 15:23:21','2019-04-22 18:17:17',2,NULL,5),(4870,'Morro Redondo',25,'2018-02-02 15:23:21','2019-04-22 18:17:17',2,NULL,5),(4871,'Morro Reuter',25,'2018-02-02 15:23:21','2019-04-22 18:17:18',2,NULL,5),(4872,'Mostardas',25,'2018-02-02 15:23:22','2019-04-22 18:17:18',2,NULL,5),(4873,'Muçum',25,'2018-02-02 15:23:22','2019-04-22 18:17:18',2,NULL,5),(4874,'Muitos Capões',25,'2018-02-02 15:23:22','2019-04-22 18:17:19',2,NULL,5),(4875,'Muliterno',25,'2018-02-02 15:23:23','2019-04-22 18:17:19',2,NULL,5),(4876,'Não-Me-Toque',25,'2018-02-02 15:23:23','2019-04-22 18:17:19',2,NULL,5),(4877,'Nicolau Vergueiro',25,'2018-02-02 15:23:23','2019-04-22 18:17:20',2,NULL,5),(4878,'Nonoai',25,'2018-02-02 15:23:24','2019-04-22 18:17:20',2,NULL,5),(4879,'Nova Alvorada',25,'2018-02-02 15:23:24','2019-04-22 18:17:20',2,NULL,5),(4880,'Nova Araçá',25,'2018-02-02 15:23:24','2019-04-22 18:17:21',2,NULL,5),(4881,'Nova Bassano',25,'2018-02-02 15:23:25','2019-04-22 18:17:21',2,NULL,5),(4882,'Nova Boa Vista',25,'2018-02-02 15:23:25','2019-04-22 18:17:21',2,NULL,5),(4883,'Nova Bréscia',25,'2018-02-02 15:23:25','2019-04-22 18:17:22',2,NULL,5),(4884,'Nova Candelária',25,'2018-02-02 15:23:26','2019-04-22 18:17:22',2,NULL,5),(4885,'Nova Esperança do Sul',25,'2018-02-02 15:23:26','2019-04-22 18:17:23',2,NULL,5),(4886,'Nova Hartz',25,'2018-02-02 15:23:27','2019-04-22 18:17:23',2,NULL,5),(4887,'Nova Pádua',25,'2018-02-02 15:23:27','2019-04-22 18:17:23',2,NULL,5),(4888,'Nova Palma',25,'2018-02-02 15:23:27','2019-04-22 18:17:24',2,NULL,5),(4889,'Nova Petrópolis',25,'2018-02-02 15:23:28','2019-04-22 18:17:24',2,NULL,5),(4890,'Nova Prata',25,'2018-02-02 15:23:28','2019-04-22 18:17:24',2,NULL,5),(4891,'Nova Ramada',25,'2018-02-02 15:23:28','2019-04-22 18:17:25',2,NULL,5),(4892,'Nova Roma do Sul',25,'2018-02-02 15:23:29','2019-04-22 18:17:25',2,NULL,5),(4893,'Nova Santa Rita',25,'2018-02-02 15:23:29','2019-04-22 18:17:25',2,NULL,5),(4894,'Novo Cabrais',25,'2018-02-02 15:23:29','2019-04-22 18:17:26',2,NULL,5),(4895,'Novo Hamburgo',25,'2018-02-02 15:23:30','2019-04-22 18:17:26',2,NULL,5),(4896,'Novo Machado',25,'2018-02-02 15:23:30','2019-04-22 18:17:26',2,NULL,5),(4897,'Novo Tiradentes',25,'2018-02-02 15:23:30','2019-04-22 18:17:27',2,NULL,5),(4898,'Novo Xingu',25,'2018-02-02 15:23:31','2019-04-22 18:17:27',2,NULL,5),(4899,'Novo Barreiro',25,'2018-02-02 15:23:31','2019-04-22 18:17:28',2,NULL,5),(4900,'Osório',25,'2018-02-02 15:23:31','2019-04-22 18:17:28',2,NULL,5),(4901,'Paim Filho',25,'2018-02-02 15:23:32','2019-04-22 18:17:28',2,NULL,5),(4902,'Palmares do Sul',25,'2018-02-02 15:23:32','2019-04-22 18:17:29',2,NULL,5),(4903,'Palmeira das Missões',25,'2018-02-02 15:23:32','2019-04-22 18:17:29',2,NULL,5),(4904,'Palmitinho',25,'2018-02-02 15:23:33','2019-04-22 18:17:29',2,NULL,5),(4905,'Panambi',25,'2018-02-02 15:23:33','2019-04-22 18:17:30',2,NULL,5),(4906,'Pantano Grande',25,'2018-02-02 15:23:33','2019-04-22 18:17:30',2,NULL,5),(4907,'Paraí',25,'2018-02-02 15:23:34','2019-04-22 18:17:30',2,NULL,5),(4908,'Paraíso do Sul',25,'2018-02-02 15:23:34','2019-04-22 18:17:31',2,NULL,5),(4909,'Pareci Novo',25,'2018-02-02 15:23:34','2019-04-22 18:17:31',2,NULL,5),(4910,'Parobé',25,'2018-02-02 15:23:35','2019-04-22 18:17:31',2,NULL,5),(4911,'Passa Sete',25,'2018-02-02 15:23:35','2019-04-22 18:17:32',2,NULL,5),(4912,'Passo do Sobrado',25,'2018-02-02 15:23:36','2019-04-22 18:17:32',2,NULL,5),(4913,'Passo Fundo',25,'2018-02-02 15:23:36','2019-04-22 18:17:33',2,NULL,5),(4914,'Paulo Bento',25,'2018-02-02 15:23:36','2019-04-22 18:17:33',2,NULL,5),(4915,'Paverama',25,'2018-02-02 15:23:37','2019-04-22 18:17:33',2,NULL,5),(4916,'Pedras Altas',25,'2018-02-02 15:23:37','2019-04-22 18:17:34',2,NULL,5),(4917,'Pedro Osório',25,'2018-02-02 15:23:37','2019-04-22 18:17:34',2,NULL,5),(4918,'Pejuçara',25,'2018-02-02 15:23:38','2019-04-22 18:17:34',2,NULL,5),(4919,'Pelotas',25,'2018-02-02 15:23:38','2019-04-22 18:17:35',2,NULL,5),(4920,'Picada Café',25,'2018-02-02 15:23:38','2019-04-22 18:17:35',2,NULL,5),(4921,'Pinhal',25,'2018-02-02 15:23:39','2019-04-22 18:17:35',2,NULL,5),(4922,'Pinhal da Serra',25,'2018-02-02 15:23:39','2019-04-22 18:17:36',2,NULL,5),(4923,'Pinhal Grande',25,'2018-02-02 15:23:39','2019-04-22 18:17:36',2,NULL,5),(4924,'Pinheirinho do Vale',25,'2018-02-02 15:23:40','2019-04-22 18:17:36',2,NULL,5),(4925,'Pinheiro Machado',25,'2018-02-02 15:23:40','2019-04-22 18:17:37',2,NULL,5),(4926,'Pinto Bandeira',25,'2018-02-02 15:23:40','2019-04-22 18:17:37',2,NULL,5),(4927,'Pirapó',25,'2018-02-02 15:23:41','2019-04-22 18:17:38',2,NULL,5),(4928,'Piratini',25,'2018-02-02 15:23:41','2019-04-22 18:17:38',2,NULL,5),(4929,'Planalto',25,'2018-02-02 15:23:41','2019-04-22 18:17:38',2,NULL,5),(4930,'Poço das Antas',25,'2018-02-02 15:23:42','2019-04-22 18:17:39',2,NULL,5),(4931,'Pontão',25,'2018-02-02 15:23:42','2019-04-22 18:17:39',2,NULL,5),(4932,'Ponte Preta',25,'2018-02-02 15:23:42','2019-04-22 18:17:39',2,NULL,5),(4933,'Portão',25,'2018-02-02 15:23:43','2019-04-22 18:17:40',2,NULL,5),(4934,'Porto Alegre',25,'2018-02-02 15:23:43','2019-04-22 18:17:40',2,NULL,5),(4935,'Porto Lucena',25,'2018-02-02 15:23:44','2019-04-22 18:17:40',2,NULL,5),(4936,'Porto Mauá',25,'2018-02-02 15:23:44','2019-04-22 18:17:41',2,NULL,5),(4937,'Porto Vera Cruz',25,'2018-02-02 15:23:44','2019-04-22 18:17:41',2,NULL,5),(4938,'Porto Xavier',25,'2018-02-02 15:23:45','2019-04-22 18:17:41',2,NULL,5),(4939,'Pouso Novo',25,'2018-02-02 15:23:45','2019-04-22 18:17:42',2,NULL,5),(4940,'Presidente Lucena',25,'2018-02-02 15:23:45','2019-04-22 18:17:42',2,NULL,5),(4941,'Progresso',25,'2018-02-02 15:23:46','2019-04-22 18:17:43',2,NULL,5),(4942,'Protásio Alves',25,'2018-02-02 15:23:46','2019-04-22 18:17:43',2,NULL,5),(4943,'Putinga',25,'2018-02-02 15:23:46','2019-04-22 18:17:43',2,NULL,5),(4944,'Quaraí',25,'2018-02-02 15:23:47','2019-04-22 18:17:44',2,NULL,5),(4945,'Quatro Irmãos',25,'2018-02-02 15:23:47','2019-04-22 18:17:44',2,NULL,5),(4946,'Quevedos',25,'2018-02-02 15:23:47','2019-04-22 18:17:44',2,NULL,5),(4947,'Quinze de Novembro',25,'2018-02-02 15:23:48','2019-04-22 18:17:45',2,NULL,5),(4948,'Redentora',25,'2018-02-02 15:23:48','2019-04-22 18:17:45',2,NULL,5),(4949,'Relvado',25,'2018-02-02 15:23:48','2019-04-22 18:17:45',2,NULL,5),(4950,'Restinga Seca',25,'2018-02-02 15:23:49','2019-04-22 18:17:46',2,NULL,5),(4951,'Rio dos Índios',25,'2018-02-02 15:23:49','2019-04-22 18:17:46',2,NULL,5),(4952,'Rio Grande',25,'2018-02-02 15:23:49','2019-04-22 18:17:46',2,NULL,5),(4953,'Rio Pardo',25,'2018-02-02 15:23:50','2019-04-22 18:17:47',2,NULL,5),(4954,'Riozinho',25,'2018-02-02 15:23:50','2019-04-22 18:17:47',2,NULL,5),(4955,'Roca Sales',25,'2018-02-02 15:23:50','2019-04-22 18:17:48',2,NULL,5),(4956,'Rodeio Bonito',25,'2018-02-02 15:23:51','2019-04-22 18:17:48',2,NULL,5),(4957,'Rolador',25,'2018-02-02 15:23:51','2019-04-22 18:17:48',2,NULL,5),(4958,'Rolante',25,'2018-02-02 15:23:52','2019-04-22 18:17:49',2,NULL,5),(4959,'Ronda Alta',25,'2018-02-02 15:23:52','2019-04-22 18:17:49',2,NULL,5),(4960,'Rondinha',25,'2018-02-02 15:23:52','2019-04-22 18:17:49',2,NULL,5),(4961,'Roque Gonzales',25,'2018-02-02 15:23:53','2019-04-22 18:17:50',2,NULL,5),(4962,'Rosário do Sul',25,'2018-02-02 15:23:53','2019-04-22 18:17:50',2,NULL,5),(4963,'Sagrada Família',25,'2018-02-02 15:23:53','2019-04-22 18:17:50',2,NULL,5),(4964,'Saldanha Marinho',25,'2018-02-02 15:23:54','2019-04-22 18:17:51',2,NULL,5),(4965,'Salto do Jacuí',25,'2018-02-02 15:23:54','2019-04-22 18:17:51',2,NULL,5),(4966,'Salvador das Missões',25,'2018-02-02 15:23:54','2019-04-22 18:17:51',2,NULL,5),(4967,'Salvador do Sul',25,'2018-02-02 15:23:55','2019-04-22 18:17:52',2,NULL,5),(4968,'Sananduva',25,'2018-02-02 15:23:55','2019-04-22 18:17:52',2,NULL,5),(4969,'Santa Bárbara do Sul',25,'2018-02-02 15:23:55','2019-04-22 18:17:53',2,NULL,5),(4970,'Santa Cecília do Sul',25,'2018-02-02 15:23:56','2019-04-22 18:17:53',2,NULL,5),(4971,'Santa Clara do Sul',25,'2018-02-02 15:23:56','2019-04-22 18:17:53',2,NULL,5),(4972,'Santa Cruz do Sul',25,'2018-02-02 15:23:56','2019-04-22 18:17:54',2,NULL,5),(4973,'Santa Maria',25,'2018-02-02 15:23:57','2019-04-22 18:17:54',2,NULL,5),(4974,'Santa Maria do Herval',25,'2018-02-02 15:23:57','2019-04-22 18:17:54',2,NULL,5),(4975,'Santa Margarida do Sul',25,'2018-02-02 15:23:57','2019-04-22 18:17:55',2,NULL,5),(4976,'Santana da Boa Vista',25,'2018-02-02 15:23:58','2019-04-22 18:17:55',2,NULL,5),(4977,'Sant\'Ana do Livramento',25,'2018-02-02 15:23:58','2019-04-22 18:17:55',2,NULL,5),(4978,'Santa Rosa',25,'2018-02-02 15:23:58','2019-04-22 18:17:56',2,NULL,5),(4979,'Santa Tereza',25,'2018-02-02 15:23:59','2019-04-22 18:17:56',2,NULL,5),(4980,'Santa Vitória do Palmar',25,'2018-02-02 15:23:59','2019-04-22 18:17:57',2,NULL,5),(4981,'Santiago',25,'2018-02-02 15:24:00','2019-04-22 18:17:57',2,NULL,5),(4982,'Santo Ângelo',25,'2018-02-02 15:24:00','2019-04-22 18:17:57',2,NULL,5),(4983,'Santo Antônio do Palma',25,'2018-02-02 15:24:00','2019-04-22 18:17:58',2,NULL,5),(4984,'Santo Antônio da Patrulha',25,'2018-02-02 15:24:01','2019-04-22 18:17:58',2,NULL,5),(4985,'Santo Antônio das Missões',25,'2018-02-02 15:24:01','2019-04-22 18:17:58',2,NULL,5),(4986,'Santo Antônio do Planalto',25,'2018-02-02 15:24:01','2019-04-22 18:17:59',2,NULL,5),(4987,'Santo Augusto',25,'2018-02-02 15:24:02','2019-04-22 18:17:59',2,NULL,5),(4988,'Santo Cristo',25,'2018-02-02 15:24:02','2019-04-22 18:17:59',2,NULL,5),(4989,'Santo Expedito do Sul',25,'2018-02-02 15:24:02','2019-04-22 18:18:00',2,NULL,5),(4990,'São Borja',25,'2018-02-02 15:24:03','2019-04-22 18:18:00',2,NULL,5),(4991,'São Domingos do Sul',25,'2018-02-02 15:24:03','2019-04-22 18:18:00',2,NULL,5),(4992,'São Francisco de Assis',25,'2018-02-02 15:24:03','2019-04-22 18:18:01',2,NULL,5),(4993,'São Francisco de Paula',25,'2018-02-02 15:24:04','2019-04-22 18:18:01',2,NULL,5),(4994,'São Gabriel',25,'2018-02-02 15:24:04','2019-04-22 18:18:02',2,NULL,5),(4995,'São Jerônimo',25,'2018-02-02 15:24:04','2019-04-22 18:18:02',2,NULL,5),(4996,'São João da Urtiga',25,'2018-02-02 15:24:05','2019-04-22 18:18:02',2,NULL,5),(4997,'São João do Polêsine',25,'2018-02-02 15:24:05','2019-04-22 18:18:03',2,NULL,5),(4998,'São Jorge',25,'2018-02-02 15:24:05','2019-04-22 18:18:03',2,NULL,5),(4999,'São José das Missões',25,'2018-02-02 15:24:06','2019-04-22 18:18:03',2,NULL,5),(5000,'São José do Herval',25,'2018-02-02 15:24:06','2019-04-22 18:18:04',2,NULL,5),(5001,'São José do Hortêncio',25,'2018-02-02 15:24:06','2019-04-22 18:18:04',2,NULL,5),(5002,'São José do Inhacorá',25,'2018-02-02 15:24:07','2019-04-22 18:18:04',2,NULL,5),(5003,'São José do Norte',25,'2018-02-02 15:24:07','2019-04-22 18:18:05',2,NULL,5),(5004,'São José do Ouro',25,'2018-02-02 15:24:07','2019-04-22 18:18:05',2,NULL,5),(5005,'São José do Sul',25,'2018-02-02 15:24:08','2019-04-22 18:18:05',2,NULL,5),(5006,'São José dos Ausentes',25,'2018-02-02 15:24:08','2019-04-22 18:18:06',2,NULL,5),(5007,'São Leopoldo',25,'2018-02-02 15:24:09','2019-04-22 18:18:06',2,NULL,5),(5008,'São Lourenço do Sul',25,'2018-02-02 15:24:09','2019-04-22 18:18:07',2,NULL,5),(5009,'São Luiz Gonzaga',25,'2018-02-02 15:24:09','2019-04-22 18:18:07',2,NULL,5),(5010,'São Marcos',25,'2018-02-02 15:24:10','2019-04-22 18:18:07',2,NULL,5),(5011,'São Martinho',25,'2018-02-02 15:24:10','2019-04-22 18:18:08',2,NULL,5),(5012,'São Martinho da Serra',25,'2018-02-02 15:24:10','2019-04-22 18:18:08',2,NULL,5),(5013,'São Miguel das Missões',25,'2018-02-02 15:24:11','2019-04-22 18:18:08',2,NULL,5),(5014,'São Nicolau',25,'2018-02-02 15:24:11','2019-04-22 18:18:09',2,NULL,5),(5015,'São Paulo das Missões',25,'2018-02-02 15:24:11','2019-04-22 18:18:09',2,NULL,5),(5016,'São Pedro da Serra',25,'2018-02-02 15:24:12','2019-04-22 18:18:09',2,NULL,5),(5017,'São Pedro das Missões',25,'2018-02-02 15:24:12','2019-04-22 18:18:10',2,NULL,5),(5018,'São Pedro do Butiá',25,'2018-02-02 15:24:12','2019-04-22 18:18:10',2,NULL,5),(5019,'São Pedro do Sul',25,'2018-02-02 15:24:13','2019-04-22 18:18:10',2,NULL,5),(5020,'São Sebastião do Caí',25,'2018-02-02 15:24:13','2019-04-22 18:18:11',2,NULL,5),(5021,'São Sepé',25,'2018-02-02 15:24:14','2019-04-22 18:18:11',2,NULL,5),(5022,'São Valentim',25,'2018-02-02 15:24:14','2019-04-22 18:18:12',2,NULL,5),(5023,'São Valentim do Sul',25,'2018-02-02 15:24:14','2019-04-22 18:18:12',2,NULL,5),(5024,'São Valério do Sul',25,'2018-02-02 15:24:15','2019-04-22 18:18:12',2,NULL,5),(5025,'São Vendelino',25,'2018-02-02 15:24:15','2019-04-22 18:18:13',2,NULL,5),(5026,'São Vicente do Sul',25,'2018-02-02 15:24:15','2019-04-22 18:18:13',2,NULL,5),(5027,'Sapiranga',25,'2018-02-02 15:24:16','2019-04-22 18:18:13',2,NULL,5),(5028,'Sapucaia do Sul',25,'2018-02-02 15:24:16','2019-04-22 18:18:14',2,NULL,5),(5029,'Sarandi',25,'2018-02-02 15:24:16','2019-04-22 18:18:14',2,NULL,5),(5030,'Seberi',25,'2018-02-02 15:24:17','2019-04-22 18:18:14',2,NULL,5),(5031,'Sede Nova',25,'2018-02-02 15:24:17','2019-04-22 18:18:15',2,NULL,5),(5032,'Segredo',25,'2018-02-02 15:24:17','2019-04-22 18:18:15',2,NULL,5),(5033,'Selbach',25,'2018-02-02 15:24:18','2019-04-22 18:18:16',2,NULL,5),(5034,'Senador Salgado Filho',25,'2018-02-02 15:24:18','2019-04-22 18:18:16',2,NULL,5),(5035,'Sentinela do Sul',25,'2018-02-02 15:24:19','2019-04-22 18:18:16',2,NULL,5),(5036,'Serafina Corrêa',25,'2018-02-02 15:24:19','2019-04-22 18:18:17',2,NULL,5),(5037,'Sério',25,'2018-02-02 15:24:19','2019-04-22 18:18:17',2,NULL,5),(5038,'Sertão',25,'2018-02-02 15:24:20','2019-04-22 18:18:17',2,NULL,5),(5039,'Sertão Santana',25,'2018-02-02 15:24:20','2019-04-22 18:18:18',2,NULL,5),(5040,'Sete de Setembro',25,'2018-02-02 15:24:20','2019-04-22 18:18:18',2,NULL,5),(5041,'Severiano de Almeida',25,'2018-02-02 15:24:21','2019-04-22 18:18:18',2,NULL,5),(5042,'Silveira Martins',25,'2018-02-02 15:24:21','2019-04-22 18:18:19',2,NULL,5),(5043,'Sinimbu',25,'2018-02-02 15:24:21','2019-04-22 18:18:19',2,NULL,5),(5044,'Sobradinho',25,'2018-02-02 15:24:22','2019-04-22 18:18:19',2,NULL,5),(5045,'Soledade',25,'2018-02-02 15:24:22','2019-04-22 18:18:20',2,NULL,5),(5046,'Tabaí',25,'2018-02-02 15:24:22','2019-04-22 18:18:20',2,NULL,5),(5047,'Tapejara',25,'2018-02-02 15:24:23','2019-04-22 18:18:21',2,NULL,5),(5048,'Tapera',25,'2018-02-02 15:24:23','2019-04-22 18:18:21',2,NULL,5),(5049,'Tapes',25,'2018-02-02 15:24:23','2019-04-22 18:18:21',2,NULL,5),(5050,'Taquara',25,'2018-02-02 15:24:24','2019-04-22 18:18:22',2,NULL,5),(5051,'Taquari',25,'2018-02-02 15:24:24','2019-04-22 18:18:22',2,NULL,5),(5052,'Taquaruçu do Sul',25,'2018-02-02 15:24:24','2019-04-22 18:18:22',2,NULL,5),(5053,'Tavares',25,'2018-02-02 15:24:25','2019-04-22 18:18:23',2,NULL,5),(5054,'Tenente Portela',25,'2018-02-02 15:24:25','2019-04-22 18:18:23',2,NULL,5),(5055,'Terra de Areia',25,'2018-02-02 15:24:25','2019-04-22 18:18:23',2,NULL,5),(5056,'Teutônia',25,'2018-02-02 15:24:26','2019-04-22 18:18:24',2,NULL,5),(5057,'Tio Hugo',25,'2018-02-02 15:24:26','2019-04-22 18:18:24',2,NULL,5),(5058,'Tiradentes do Sul',25,'2018-02-02 15:24:26','2019-04-22 18:18:24',2,NULL,5),(5059,'Toropi',25,'2018-02-02 15:24:27','2019-04-22 18:18:25',2,NULL,5),(5060,'Torres',25,'2018-02-02 15:24:27','2019-04-22 18:18:25',2,NULL,5),(5061,'Tramandaí',25,'2018-02-02 15:24:28','2019-04-22 18:18:26',2,NULL,5),(5062,'Travesseiro',25,'2018-02-02 15:24:28','2019-04-22 18:18:26',2,NULL,5),(5063,'Três Arroios',25,'2018-02-02 15:24:28','2019-04-22 18:18:26',2,NULL,5),(5064,'Três Cachoeiras',25,'2018-02-02 15:24:29','2019-04-22 18:18:27',2,NULL,5),(5065,'Três Coroas',25,'2018-02-02 15:24:29','2019-04-22 18:18:27',2,NULL,5),(5066,'Três de Maio',25,'2018-02-02 15:24:29','2019-04-22 18:18:27',2,NULL,5),(5067,'Três Forquilhas',25,'2018-02-02 15:24:30','2019-04-22 18:18:28',2,NULL,5),(5068,'Três Palmeiras',25,'2018-02-02 15:24:30','2019-04-22 18:18:28',2,NULL,5),(5069,'Três Passos',25,'2018-02-02 15:24:30','2019-04-22 18:18:28',2,NULL,5),(5070,'Trindade do Sul',25,'2018-02-02 15:24:31','2019-04-22 18:18:29',2,NULL,5),(5071,'Triunfo',25,'2018-02-02 15:24:31','2019-04-22 18:18:29',2,NULL,5),(5072,'Tucunduva',25,'2018-02-02 15:24:31','2019-04-22 18:18:30',2,NULL,5),(5073,'Tunas',25,'2018-02-02 15:24:32','2019-04-22 18:18:30',2,NULL,5),(5074,'Tupanci do Sul',25,'2018-02-02 15:24:32','2019-04-22 18:18:30',2,NULL,5),(5075,'Tupanciretã',25,'2018-02-02 15:24:32','2019-04-22 18:18:31',2,NULL,5),(5076,'Tupandi',25,'2018-02-02 15:24:33','2019-04-22 18:18:31',2,NULL,5),(5077,'Tuparendi',25,'2018-02-02 15:24:33','2019-04-22 18:18:31',2,NULL,5),(5078,'Turuçu',25,'2018-02-02 15:24:33','2019-04-22 18:18:32',2,NULL,5),(5079,'Ubiretama',25,'2018-02-02 15:24:34','2019-04-22 18:18:32',2,NULL,5),(5080,'União da Serra',25,'2018-02-02 15:24:34','2019-04-22 18:18:32',2,NULL,5),(5081,'Unistalda',25,'2018-02-02 15:24:34','2019-04-22 18:18:33',2,NULL,5),(5082,'Uruguaiana',25,'2018-02-02 15:24:35','2019-04-22 18:18:33',2,NULL,5),(5083,'Vacaria',25,'2018-02-02 15:24:35','2019-04-22 18:18:33',2,NULL,5),(5084,'Vale Verde',25,'2018-02-02 15:24:35','2019-04-22 18:18:34',2,NULL,5),(5085,'Vale do Sol',25,'2018-02-02 15:24:36','2019-04-22 18:18:34',2,NULL,5),(5086,'Vale Real',25,'2018-02-02 15:24:36','2019-04-22 18:18:35',2,NULL,5),(5087,'Vanini',25,'2018-02-02 15:24:37','2019-04-22 18:18:35',2,NULL,5),(5088,'Venâncio Aires',25,'2018-02-02 15:24:37','2019-04-22 18:18:35',2,NULL,5),(5089,'Vera Cruz',25,'2018-02-02 15:24:37','2019-04-22 18:18:36',2,NULL,5),(5090,'Veranópolis',25,'2018-02-02 15:24:38','2019-04-22 18:18:36',2,NULL,5),(5091,'Vespasiano Correa',25,'2018-02-02 15:24:38','2019-04-22 18:18:36',2,NULL,5),(5092,'Viadutos',25,'2018-02-02 15:24:38','2019-04-22 18:18:37',2,NULL,5),(5093,'Viamão',25,'2018-02-02 15:24:39','2019-04-22 18:18:37',2,NULL,5),(5094,'Vicente Dutra',25,'2018-02-02 15:24:39','2019-04-22 18:18:37',2,NULL,5),(5095,'Victor Graeff',25,'2018-02-02 15:24:39','2019-04-22 18:18:38',2,NULL,5),(5096,'Vila Flores',25,'2018-02-02 15:24:40','2019-04-22 18:18:38',2,NULL,5),(5097,'Vila Lângaro',25,'2018-02-02 15:24:40','2019-04-22 18:18:39',2,NULL,5),(5098,'Vila Maria',25,'2018-02-02 15:24:40','2019-04-22 18:18:39',2,NULL,5),(5099,'Vila Nova do Sul',25,'2018-02-02 15:24:41','2019-04-22 18:18:39',2,NULL,5),(5100,'Vista Alegre',25,'2018-02-02 15:24:41','2019-04-22 18:18:40',2,NULL,5),(5101,'Vista Alegre do Prata',25,'2018-02-02 15:24:41','2019-04-22 18:18:40',2,NULL,5),(5102,'Vista Gaúcha',25,'2018-02-02 15:24:42','2019-04-22 18:18:40',2,NULL,5),(5103,'Vitória das Missões',25,'2018-02-02 15:24:42','2019-04-22 18:18:41',2,NULL,5),(5104,'Westfalia',25,'2018-02-02 15:24:42','2019-04-22 18:18:41',2,NULL,5),(5105,'Xangri-lá',25,'2018-02-02 15:24:43','2019-04-22 18:18:41',2,NULL,5),(5106,'Água Clara',16,'2018-02-02 15:26:27','2019-04-22 18:18:42',2,NULL,5),(5107,'Alcinópolis',16,'2018-02-02 15:26:27','2019-04-22 18:18:42',2,NULL,5),(5108,'Amambai',16,'2018-02-02 15:26:28','2019-04-22 18:18:42',2,NULL,5),(5109,'Anastácio',16,'2018-02-02 15:26:28','2019-04-22 18:18:43',2,NULL,5),(5110,'Anaurilândia',16,'2018-02-02 15:26:28','2019-04-22 18:18:43',2,NULL,5),(5111,'Angélica',16,'2018-02-02 15:26:29','2019-04-22 18:18:44',2,NULL,5),(5112,'Antônio João',16,'2018-02-02 15:26:29','2019-04-22 18:18:44',2,NULL,5),(5113,'Aparecida do Taboado',16,'2018-02-02 15:26:29','2019-04-22 18:18:44',2,NULL,5),(5114,'Aquidauana',16,'2018-02-02 15:26:30','2019-04-22 18:18:45',2,NULL,5),(5115,'Aral Moreira',16,'2018-02-02 15:26:30','2019-04-22 18:18:45',2,NULL,5),(5116,'Bandeirantes',16,'2018-02-02 15:26:30','2019-04-22 18:18:45',2,NULL,5),(5117,'Bataguassu',16,'2018-02-02 15:26:31','2019-04-22 18:18:46',2,NULL,5),(5118,'Batayporã',16,'2018-02-02 15:26:31','2019-04-22 18:18:46',2,NULL,5),(5119,'Bela Vista',16,'2018-02-02 15:26:31','2019-04-22 18:18:46',2,NULL,5),(5120,'Bodoquena',16,'2018-02-02 15:26:32','2019-04-22 18:18:47',2,NULL,5),(5121,'Bonito',16,'2018-02-02 15:26:32','2019-04-22 18:18:47',2,NULL,5),(5122,'Brasilândia',16,'2018-02-02 15:26:32','2019-04-22 18:18:47',2,NULL,5),(5123,'Caarapó',16,'2018-02-02 15:26:33','2019-04-22 18:18:48',2,NULL,5),(5124,'Camapuã',16,'2018-02-02 15:26:33','2019-04-22 18:18:48',2,NULL,5),(5125,'Campo Grande',16,'2018-02-02 15:26:34','2019-04-22 18:18:49',2,NULL,5),(5126,'Caracol',16,'2018-02-02 15:26:34','2019-04-22 18:18:49',2,NULL,5),(5127,'Cassilândia',16,'2018-02-02 15:26:34','2019-04-22 18:18:49',2,NULL,5),(5128,'Chapadão do Sul',16,'2018-02-02 15:26:35','2019-04-22 18:18:50',2,NULL,5),(5129,'Corguinho',16,'2018-02-02 15:26:35','2019-04-22 18:18:50',2,NULL,5),(5130,'Coronel Sapucaia',16,'2018-02-02 15:26:35','2019-04-22 18:18:50',2,NULL,5),(5131,'Corumbá',16,'2018-02-02 15:26:36','2019-04-22 18:18:51',2,NULL,5),(5132,'Costa Rica',16,'2018-02-02 15:26:36','2019-04-22 18:18:51',2,NULL,5),(5133,'Coxim',16,'2018-02-02 15:26:36','2019-04-22 18:18:51',2,NULL,5),(5134,'Deodápolis',16,'2018-02-02 15:26:37','2019-04-22 18:18:52',2,NULL,5),(5135,'Dois Irmãos do Buriti',16,'2018-02-02 15:26:37','2019-04-22 18:18:52',2,NULL,5),(5136,'Douradina',16,'2018-02-02 15:26:37','2019-04-22 18:18:53',2,NULL,5),(5137,'Dourados',16,'2018-02-02 15:26:38','2019-04-22 18:18:53',2,NULL,5),(5138,'Eldorado',16,'2018-02-02 15:26:38','2019-04-22 18:18:53',2,NULL,5),(5139,'Fátima do Sul',16,'2018-02-02 15:26:39','2019-04-22 18:18:54',2,NULL,5),(5140,'Figueirão',16,'2018-02-02 15:26:39','2019-04-22 18:18:54',2,NULL,5),(5141,'Glória de Dourados',16,'2018-02-02 15:26:39','2019-04-22 18:18:54',2,NULL,5),(5142,'Guia Lopes da Laguna',16,'2018-02-02 15:26:40','2019-04-22 18:18:55',2,NULL,5),(5143,'Iguatemi',16,'2018-02-02 15:26:40','2019-04-22 18:18:55',2,NULL,5),(5144,'Inocência',16,'2018-02-02 15:26:40','2019-04-22 18:18:55',2,NULL,5),(5145,'Itaporã',16,'2018-02-02 15:26:41','2019-04-22 18:18:56',2,NULL,5),(5146,'Itaquiraí',16,'2018-02-02 15:26:41','2019-04-22 18:18:56',2,NULL,5),(5147,'Ivinhema',16,'2018-02-02 15:26:41','2019-04-22 18:18:56',2,NULL,5),(5148,'Japorã',16,'2018-02-02 15:26:42','2019-04-22 18:18:57',2,NULL,5),(5149,'Jaraguari',16,'2018-02-02 15:26:42','2019-04-22 18:18:57',2,NULL,5),(5150,'Jardim',16,'2018-02-02 15:26:42','2019-04-22 18:18:58',2,NULL,5),(5151,'Jateí',16,'2018-02-02 15:26:43','2019-04-22 18:18:58',2,NULL,5),(5152,'Juti',16,'2018-02-02 15:26:43','2019-04-22 18:18:58',2,NULL,5),(5153,'Ladário',16,'2018-02-02 15:26:43','2019-04-22 18:18:59',2,NULL,5),(5154,'Laguna Carapã',16,'2018-02-02 15:26:44','2019-04-22 18:18:59',2,NULL,5),(5155,'Maracaju',16,'2018-02-02 15:26:44','2019-04-22 18:18:59',2,NULL,5),(5156,'Miranda',16,'2018-02-02 15:26:45','2019-04-22 18:19:00',2,NULL,5),(5157,'Mundo Novo',16,'2018-02-02 15:26:45','2019-04-22 18:19:00',2,NULL,5),(5158,'Naviraí',16,'2018-02-02 15:26:45','2019-04-22 18:19:00',2,NULL,5),(5159,'Nioaque',16,'2018-02-02 15:26:46','2019-04-22 18:19:01',2,NULL,5),(5160,'Nova Alvorada do Sul',16,'2018-02-02 15:26:46','2019-04-22 18:19:01',2,NULL,5),(5161,'Nova Andradina',16,'2018-02-02 15:26:46','2019-04-22 18:19:01',2,NULL,5),(5162,'Novo Horizonte do Sul',16,'2018-02-02 15:26:47','2019-04-22 18:19:02',2,NULL,5),(5163,'Paraíso das Águas',16,'2018-02-02 15:26:47','2019-04-22 18:19:02',2,NULL,5),(5164,'Paranaíba',16,'2018-02-02 15:26:47','2019-04-22 18:19:03',2,NULL,5),(5165,'Paranhos',16,'2018-02-02 15:26:48','2019-04-22 18:19:03',2,NULL,5),(5166,'Pedro Gomes',16,'2018-02-02 15:26:48','2019-04-22 18:19:03',2,NULL,5),(5167,'Ponta Porã',16,'2018-02-02 15:26:48','2019-04-22 18:19:04',2,NULL,5),(5168,'Porto Murtinho',16,'2018-02-02 15:26:49','2019-04-22 18:19:04',2,NULL,5),(5169,'Ribas do Rio Pardo',16,'2018-02-02 15:26:49','2019-04-22 18:19:04',2,NULL,5),(5170,'Rio Brilhante',16,'2018-02-02 15:26:49','2019-04-22 18:19:05',2,NULL,5),(5171,'Rio Negro',16,'2018-02-02 15:26:50','2019-04-22 18:19:05',2,NULL,5),(5172,'Rio Verde de Mato Grosso',16,'2018-02-02 15:26:50','2019-04-22 18:19:05',2,NULL,5),(5173,'Rochedo',16,'2018-02-02 15:26:51','2019-04-22 18:19:06',2,NULL,5),(5174,'Santa Rita do Pardo',16,'2018-02-02 15:26:51','2019-04-22 18:19:06',2,NULL,5),(5175,'São Gabriel do Oeste',16,'2018-02-02 15:26:51','2019-04-22 18:19:06',2,NULL,5),(5176,'Sete Quedas',16,'2018-02-02 15:26:52','2019-04-22 18:19:07',2,NULL,5),(5177,'Selvíria',16,'2018-02-02 15:26:52','2019-04-22 18:19:07',2,NULL,5),(5178,'Sidrolândia',16,'2018-02-02 15:26:52','2019-04-22 18:19:08',2,NULL,5),(5179,'Sonora',16,'2018-02-02 15:26:53','2019-04-22 18:19:08',2,NULL,5),(5180,'Tacuru',16,'2018-02-02 15:26:53','2019-04-22 18:19:08',2,NULL,5),(5181,'Taquarussu',16,'2018-02-02 15:26:54','2019-04-22 18:19:09',2,NULL,5),(5182,'Terenos',16,'2018-02-02 15:26:54','2019-04-22 18:19:09',2,NULL,5),(5183,'Três Lagoas',16,'2018-02-02 15:26:54','2019-04-22 18:19:09',2,NULL,5),(5184,'Vicentina',16,'2018-02-02 15:26:55','2019-04-22 18:19:10',2,NULL,5),(5185,'Acorizal',15,'2018-02-02 15:27:17','2019-04-22 18:19:10',2,NULL,5),(5186,'Água Boa',15,'2018-02-02 15:27:17','2019-04-22 18:19:10',2,NULL,5),(5187,'Alta Floresta',15,'2018-02-02 15:27:17','2019-04-22 18:19:11',2,NULL,5),(5188,'Alto Araguaia',15,'2018-02-02 15:27:18','2019-04-22 18:19:11',2,NULL,5),(5189,'Alto Boa Vista',15,'2018-02-02 15:27:18','2019-04-22 18:19:11',2,NULL,5),(5190,'Alto Garças',15,'2018-02-02 15:27:18','2019-04-22 18:19:12',2,NULL,5),(5191,'Alto Paraguai',15,'2018-02-02 15:27:19','2019-04-22 18:19:12',2,NULL,5),(5192,'Alto Taquari',15,'2018-02-02 15:27:19','2019-04-22 18:19:13',2,NULL,5),(5193,'Apiacás',15,'2018-02-02 15:27:19','2019-04-22 18:19:13',2,NULL,5),(5194,'Araguaiana',15,'2018-02-02 15:27:20','2019-04-22 18:19:13',2,NULL,5),(5195,'Araguainha',15,'2018-02-02 15:27:20','2019-04-22 18:19:14',2,NULL,5),(5196,'Araputanga',15,'2018-02-02 15:27:21','2019-04-22 18:19:14',2,NULL,5),(5197,'Arenápolis',15,'2018-02-02 15:27:21','2019-04-22 18:19:14',2,NULL,5),(5198,'Aripuanã',15,'2018-02-02 15:27:21','2019-04-22 18:19:15',2,NULL,5),(5199,'Barão de Melgaço',15,'2018-02-02 15:27:22','2019-04-22 18:19:15',2,NULL,5),(5200,'Barra do Bugres',15,'2018-02-02 15:27:22','2019-04-22 18:19:15',2,NULL,5),(5201,'Barra do Garças',15,'2018-02-02 15:27:22','2019-04-22 18:19:16',2,NULL,5),(5202,'Bom Jesus do Araguaia',15,'2018-02-02 15:27:23','2019-04-22 18:19:16',2,NULL,5),(5203,'Brasnorte',15,'2018-02-02 15:27:23','2019-04-22 18:19:17',2,NULL,5),(5204,'Cáceres',15,'2018-02-02 15:27:23','2019-04-22 18:19:17',2,NULL,5),(5205,'Campinápolis',15,'2018-02-02 15:27:24','2019-04-22 18:19:17',2,NULL,5),(5206,'Campo Novo do Parecis',15,'2018-02-02 15:27:24','2019-04-22 18:19:18',2,NULL,5),(5207,'Campo Verde',15,'2018-02-02 15:27:24','2019-04-22 18:19:18',2,NULL,5),(5208,'Campos de Júlio',15,'2018-02-02 15:27:25','2019-04-22 18:19:18',2,NULL,5),(5209,'Canabrava do Norte',15,'2018-02-02 15:27:25','2019-04-22 18:19:19',2,NULL,5),(5210,'Canarana',15,'2018-02-02 15:27:26','2019-04-22 18:19:19',2,NULL,5),(5211,'Carlinda',15,'2018-02-02 15:27:26','2019-04-22 18:19:19',2,NULL,5),(5212,'Castanheira',15,'2018-02-02 15:27:26','2019-04-22 18:19:20',2,NULL,5),(5213,'Chapada dos Guimarães',15,'2018-02-02 15:27:27','2019-04-22 18:19:20',2,NULL,5),(5214,'Cláudia',15,'2018-02-02 15:27:27','2019-04-22 18:19:20',2,NULL,5),(5215,'Cocalinho',15,'2018-02-02 15:27:27','2019-04-22 18:19:21',2,NULL,5),(5216,'Colíder',15,'2018-02-02 15:27:28','2019-04-22 18:19:21',2,NULL,5),(5217,'Colniza',15,'2018-02-02 15:27:28','2019-04-22 18:19:21',2,NULL,5),(5218,'Comodoro',15,'2018-02-02 15:27:28','2019-04-22 18:19:22',2,NULL,5),(5219,'Confresa',15,'2018-02-02 15:27:29','2019-04-22 18:19:22',2,NULL,5),(5220,'Conquista D\'Oeste',15,'2018-02-02 15:27:29','2019-04-22 18:19:23',2,NULL,5),(5221,'Cotriguaçu',15,'2018-02-02 15:27:29','2019-04-22 18:19:23',2,NULL,5),(5222,'Cuiabá',15,'2018-02-02 15:27:30','2019-04-22 18:19:23',2,NULL,5),(5223,'Curvelândia',15,'2018-02-02 15:27:30','2019-04-22 18:19:24',2,NULL,5),(5224,'Denise',15,'2018-02-02 15:27:30','2019-04-22 18:19:24',2,NULL,5),(5225,'Diamantino',15,'2018-02-02 15:27:31','2019-04-22 18:19:24',2,NULL,5),(5226,'Dom Aquino',15,'2018-02-02 15:27:31','2019-04-22 18:19:25',2,NULL,5),(5227,'Feliz Natal',15,'2018-02-02 15:27:32','2019-04-22 18:19:25',2,NULL,5),(5228,'Figueirópolis D\'Oeste',15,'2018-02-02 15:27:32','2019-04-22 18:19:25',2,NULL,5),(5229,'Gaúcha do Norte',15,'2018-02-02 15:27:32','2019-04-22 18:19:26',2,NULL,5),(5230,'General Carneiro',15,'2018-02-02 15:27:33','2019-04-22 18:19:26',2,NULL,5),(5231,'Glória D\'Oeste',15,'2018-02-02 15:27:33','2019-04-22 18:19:27',2,NULL,5),(5232,'Guarantã do Norte',15,'2018-02-02 15:27:33','2019-04-22 18:19:27',2,NULL,5),(5233,'Guiratinga',15,'2018-02-02 15:27:34','2019-04-22 18:19:27',2,NULL,5),(5234,'Indiavaí',15,'2018-02-02 15:27:34','2019-04-22 18:19:28',2,NULL,5),(5235,'Ipiranga do Norte',15,'2018-02-02 15:27:34','2019-04-22 18:19:28',2,NULL,5),(5236,'Itanhangá',15,'2018-02-02 15:27:35','2019-04-22 18:19:28',2,NULL,5),(5237,'Itaúba',15,'2018-02-02 15:27:35','2019-04-22 18:19:29',2,NULL,5),(5238,'Itiquira',15,'2018-02-02 15:27:35','2019-04-22 18:19:29',2,NULL,5),(5239,'Jaciara',15,'2018-02-02 15:27:36','2019-04-22 18:19:29',2,NULL,5),(5240,'Jangada',15,'2018-02-02 15:27:36','2019-04-22 18:19:30',2,NULL,5),(5241,'Jauru',15,'2018-02-02 15:27:37','2019-04-22 18:19:30',2,NULL,5),(5242,'Juara',15,'2018-02-02 15:27:37','2019-04-22 18:19:30',2,NULL,5),(5243,'Juína',15,'2018-02-02 15:27:37','2019-04-22 18:19:31',2,NULL,5),(5244,'Juruena',15,'2018-02-02 15:27:38','2019-04-22 18:19:31',2,NULL,5),(5245,'Juscimeira',15,'2018-02-02 15:27:38','2019-04-22 18:19:32',2,NULL,5),(5246,'Lambari D\'Oeste',15,'2018-02-02 15:27:38','2019-04-22 18:19:32',2,NULL,5),(5247,'Lucas do Rio Verde',15,'2018-02-02 15:27:39','2019-04-22 18:19:32',2,NULL,5),(5248,'Luciara',15,'2018-02-02 15:27:39','2019-04-22 18:19:33',2,NULL,5),(5249,'Vila Bela da Santíssima Trindade',15,'2018-02-02 15:27:39','2019-04-22 18:19:33',2,NULL,5),(5250,'Marcelândia',15,'2018-02-02 15:27:40','2019-04-22 18:19:33',2,NULL,5),(5251,'Matupá',15,'2018-02-02 15:27:40','2019-04-22 18:19:34',2,NULL,5),(5252,'Mirassol D\'Oeste',15,'2018-02-02 15:27:40','2019-04-22 18:19:34',2,NULL,5),(5253,'Nobres',15,'2018-02-02 15:27:41','2019-04-22 18:19:34',2,NULL,5),(5254,'Nortelândia',15,'2018-02-02 15:27:41','2019-04-22 18:19:35',2,NULL,5),(5255,'Nossa Senhora do Livramento',15,'2018-02-02 15:27:42','2019-04-22 18:19:35',2,NULL,5),(5256,'Nova Bandeirantes',15,'2018-02-02 15:27:42','2019-04-22 18:19:35',2,NULL,5),(5257,'Nova Nazaré',15,'2018-02-02 15:27:42','2019-04-22 18:19:36',2,NULL,5),(5258,'Nova Lacerda',15,'2018-02-02 15:27:43','2019-04-22 18:19:36',2,NULL,5),(5259,'Nova Santa Helena',15,'2018-02-02 15:27:43','2019-04-22 18:19:37',2,NULL,5),(5260,'Nova Brasilândia',15,'2018-02-02 15:27:43','2019-04-22 18:19:37',2,NULL,5),(5261,'Nova Canaã do Norte',15,'2018-02-02 15:27:44','2019-04-22 18:19:37',2,NULL,5),(5262,'Nova Mutum',15,'2018-02-02 15:27:44','2019-04-22 18:19:38',2,NULL,5),(5263,'Nova Olímpia',15,'2018-02-02 15:27:44','2019-04-22 18:19:38',2,NULL,5),(5264,'Nova Ubiratã',15,'2018-02-02 15:27:45','2019-04-22 18:19:38',2,NULL,5),(5265,'Nova Xavantina',15,'2018-02-02 15:27:45','2019-04-22 18:19:39',2,NULL,5),(5266,'Novo Mundo',15,'2018-02-02 15:27:45','2019-04-22 18:19:39',2,NULL,5),(5267,'Novo Horizonte do Norte',15,'2018-02-02 15:27:46','2019-04-22 18:19:39',2,NULL,5),(5268,'Novo São Joaquim',15,'2018-02-02 15:27:46','2019-04-22 18:19:40',2,NULL,5),(5269,'Paranaíta',15,'2018-02-02 15:27:46','2019-04-22 18:19:40',2,NULL,5),(5270,'Paranatinga',15,'2018-02-02 15:27:47','2019-04-22 18:19:40',2,NULL,5),(5271,'Novo Santo Antônio',15,'2018-02-02 15:27:47','2019-04-22 18:19:41',2,NULL,5),(5272,'Pedra Preta',15,'2018-02-02 15:27:48','2019-04-22 18:19:41',2,NULL,5),(5273,'Peixoto de Azevedo',15,'2018-02-02 15:27:48','2019-04-22 18:19:42',2,NULL,5),(5274,'Planalto da Serra',15,'2018-02-02 15:27:48','2019-04-22 18:19:42',2,NULL,5),(5275,'Poconé',15,'2018-02-02 15:27:49','2019-04-22 18:19:42',2,NULL,5),(5276,'Pontal do Araguaia',15,'2018-02-02 15:27:49','2019-04-22 18:19:43',2,NULL,5),(5277,'Ponte Branca',15,'2018-02-02 15:27:49','2019-04-22 18:19:43',2,NULL,5),(5278,'Pontes e Lacerda',15,'2018-02-02 15:27:50','2019-04-22 18:19:43',2,NULL,5),(5279,'Porto Alegre do Norte',15,'2018-02-02 15:27:50','2019-04-22 18:19:44',2,NULL,5),(5280,'Porto dos Gaúchos',15,'2018-02-02 15:27:50','2019-04-22 18:19:44',2,NULL,5),(5281,'Porto Esperidião',15,'2018-02-02 15:27:51','2019-04-22 18:19:44',2,NULL,5),(5282,'Porto Estrela',15,'2018-02-02 15:27:51','2019-04-22 18:19:45',2,NULL,5),(5283,'Poxoréo',15,'2018-02-02 15:27:51','2019-04-22 18:19:45',2,NULL,5),(5284,'Primavera do Leste',15,'2018-02-02 15:27:52','2019-04-22 18:19:45',2,NULL,5),(5285,'Querência',15,'2018-02-02 15:27:52','2019-04-22 18:19:46',2,NULL,5),(5286,'São José dos Quatro Marcos',15,'2018-02-02 15:27:53','2019-04-22 18:19:46',2,NULL,5),(5287,'Reserva do Cabaçal',15,'2018-02-02 15:27:53','2019-04-22 18:19:47',2,NULL,5),(5288,'Ribeirão Cascalheira',15,'2018-02-02 15:27:53','2019-04-22 18:19:47',2,NULL,5),(5289,'Ribeirãozinho',15,'2018-02-02 15:27:54','2019-04-22 18:19:47',2,NULL,5),(5290,'Rio Branco',15,'2018-02-02 15:27:54','2019-04-22 18:19:48',2,NULL,5),(5291,'Santa Carmem',15,'2018-02-02 15:27:54','2019-04-22 18:19:48',2,NULL,5),(5292,'Santo Afonso',15,'2018-02-02 15:27:55','2019-04-22 18:19:48',2,NULL,5),(5293,'São José do Povo',15,'2018-02-02 15:27:55','2019-04-22 18:19:49',2,NULL,5),(5294,'São José do Rio Claro',15,'2018-02-02 15:27:56','2019-04-22 18:19:49',2,NULL,5),(5295,'São José do Xingu',15,'2018-02-02 15:27:56','2019-04-22 18:19:49',2,NULL,5),(5296,'São Pedro da Cipa',15,'2018-02-02 15:27:57','2019-04-22 18:19:50',2,NULL,5),(5297,'Rondolândia',15,'2018-02-02 15:27:57','2019-04-22 18:19:50',2,NULL,5),(5298,'Rondonópolis',15,'2018-02-02 15:27:57','2019-04-22 18:19:50',2,NULL,5),(5299,'Rosário Oeste',15,'2018-02-02 15:27:58','2019-04-22 18:19:51',2,NULL,5),(5300,'Santa Cruz do Xingu',15,'2018-02-02 15:27:58','2019-04-22 18:19:51',2,NULL,5),(5301,'Salto do Céu',15,'2018-02-02 15:27:58','2019-04-22 18:19:52',2,NULL,5),(5302,'Santa Rita do Trivelato',15,'2018-02-02 15:27:59','2019-04-22 18:19:52',2,NULL,5),(5303,'Santa Terezinha',15,'2018-02-02 15:27:59','2019-04-22 18:19:52',2,NULL,5),(5304,'Santo Antônio do Leste',15,'2018-02-02 15:27:59','2019-04-22 18:19:53',2,NULL,5),(5305,'Santo Antônio do Leverger',15,'2018-02-02 15:28:00','2019-04-22 18:19:53',2,NULL,5),(5306,'São Félix do Araguaia',15,'2018-02-02 15:28:00','2019-04-22 18:19:53',2,NULL,5),(5307,'Sapezal',15,'2018-02-02 15:28:01','2019-04-22 18:19:54',2,NULL,5),(5308,'Serra Nova Dourada',15,'2018-02-02 15:28:01','2019-04-22 18:19:54',2,NULL,5),(5309,'Sinop',15,'2018-02-02 15:28:01','2019-04-22 18:19:54',2,NULL,5),(5310,'Sorriso',15,'2018-02-02 15:28:02','2019-04-22 18:19:55',2,NULL,5),(5311,'Tabaporã',15,'2018-02-02 15:28:02','2019-04-22 18:19:55',2,NULL,5),(5312,'Tangará da Serra',15,'2018-02-02 15:28:02','2019-04-22 18:19:56',2,NULL,5),(5313,'Tapurah',15,'2018-02-02 15:28:03','2019-04-22 18:19:56',2,NULL,5),(5314,'Terra Nova do Norte',15,'2018-02-02 15:28:03','2019-04-22 18:19:56',2,NULL,5),(5315,'Tesouro',15,'2018-02-02 15:28:03','2019-04-22 18:19:57',2,NULL,5),(5316,'Torixoréu',15,'2018-02-02 15:28:04','2019-04-22 18:19:57',2,NULL,5),(5317,'União do Sul',15,'2018-02-02 15:28:04','2019-04-22 18:19:57',2,NULL,5),(5318,'Vale de São Domingos',15,'2018-02-02 15:28:04','2019-04-22 18:19:58',2,NULL,5),(5319,'Várzea Grande',15,'2018-02-02 15:28:05','2019-04-22 18:19:58',2,NULL,5),(5320,'Vera',15,'2018-02-02 15:28:05','2019-04-22 18:19:58',2,NULL,5),(5321,'Vila Rica',15,'2018-02-02 15:28:06','2019-04-22 18:19:59',2,NULL,5),(5322,'Nova Guarita',15,'2018-02-02 15:28:06','2019-04-22 18:19:59',2,NULL,5),(5323,'Nova Marilândia',15,'2018-02-02 15:28:06','2019-04-22 18:19:59',2,NULL,5),(5324,'Nova Maringá',15,'2018-02-02 15:28:07','2019-04-22 18:20:00',2,NULL,5),(5325,'Nova Monte Verde',15,'2018-02-02 15:28:07','2019-04-22 18:20:00',2,NULL,5),(5326,'Abadia de Goiás',13,'2018-02-02 15:28:42','2019-04-22 18:20:01',2,NULL,5),(5327,'Abadiânia',13,'2018-02-02 15:28:42','2019-04-22 18:20:01',2,NULL,5),(5328,'Acreúna',13,'2018-02-02 15:28:42','2019-04-22 18:20:01',2,NULL,5),(5329,'Adelândia',13,'2018-02-02 15:28:43','2019-04-22 18:20:02',2,NULL,5),(5330,'Água Fria de Goiás',13,'2018-02-02 15:28:43','2019-04-22 18:20:02',2,NULL,5),(5331,'Água Limpa',13,'2018-02-02 15:28:43','2019-04-22 18:20:02',2,NULL,5),(5332,'Águas Lindas de Goiás',13,'2018-02-02 15:28:44','2019-04-22 18:20:03',2,NULL,5),(5333,'Alexânia',13,'2018-02-02 15:28:44','2019-04-22 18:20:03',2,NULL,5),(5334,'Aloândia',13,'2018-02-02 15:28:45','2019-04-22 18:20:03',2,NULL,5),(5335,'Alto Horizonte',13,'2018-02-02 15:28:45','2019-04-22 18:20:04',2,NULL,5),(5336,'Alto Paraíso de Goiás',13,'2018-02-02 15:28:45','2019-04-22 18:20:04',2,NULL,5),(5337,'Alvorada do Norte',13,'2018-02-02 15:28:46','2019-04-22 18:20:04',2,NULL,5),(5338,'Amaralina',13,'2018-02-02 15:28:46','2019-04-22 18:20:05',2,NULL,5),(5339,'Americano do Brasil',13,'2018-02-02 15:28:46','2019-04-22 18:20:05',2,NULL,5),(5340,'Amorinópolis',13,'2018-02-02 15:28:47','2019-04-22 18:20:06',2,NULL,5),(5341,'Anápolis',13,'2018-02-02 15:28:47','2019-04-22 18:20:06',2,NULL,5),(5342,'Anhanguera',13,'2018-02-02 15:28:47','2019-04-22 18:20:06',2,NULL,5),(5343,'Anicuns',13,'2018-02-02 15:28:48','2019-04-22 18:20:07',2,NULL,5),(5344,'Aparecida de Goiânia',13,'2018-02-02 15:28:48','2019-04-22 18:20:07',2,NULL,5),(5345,'Aparecida do Rio Doce',13,'2018-02-02 15:28:48','2019-04-22 18:20:07',2,NULL,5),(5346,'Aporé',13,'2018-02-02 15:28:49','2019-04-22 18:20:08',2,NULL,5),(5347,'Araçu',13,'2018-02-02 15:28:49','2019-04-22 18:20:08',2,NULL,5),(5348,'Aragarças',13,'2018-02-02 15:28:49','2019-04-22 18:20:08',2,NULL,5),(5349,'Aragoiânia',13,'2018-02-02 15:28:50','2019-04-22 18:20:09',2,NULL,5),(5350,'Araguapaz',13,'2018-02-02 15:28:50','2019-04-22 18:20:09',2,NULL,5),(5351,'Arenópolis',13,'2018-02-02 15:28:51','2019-04-22 18:20:09',2,NULL,5),(5352,'Aruanã',13,'2018-02-02 15:28:51','2019-04-22 18:20:10',2,NULL,5),(5353,'Aurilândia',13,'2018-02-02 15:28:51','2019-04-22 18:20:10',2,NULL,5),(5354,'Avelinópolis',13,'2018-02-02 15:28:52','2019-04-22 18:20:11',2,NULL,5),(5355,'Baliza',13,'2018-02-02 15:28:52','2019-04-22 18:20:11',2,NULL,5),(5356,'Barro Alto',13,'2018-02-02 15:28:52','2019-04-22 18:20:11',2,NULL,5),(5357,'Bela Vista de Goiás',13,'2018-02-02 15:28:53','2019-04-22 18:20:12',2,NULL,5),(5358,'Bom Jardim de Goiás',13,'2018-02-02 15:28:53','2019-04-22 18:20:12',2,NULL,5),(5359,'Bom Jesus de Goiás',13,'2018-02-02 15:28:53','2019-04-22 18:20:12',2,NULL,5),(5360,'Bonfinópolis',13,'2018-02-02 15:28:54','2019-04-22 18:20:13',2,NULL,5),(5361,'Bonópolis',13,'2018-02-02 15:28:54','2019-04-22 18:20:13',2,NULL,5),(5362,'Brazabrantes',13,'2018-02-02 15:28:54','2019-04-22 18:20:13',2,NULL,5),(5363,'Britânia',13,'2018-02-02 15:28:55','2019-04-22 18:20:14',2,NULL,5),(5364,'Buriti Alegre',13,'2018-02-02 15:28:56','2019-04-22 18:20:14',2,NULL,5),(5365,'Buriti de Goiás',13,'2018-02-02 15:28:56','2019-04-22 18:20:14',2,NULL,5),(5366,'Buritinópolis',13,'2018-02-02 15:28:56','2019-04-22 18:20:15',2,NULL,5),(5367,'Cabeceiras',13,'2018-02-02 15:28:57','2019-04-22 18:20:15',2,NULL,5),(5368,'Cachoeira Alta',13,'2018-02-02 15:28:57','2019-04-22 18:20:16',2,NULL,5),(5369,'Cachoeira de Goiás',13,'2018-02-02 15:28:57','2019-04-22 18:20:16',2,NULL,5),(5370,'Cachoeira Dourada',13,'2018-02-02 15:28:58','2019-04-22 18:20:16',2,NULL,5),(5371,'Caçu',13,'2018-02-02 15:28:58','2019-04-22 18:20:17',2,NULL,5),(5372,'Caiapônia',13,'2018-02-02 15:28:58','2019-04-22 18:20:17',2,NULL,5),(5373,'Caldas Novas',13,'2018-02-02 15:28:59','2019-04-22 18:20:17',2,NULL,5),(5374,'Caldazinha',13,'2018-02-02 15:28:59','2019-04-22 18:20:18',2,NULL,5),(5375,'Campestre de Goiás',13,'2018-02-02 15:29:00','2019-04-22 18:20:18',2,NULL,5),(5376,'Campinaçu',13,'2018-02-02 15:29:00','2019-04-22 18:20:19',2,NULL,5),(5377,'Campinorte',13,'2018-02-02 15:29:00','2019-04-22 18:20:19',2,NULL,5),(5378,'Campo Alegre de Goiás',13,'2018-02-02 15:29:01','2019-04-22 18:20:20',2,NULL,5),(5379,'Campo Limpo de Goiás',13,'2018-02-02 15:29:01','2019-04-22 18:20:20',2,NULL,5),(5380,'Campos Belos',13,'2018-02-02 15:29:01','2019-04-22 18:20:20',2,NULL,5),(5381,'Campos Verdes',13,'2018-02-02 15:29:02','2019-04-22 18:20:21',2,NULL,5),(5382,'Carmo do Rio Verde',13,'2018-02-02 15:29:02','2019-04-22 18:20:21',2,NULL,5),(5383,'Castelândia',13,'2018-02-02 15:29:02','2019-04-22 18:20:22',2,NULL,5),(5384,'Catalão',13,'2018-02-02 15:29:03','2019-04-22 18:20:22',2,NULL,5),(5385,'Caturaí',13,'2018-02-02 15:29:03','2019-04-22 18:20:22',2,NULL,5),(5386,'Cavalcante',13,'2018-02-02 15:29:03','2019-04-22 18:20:23',2,NULL,5),(5387,'Ceres',13,'2018-02-02 15:29:04','2019-04-22 18:20:23',2,NULL,5),(5388,'Cezarina',13,'2018-02-02 15:29:04','2019-04-22 18:20:23',2,NULL,5),(5389,'Chapadão do Céu',13,'2018-02-02 15:29:04','2019-04-22 18:20:24',2,NULL,5),(5390,'Cidade Ocidental',13,'2018-02-02 15:29:05','2019-04-22 18:20:24',2,NULL,5),(5391,'Cocalzinho de Goiás',13,'2018-02-02 15:29:05','2019-04-22 18:20:24',2,NULL,5),(5392,'Colinas do Sul',13,'2018-02-02 15:29:06','2019-04-22 18:20:25',2,NULL,5),(5393,'Córrego do Ouro',13,'2018-02-02 15:29:06','2019-04-22 18:20:25',2,NULL,5),(5394,'Corumbá de Goiás',13,'2018-02-02 15:29:06','2019-04-22 18:20:26',2,NULL,5),(5395,'Corumbaíba',13,'2018-02-02 15:29:07','2019-04-22 18:20:26',2,NULL,5),(5396,'Cristalina',13,'2018-02-02 15:29:07','2019-04-22 18:20:26',2,NULL,5),(5397,'Cristianópolis',13,'2018-02-02 15:29:07','2019-04-22 18:20:27',2,NULL,5),(5398,'Crixás',13,'2018-02-02 15:29:08','2019-04-22 18:20:27',2,NULL,5),(5399,'Cromínia',13,'2018-02-02 15:29:08','2019-04-22 18:20:27',2,NULL,5),(5400,'Cumari',13,'2018-02-02 15:29:08','2019-04-22 18:20:28',2,NULL,5),(5401,'Damianópolis',13,'2018-02-02 15:29:09','2019-04-22 18:20:28',2,NULL,5),(5402,'Damolândia',13,'2018-02-02 15:29:09','2019-04-22 18:20:28',2,NULL,5),(5403,'Davinópolis',13,'2018-02-02 15:29:09','2019-04-22 18:20:29',2,NULL,5),(5404,'Diorama',13,'2018-02-02 15:29:10','2019-04-22 18:20:29',2,NULL,5),(5405,'Doverlândia',13,'2018-02-02 15:29:10','2019-04-22 18:20:29',2,NULL,5),(5406,'Edealina',13,'2018-02-02 15:29:10','2019-04-22 18:20:30',2,NULL,5),(5407,'Edéia',13,'2018-02-02 15:29:11','2019-04-22 18:20:30',2,NULL,5),(5408,'Estrela do Norte',13,'2018-02-02 15:29:11','2019-04-22 18:20:31',2,NULL,5),(5409,'Faina',13,'2018-02-02 15:29:12','2019-04-22 18:20:31',2,NULL,5),(5410,'Fazenda Nova',13,'2018-02-02 15:29:12','2019-04-22 18:20:31',2,NULL,5),(5411,'Firminópolis',13,'2018-02-02 15:29:12','2019-04-22 18:20:32',2,NULL,5),(5412,'Flores de Goiás',13,'2018-02-02 15:29:13','2019-04-22 18:20:32',2,NULL,5),(5413,'Formosa',13,'2018-02-02 15:29:13','2019-04-22 18:20:32',2,NULL,5),(5414,'Formoso',13,'2018-02-02 15:29:13','2019-04-22 18:20:33',2,NULL,5),(5415,'Gameleira de Goiás',13,'2018-02-02 15:29:14','2019-04-22 18:20:33',2,NULL,5),(5416,'Divinópolis de Goiás',13,'2018-02-02 15:29:14','2019-04-22 18:20:33',2,NULL,5),(5417,'Goianápolis',13,'2018-02-02 15:29:14','2019-04-22 18:20:34',2,NULL,5),(5418,'Goiandira',13,'2018-02-02 15:29:15','2019-04-22 18:20:34',2,NULL,5),(5419,'Goianésia',13,'2018-02-02 15:29:15','2019-04-22 18:20:35',2,NULL,5),(5420,'Goiânia',13,'2018-02-02 15:29:15','2019-04-22 18:20:35',2,NULL,5),(5421,'Goianira',13,'2018-02-02 15:29:16','2019-04-22 18:20:35',2,NULL,5),(5422,'Goiás',13,'2018-02-02 15:29:16','2019-04-22 18:20:36',2,NULL,5),(5423,'Goiatuba',13,'2018-02-02 15:29:16','2019-04-22 18:20:36',2,NULL,5),(5424,'Gouvelândia',13,'2018-02-02 15:29:17','2019-04-22 18:20:36',2,NULL,5),(5425,'Guapó',13,'2018-02-02 15:29:17','2019-04-22 18:20:37',2,NULL,5),(5426,'Guaraíta',13,'2018-02-02 15:29:18','2019-04-22 18:20:37',2,NULL,5),(5427,'Guarani de Goiás',13,'2018-02-02 15:29:18','2019-04-22 18:20:37',2,NULL,5),(5428,'Guarinos',13,'2018-02-02 15:29:18','2019-04-22 18:20:38',2,NULL,5),(5429,'Heitoraí',13,'2018-02-02 15:29:19','2019-04-22 18:20:38',2,NULL,5),(5430,'Hidrolândia',13,'2018-02-02 15:29:19','2019-04-22 18:20:38',2,NULL,5),(5431,'Hidrolina',13,'2018-02-02 15:29:19','2019-04-22 18:20:39',2,NULL,5),(5432,'Iaciara',13,'2018-02-02 15:29:20','2019-04-22 18:20:39',2,NULL,5),(5433,'Inaciolândia',13,'2018-02-02 15:29:20','2019-04-22 18:20:40',2,NULL,5),(5434,'Indiara',13,'2018-02-02 15:29:20','2019-04-22 18:20:40',2,NULL,5),(5435,'Inhumas',13,'2018-02-02 15:29:21','2019-04-22 18:20:40',2,NULL,5),(5436,'Ipameri',13,'2018-02-02 15:29:21','2019-04-22 18:20:41',2,NULL,5),(5437,'Ipiranga de Goiás',13,'2018-02-02 15:29:21','2019-04-22 18:20:41',2,NULL,5),(5438,'Iporá',13,'2018-02-02 15:29:22','2019-04-22 18:20:41',2,NULL,5),(5439,'Israelândia',13,'2018-02-02 15:29:22','2019-04-22 18:20:42',2,NULL,5),(5440,'Itaberaí',13,'2018-02-02 15:29:23','2019-04-22 18:20:42',2,NULL,5),(5441,'Itaguari',13,'2018-02-02 15:29:23','2019-04-22 18:20:42',2,NULL,5),(5442,'Itaguaru',13,'2018-02-02 15:29:23','2019-04-22 18:20:43',2,NULL,5),(5443,'Itajá',13,'2018-02-02 15:29:24','2019-04-22 18:20:43',2,NULL,5),(5444,'Itapaci',13,'2018-02-02 15:29:24','2019-04-22 18:20:43',2,NULL,5),(5445,'Itapirapuã',13,'2018-02-02 15:29:24','2019-04-22 18:20:44',2,NULL,5),(5446,'Itapuranga',13,'2018-02-02 15:29:25','2019-04-22 18:20:44',2,NULL,5),(5447,'Itarumã',13,'2018-02-02 15:29:25','2019-04-22 18:20:45',2,NULL,5),(5448,'Itauçu',13,'2018-02-02 15:29:25','2019-04-22 18:20:45',2,NULL,5),(5449,'Itumbiara',13,'2018-02-02 15:29:26','2019-04-22 18:20:45',2,NULL,5),(5450,'Ivolândia',13,'2018-02-02 15:29:26','2019-04-22 18:20:46',2,NULL,5),(5451,'Jandaia',13,'2018-02-02 15:29:26','2019-04-22 18:20:46',2,NULL,5),(5452,'Jaraguá',13,'2018-02-02 15:29:27','2019-04-22 18:20:46',2,NULL,5),(5453,'Jataí',13,'2018-02-02 15:29:27','2019-04-22 18:20:47',2,NULL,5),(5454,'Jaupaci',13,'2018-02-02 15:29:28','2019-04-22 18:20:47',2,NULL,5),(5455,'Jesúpolis',13,'2018-02-02 15:29:28','2019-04-22 18:20:47',2,NULL,5),(5456,'Joviânia',13,'2018-02-02 15:29:28','2019-04-22 18:20:48',2,NULL,5),(5457,'Jussara',13,'2018-02-02 15:29:29','2019-04-22 18:20:48',2,NULL,5),(5458,'Lagoa Santa',13,'2018-02-02 15:29:29','2019-04-22 18:20:49',2,NULL,5),(5459,'Leopoldo de Bulhões',13,'2018-02-02 15:29:29','2019-04-22 18:20:49',2,NULL,5),(5460,'Luziânia',13,'2018-02-02 15:29:30','2019-04-22 18:20:49',2,NULL,5),(5461,'Mairipotaba',13,'2018-02-02 15:29:30','2019-04-22 18:20:50',2,NULL,5),(5462,'Mambaí',13,'2018-02-02 15:29:30','2019-04-22 18:20:50',2,NULL,5),(5463,'Mara Rosa',13,'2018-02-02 15:29:31','2019-04-22 18:20:50',2,NULL,5),(5464,'Marzagão',13,'2018-02-02 15:29:31','2019-04-22 18:20:51',2,NULL,5),(5465,'Matrinchã',13,'2018-02-02 15:29:31','2019-04-22 18:20:51',2,NULL,5),(5466,'Maurilândia',13,'2018-02-02 15:29:32','2019-04-22 18:20:51',2,NULL,5),(5467,'Mimoso de Goiás',13,'2018-02-02 15:29:32','2019-04-22 18:20:52',2,NULL,5),(5468,'Minaçu',13,'2018-02-02 15:29:32','2019-04-22 18:20:52',2,NULL,5),(5469,'Mineiros',13,'2018-02-02 15:29:33','2019-04-22 18:20:52',2,NULL,5),(5470,'Moiporá',13,'2018-02-02 15:29:33','2019-04-22 18:20:53',2,NULL,5),(5471,'Monte Alegre de Goiás',13,'2018-02-02 15:29:34','2019-04-22 18:20:53',2,NULL,5),(5472,'Montes Claros de Goiás',13,'2018-02-02 15:29:34','2019-04-22 18:20:54',2,NULL,5),(5473,'Montividiu',13,'2018-02-02 15:29:34','2019-04-22 18:20:54',2,NULL,5),(5474,'Montividiu do Norte',13,'2018-02-02 15:29:35','2019-04-22 18:20:54',2,NULL,5),(5475,'Morrinhos',13,'2018-02-02 15:29:35','2019-04-22 18:20:55',2,NULL,5),(5476,'Morro Agudo de Goiás',13,'2018-02-02 15:29:35','2019-04-22 18:20:55',2,NULL,5),(5477,'Mossâmedes',13,'2018-02-02 15:29:36','2019-04-22 18:20:55',2,NULL,5),(5478,'Mozarlândia',13,'2018-02-02 15:29:36','2019-04-22 18:20:56',2,NULL,5),(5479,'Mundo Novo',13,'2018-02-02 15:29:36','2019-04-22 18:20:56',2,NULL,5),(5480,'Mutunópolis',13,'2018-02-02 15:29:37','2019-04-22 18:20:56',2,NULL,5),(5481,'Nazário',13,'2018-02-02 15:29:37','2019-04-22 18:20:57',2,NULL,5),(5482,'Nerópolis',13,'2018-02-02 15:29:37','2019-04-22 18:20:57',2,NULL,5),(5483,'Niquelândia',13,'2018-02-02 15:29:38','2019-04-22 18:20:57',2,NULL,5),(5484,'Nova América',13,'2018-02-02 15:29:38','2019-04-22 18:20:58',2,NULL,5),(5485,'Nova Aurora',13,'2018-02-02 15:29:39','2019-04-22 18:20:58',2,NULL,5),(5486,'Nova Crixás',13,'2018-02-02 15:29:39','2019-04-22 18:20:59',2,NULL,5),(5487,'Nova Glória',13,'2018-02-02 15:29:39','2019-04-22 18:20:59',2,NULL,5),(5488,'Nova Iguaçu de Goiás',13,'2018-02-02 15:29:40','2019-04-22 18:20:59',2,NULL,5),(5489,'Nova Roma',13,'2018-02-02 15:29:40','2019-04-22 18:21:00',2,NULL,5),(5490,'Nova Veneza',13,'2018-02-02 15:29:40','2019-04-22 18:21:00',2,NULL,5),(5491,'Novo Brasil',13,'2018-02-02 15:29:41','2019-04-22 18:21:00',2,NULL,5),(5492,'Novo Gama',13,'2018-02-02 15:29:41','2019-04-22 18:21:01',2,NULL,5),(5493,'Novo Planalto',13,'2018-02-02 15:29:41','2019-04-22 18:21:01',2,NULL,5),(5494,'Orizona',13,'2018-02-02 15:29:42','2019-04-22 18:21:01',2,NULL,5),(5495,'Ouro Verde de Goiás',13,'2018-02-02 15:29:42','2019-04-22 18:21:02',2,NULL,5),(5496,'Ouvidor',13,'2018-02-02 15:29:42','2019-04-22 18:21:02',2,NULL,5),(5497,'Padre Bernardo',13,'2018-02-02 15:29:43','2019-04-22 18:21:02',2,NULL,5),(5498,'Palestina de Goiás',13,'2018-02-02 15:29:43','2019-04-22 18:21:03',2,NULL,5),(5499,'Palmeiras de Goiás',13,'2018-02-02 15:29:43','2019-04-22 18:21:03',2,NULL,5),(5500,'Palmelo',13,'2018-02-02 15:29:44','2019-04-22 18:21:04',2,NULL,5),(5501,'Palminópolis',13,'2018-02-02 15:29:44','2019-04-22 18:21:04',2,NULL,5),(5502,'Panamá',13,'2018-02-02 15:29:45','2019-04-22 18:21:04',2,NULL,5),(5503,'Paranaiguara',13,'2018-02-02 15:29:45','2019-04-22 18:21:05',2,NULL,5),(5504,'Paraúna',13,'2018-02-02 15:29:45','2019-04-22 18:21:05',2,NULL,5),(5505,'Perolândia',13,'2018-02-02 15:29:46','2019-04-22 18:21:05',2,NULL,5),(5506,'Petrolina de Goiás',13,'2018-02-02 15:29:46','2019-04-22 18:21:06',2,NULL,5),(5507,'Pilar de Goiás',13,'2018-02-02 15:29:46','2019-04-22 18:21:06',2,NULL,5),(5508,'Piracanjuba',13,'2018-02-02 15:29:47','2019-04-22 18:21:06',2,NULL,5),(5509,'Piranhas',13,'2018-02-02 15:29:47','2019-04-22 18:21:07',2,NULL,5),(5510,'Pirenópolis',13,'2018-02-02 15:29:47','2019-04-22 18:21:07',2,NULL,5),(5511,'Pires do Rio',13,'2018-02-02 15:29:48','2019-04-22 18:21:08',2,NULL,5),(5512,'Planaltina',13,'2018-02-02 15:29:48','2019-04-22 18:21:08',2,NULL,5),(5513,'Pontalina',13,'2018-02-02 15:29:48','2019-04-22 18:21:08',2,NULL,5),(5514,'Porangatu',13,'2018-02-02 15:29:49','2019-04-22 18:21:09',2,NULL,5),(5515,'Porteirão',13,'2018-02-02 15:29:49','2019-04-22 18:21:09',2,NULL,5),(5516,'Portelândia',13,'2018-02-02 15:29:49','2019-04-22 18:21:09',2,NULL,5),(5517,'Posse',13,'2018-02-02 15:29:50','2019-04-22 18:21:10',2,NULL,5),(5518,'Professor Jamil',13,'2018-02-02 15:29:50','2019-04-22 18:21:10',2,NULL,5),(5519,'Quirinópolis',13,'2018-02-02 15:29:51','2019-04-22 18:21:10',2,NULL,5),(5520,'Rialma',13,'2018-02-02 15:29:51','2019-04-22 18:21:11',2,NULL,5),(5521,'Rianápolis',13,'2018-02-02 15:29:51','2019-04-22 18:21:11',2,NULL,5),(5522,'Rio Quente',13,'2018-02-02 15:29:52','2019-04-22 18:21:11',2,NULL,5),(5523,'Rio Verde',13,'2018-02-02 15:29:52','2019-04-22 18:21:12',2,NULL,5),(5524,'Rubiataba',13,'2018-02-02 15:29:52','2019-04-22 18:21:12',2,NULL,5),(5525,'Sanclerlândia',13,'2018-02-02 15:29:53','2019-04-22 18:21:13',2,NULL,5),(5526,'Santa Bárbara de Goiás',13,'2018-02-02 15:29:53','2019-04-22 18:21:13',2,NULL,5),(5527,'Santa Cruz de Goiás',13,'2018-02-02 15:29:53','2019-04-22 18:21:13',2,NULL,5),(5528,'Santa Fé de Goiás',13,'2018-02-02 15:29:54','2019-04-22 18:21:14',2,NULL,5),(5529,'Santa Helena de Goiás',13,'2018-02-02 15:29:54','2019-04-22 18:21:14',2,NULL,5),(5530,'Santa Isabel',13,'2018-02-02 15:29:54','2019-04-22 18:21:14',2,NULL,5),(5531,'Santa Rita do Araguaia',13,'2018-02-02 15:29:55','2019-04-22 18:21:15',2,NULL,5),(5532,'Santa Rita do Novo Destino',13,'2018-02-02 15:29:55','2019-04-22 18:21:15',2,NULL,5),(5533,'Santa Rosa de Goiás',13,'2018-02-02 15:29:56','2019-04-22 18:21:15',2,NULL,5),(5534,'Santa Tereza de Goiás',13,'2018-02-02 15:29:56','2019-04-22 18:21:16',2,NULL,5),(5535,'Santa Terezinha de Goiás',13,'2018-02-02 15:29:56','2019-04-22 18:21:16',2,NULL,5),(5536,'Santo Antônio da Barra',13,'2018-02-02 15:29:57','2019-04-22 18:21:16',2,NULL,5),(5537,'Santo Antônio de Goiás',13,'2018-02-02 15:29:57','2019-04-22 18:21:17',2,NULL,5),(5538,'Santo Antônio do Descoberto',13,'2018-02-02 15:29:57','2019-04-22 18:21:17',2,NULL,5),(5539,'São Domingos',13,'2018-02-02 15:29:58','2019-04-22 18:21:18',2,NULL,5),(5540,'São Francisco de Goiás',13,'2018-02-02 15:29:58','2019-04-22 18:21:18',2,NULL,5),(5541,'São João D\'Aliança',13,'2018-02-02 15:29:58','2019-04-22 18:21:18',2,NULL,5),(5542,'São João da Paraúna',13,'2018-02-02 15:29:59','2019-04-22 18:21:19',2,NULL,5),(5543,'São Luís de Montes Belos',13,'2018-02-02 15:29:59','2019-04-22 18:21:19',2,NULL,5),(5544,'São Luíz do Norte',13,'2018-02-02 15:29:59','2019-04-22 18:21:19',2,NULL,5),(5545,'São Miguel do Araguaia',13,'2018-02-02 15:30:00','2019-04-22 18:21:20',2,NULL,5),(5546,'São Miguel do Passa Quatro',13,'2018-02-02 15:30:00','2019-04-22 18:21:20',2,NULL,5),(5547,'São Patrício',13,'2018-02-02 15:30:01','2019-04-22 18:21:20',2,NULL,5),(5548,'São Simão',13,'2018-02-02 15:30:01','2019-04-22 18:21:21',2,NULL,5),(5549,'Senador Canedo',13,'2018-02-02 15:30:01','2019-04-22 18:21:21',2,NULL,5),(5550,'Serranópolis',13,'2018-02-02 15:30:02','2019-04-22 18:21:22',2,NULL,5),(5551,'Silvânia',13,'2018-02-02 15:30:02','2019-04-22 18:21:22',2,NULL,5),(5552,'Simolândia',13,'2018-02-02 15:30:02','2019-04-22 18:21:22',2,NULL,5),(5553,'Sítio D\'Abadia',13,'2018-02-02 15:30:03','2019-04-22 18:21:23',2,NULL,5),(5554,'Taquaral de Goiás',13,'2018-02-02 15:30:03','2019-04-22 18:21:23',2,NULL,5),(5555,'Teresina de Goiás',13,'2018-02-02 15:30:03','2019-04-22 18:21:23',2,NULL,5),(5556,'Terezópolis de Goiás',13,'2018-02-02 15:30:04','2019-04-22 18:21:24',2,NULL,5),(5557,'Três Ranchos',13,'2018-02-02 15:30:04','2019-04-22 18:21:24',2,NULL,5),(5558,'Trindade',13,'2018-02-02 15:30:04','2019-04-22 18:21:24',2,NULL,5),(5559,'Trombas',13,'2018-02-02 15:30:05','2019-04-22 18:21:25',2,NULL,5),(5560,'Turvânia',13,'2018-02-02 15:30:05','2019-04-22 18:21:25',2,NULL,5),(5561,'Turvelândia',13,'2018-02-02 15:30:05','2019-04-22 18:21:25',2,NULL,5),(5562,'Uirapuru',13,'2018-02-02 15:30:06','2019-04-22 18:21:26',2,NULL,5),(5563,'Uruaçu',13,'2018-02-02 15:30:06','2019-04-22 18:21:26',2,NULL,5),(5564,'Uruana',13,'2018-02-02 15:30:07','2019-04-22 18:21:27',2,NULL,5),(5565,'Urutaí',13,'2018-02-02 15:30:07','2019-04-22 18:21:27',2,NULL,5),(5566,'Valparaíso de Goiás',13,'2018-02-02 15:30:07','2019-04-22 18:21:27',2,NULL,5),(5567,'Varjão',13,'2018-02-02 15:30:08','2019-04-22 18:21:28',2,NULL,5),(5568,'Vianópolis',13,'2018-02-02 15:30:08','2019-04-22 18:21:28',2,NULL,5),(5569,'Vicentinópolis',13,'2018-02-02 15:30:08','2019-04-22 18:21:28',2,NULL,5),(5570,'Vila Boa',13,'2018-02-02 15:30:09','2019-04-22 18:21:29',2,NULL,5),(5571,'Vila Propício',13,'2018-02-02 15:30:09','2019-04-22 18:21:29',2,NULL,5),(5572,'Brasília',11,'2018-02-02 15:30:24','2019-04-22 18:21:30',2,NULL,5);
/*!40000 ALTER TABLE `t047_cidade` ENABLE KEYS */;
UNLOCK TABLES;

--
-- Table structure for table `t048_estado`
--

DROP TABLE IF EXISTS `t048_estado`;
/*!40101 SET @saved_cs_client     = @@character_set_client */;
/*!40101 SET character_set_client = utf8 */;
CREATE TABLE `t048_estado` (
  `a048_id_estado` int(11) NOT NULL AUTO_INCREMENT COMMENT 'código do estado',
  `a048_nome_estado` varchar(1000) CHARACTER SET latin1 NOT NULL COMMENT 'nome do estado',
  `a048_uf` char(2) CHARACTER SET latin1 NOT NULL COMMENT 'sigla do estado',
  `a049_id_pais` int(11) NOT NULL COMMENT 'código do pais que o estado faz parte',
  `created_at` timestamp NOT NULL DEFAULT current_timestamp(),
  `updated_at` timestamp NOT NULL DEFAULT current_timestamp(),
  `created_at_user` int(11) DEFAULT NULL,
  `updated_at_user` int(11) DEFAULT NULL,
  PRIMARY KEY (`a048_id_estado`) USING BTREE,
  KEY `idx_t008_estado` (`a049_id_pais`) USING BTREE,
  CONSTRAINT `fk_t048_estado_t009_pais` FOREIGN KEY (`a049_id_pais`) REFERENCES `t049_pais` (`a049_id_pais`) ON DELETE NO ACTION ON UPDATE NO ACTION
) ENGINE=InnoDB AUTO_INCREMENT=32 DEFAULT CHARSET=utf8 ROW_FORMAT=DYNAMIC;
/*!40101 SET character_set_client = @saved_cs_client */;

--
-- Dumping data for table `t048_estado`
--

LOCK TABLES `t048_estado` WRITE;
/*!40000 ALTER TABLE `t048_estado` DISABLE KEYS */;
INSERT INTO `t048_estado` VALUES (2,'Paraná','PR',5,'2017-12-22 16:58:06','2017-12-22 16:58:06',2,NULL),(5,'Acre','AC',5,'2018-02-02 14:05:45','2019-04-22 17:45:59',2,NULL),(6,'Alagoas','AL',5,'2018-02-02 14:06:33','2019-04-22 17:45:59',2,NULL),(7,'Amapá','AP',5,'2018-02-02 14:06:42','2019-04-22 17:45:59',2,NULL),(8,'Amazonas','AM',5,'2018-02-02 14:06:50','2019-04-22 17:46:00',2,NULL),(9,'Bahia','BA',5,'2018-02-02 14:10:04','2019-04-22 17:46:00',2,NULL),(10,'Ceará','CE',5,'2018-02-02 14:10:04','2019-04-22 17:46:00',2,NULL),(11,'Distrito Federal','DF',5,'2018-02-02 14:10:04','2019-04-22 17:46:01',2,NULL),(12,'Espírito Santo','ES',5,'2018-02-02 14:10:05','2019-04-22 17:46:01',2,NULL),(13,'Goiás','GO',5,'2018-02-02 14:10:05','2019-04-22 17:46:02',2,NULL),(14,'Maranhão','MA',5,'2018-02-02 14:10:06','2019-04-22 17:46:02',2,NULL),(15,'Mato Grosso','MT',5,'2018-02-02 14:10:06','2019-04-22 17:46:02',2,NULL),(16,'Mato Grosso do Sul','MS',5,'2018-02-02 14:10:06','2019-04-22 17:46:03',2,NULL),(17,'Minas Gerais','MG',5,'2018-02-02 14:10:07','2019-04-22 17:46:03',2,NULL),(18,'Pará','PA',5,'2018-02-02 14:10:07','2019-04-22 17:46:03',2,NULL),(19,'Paraíba','PB',5,'2018-02-02 14:10:07','2019-04-22 17:46:04',2,NULL),(21,'Pernambuco','PE',5,'2018-02-02 14:10:08','2019-04-22 17:46:04',2,NULL),(22,'Piauí','PI',5,'2018-02-02 14:10:08','2019-04-22 17:46:04',2,NULL),(23,'Rio de Janeiro','RJ',5,'2018-02-02 14:10:09','2019-04-22 17:46:05',2,NULL),(24,'Rio Grande do Norte','RN',5,'2018-02-02 14:10:09','2019-04-22 17:46:05',2,NULL),(25,'Rio Grande do Sul','RS',5,'2018-02-02 14:10:10','2019-04-22 17:46:06',2,NULL),(26,'Rondônia','RO',5,'2018-02-02 14:10:10','2019-04-22 17:46:06',2,NULL),(27,'Roraima','RR',5,'2018-02-02 14:10:10','2019-04-22 17:46:06',2,NULL),(28,'Santa Catarina','SC',5,'2018-02-02 14:10:11','2019-04-22 17:46:07',2,NULL),(29,'São Paulo','SP',5,'2018-02-02 14:10:11','2019-04-22 17:46:07',2,NULL),(30,'Sergipe','SE',5,'2018-02-02 14:10:12','2019-04-22 17:46:07',2,NULL),(31,'Tocantins','TO',5,'2018-02-02 14:10:12','2019-04-22 17:46:08',2,NULL);
/*!40000 ALTER TABLE `t048_estado` ENABLE KEYS */;
UNLOCK TABLES;

--
-- Table structure for table `t049_pais`
--

DROP TABLE IF EXISTS `t049_pais`;
/*!40101 SET @saved_cs_client     = @@character_set_client */;
/*!40101 SET character_set_client = utf8 */;
CREATE TABLE `t049_pais` (
  `a049_id_pais` int(11) NOT NULL AUTO_INCREMENT COMMENT 'código do pais',
  `a049_nome_pais` varchar(1000) CHARACTER SET latin1 NOT NULL COMMENT 'nome do pais',
  `created_at` timestamp NOT NULL DEFAULT current_timestamp(),
  `updated_at` timestamp NOT NULL DEFAULT current_timestamp(),
  `created_at_user` int(11) DEFAULT NULL,
  `updated_at_user` int(11) DEFAULT NULL,
  PRIMARY KEY (`a049_id_pais`) USING BTREE
) ENGINE=InnoDB AUTO_INCREMENT=6 DEFAULT CHARSET=utf8 ROW_FORMAT=DYNAMIC;
/*!40101 SET character_set_client = @saved_cs_client */;

--
-- Dumping data for table `t049_pais`
--

LOCK TABLES `t049_pais` WRITE;
/*!40000 ALTER TABLE `t049_pais` DISABLE KEYS */;
INSERT INTO `t049_pais` VALUES (5,'Brasil','2018-11-19 13:24:31','2018-11-19 13:24:31',2,2);
/*!40000 ALTER TABLE `t049_pais` ENABLE KEYS */;
UNLOCK TABLES;

--
-- Table structure for table `t996_notificacao`
--

DROP TABLE IF EXISTS `t996_notificacao`;
/*!40101 SET @saved_cs_client     = @@character_set_client */;
/*!40101 SET character_set_client = utf8 */;
CREATE TABLE `t996_notificacao` (
  `a996_id_notificacao` int(11) NOT NULL AUTO_INCREMENT,
  `a001_id_usuario` int(11) NOT NULL,
  `a996_assunto` varchar(100) NOT NULL,
  `a996_conteudo` varchar(500) NOT NULL,
  `a996_ind_lido` int(11) NOT NULL DEFAULT 0,
  `a996_nome_icone` varchar(250) DEFAULT '',
  `created_at` timestamp NOT NULL DEFAULT current_timestamp(),
  `updated_at` timestamp NULL DEFAULT current_timestamp() ON UPDATE current_timestamp(),
  `created_at_user` int(11) NOT NULL,
  `updated_at_user` int(11) DEFAULT NULL,
  PRIMARY KEY (`a996_id_notificacao`) USING BTREE,
  KEY `t996_notificacao_fk1` (`a001_id_usuario`) USING BTREE,
  CONSTRAINT `t996_notificacao_fk1` FOREIGN KEY (`a001_id_usuario`) REFERENCES `t001_usuario` (`a001_id_usuario`)
) ENGINE=InnoDB AUTO_INCREMENT=35 DEFAULT CHARSET=utf8 ROW_FORMAT=DYNAMIC;
/*!40101 SET character_set_client = @saved_cs_client */;

--
-- Dumping data for table `t996_notificacao`
--

LOCK TABLES `t996_notificacao` WRITE;
/*!40000 ALTER TABLE `t996_notificacao` DISABLE KEYS */;
INSERT INTO `t996_notificacao` VALUES (7,55,'Criada Cotação Dealix nº: 7','<p>Olá<br><br>Foi Criado uma nova Cotação parara você, favor entrar no sistema da DEALIX e adicionar seu Orçamento.</p><p><br></p><p>Atenciosamente <br><br>Dealix</p><p>Fazer mais por menos<br></p>',0,'fa fa-inbox','2020-08-06 18:47:35','2020-08-06 18:47:35',55,55),(8,59,'Criada Cotação Dealix nº: 8','<p>Olá<br><br>Foi Criado uma nova Cotação parara você, favor entrar no sistema da DEALIX e adicionar seu Orçamento.</p><p><br></p><p>Atenciosamente <br><br>Dealix</p><p>Fazer mais por menos<br></p>',0,'fa fa-inbox','2020-08-10 17:32:29','2020-08-10 17:32:29',59,59),(9,86,'Contrato com Kallef Alexandre foi alterado','Um contrato com a empresa Kallef Alexandre foi alterado.<br><br><a href=https://app.dealix.com.br/contrato/8/edit>Clique aqui</a> para visualizar o contrato.',0,'fa fa-handshake-o','2021-05-11 09:43:57','2021-05-11 09:43:57',76,76),(10,76,'Contrato com Kallef Alexandre foi alterado','Um contrato com a empresa Kallef Alexandre foi alterado.<br><br><a href=https://app.dealix.com.br/contrato/8/edit>Clique aqui</a> para visualizar o contrato.',1,'fa fa-handshake-o','2021-05-11 09:43:57','2022-02-23 19:49:41',76,76),(11,93,'Contrato com Dealix foi alterado','Um contrato com a empresa Dealix foi alterado.<br><br><a href=https://app.dealix.com.br/contrato/11/edit>Clique aqui</a> para visualizar o contrato.',0,'fa fa-handshake-o','2021-05-26 04:00:41','2021-05-26 04:00:41',50,50),(12,50,'Contrato com Dealix foi alterado','Um contrato com a empresa Dealix foi alterado.<br><br><a href=https://app.dealix.com.br/contrato/11/edit>Clique aqui</a> para visualizar o contrato.',1,'fa fa-handshake-o','2021-05-26 04:00:41','2021-06-17 02:52:31',50,50),(13,93,'Contrato com Dealix foi alterado','Um contrato com a empresa Dealix foi alterado.<br><br><a href=https://app.dealix.com.br/contrato/11/edit>Clique aqui</a> para visualizar o contrato.',0,'fa fa-handshake-o','2021-06-22 01:07:38','2021-06-22 01:07:38',50,50),(14,50,'Contrato com Dealix foi alterado','Um contrato com a empresa Dealix foi alterado.<br><br><a href=https://app.dealix.com.br/contrato/11/edit>Clique aqui</a> para visualizar o contrato.',1,'fa fa-handshake-o','2021-06-22 01:07:38','2021-06-22 01:15:53',50,50),(15,107,'Contrato com Dealix foi alterado','Um contrato com a empresa Dealix foi alterado.<br><br><a href=https://app.dealix.com.br/contrato/11/edit>Clique aqui</a> para visualizar o contrato.',0,'fa fa-handshake-o','2021-06-22 01:07:38','2021-06-22 01:07:38',50,50),(16,93,'Contrato com Dealix foi criado','Um contrato com a empresa Dealix foi criado.<br><br><a href=https://app.dealix.com.br/contrato/12/edit>Clique aqui</a> para visualizar o contrato.',0,'fa fa-handshake-o','2021-06-28 18:43:19','2021-06-28 18:43:19',93,93),(17,50,'Contrato com Dealix foi criado','Um contrato com a empresa Dealix foi criado.<br><br><a href=https://app.dealix.com.br/contrato/12/edit>Clique aqui</a> para visualizar o contrato.',0,'fa fa-handshake-o','2021-06-28 18:43:19','2021-06-28 18:43:19',93,93),(18,107,'Contrato com Dealix foi criado','Um contrato com a empresa Dealix foi criado.<br><br><a href=https://app.dealix.com.br/contrato/12/edit>Clique aqui</a> para visualizar o contrato.',0,'fa fa-handshake-o','2021-06-28 18:43:19','2021-06-28 18:43:19',93,93),(19,93,'Compromisso 19','<p>Olá<br><br>Foi Criado uma novo Compromisso para você, favor entrar no sistema da DEALIX e verificar.<br></p><p><br></p><p>Atenciosamente <br><br>Dealix</p>Fazer mais por menos',0,'fa fa-clock-o','2021-07-02 18:40:24','2021-07-02 18:40:24',93,93),(20,93,'Compromisso 20','<p>Olá<br><br>Foi Criado uma novo Compromisso para você, favor entrar no sistema da DEALIX e verificar.<br></p><p><br></p><p>Atenciosamente <br><br>Dealix</p>Fazer mais por menos',0,'fa fa-clock-o','2021-07-02 18:41:01','2021-07-02 18:41:01',93,93),(21,50,'Contrato com José de Anchieta foi alterado','Um contrato com a empresa José de Anchieta foi alterado.<br><br><a href=https://app.dealix.com.br/contrato/11/edit>Clique aqui</a> para visualizar o contrato.',0,'fa fa-handshake-o','2021-07-04 09:25:39','2021-07-04 09:25:39',93,93),(22,53,'Contrato com José de Anchieta foi alterado','Um contrato com a empresa José de Anchieta foi alterado.<br><br><a href=https://app.dealix.com.br/contrato/11/edit>Clique aqui</a> para visualizar o contrato.',0,'fa fa-handshake-o','2021-07-04 09:25:39','2021-07-04 09:25:39',93,93),(23,51,'Contrato com José de Anchieta foi alterado','Um contrato com a empresa José de Anchieta foi alterado.<br><br><a href=https://app.dealix.com.br/contrato/11/edit>Clique aqui</a> para visualizar o contrato.',0,'fa fa-handshake-o','2021-07-04 09:25:39','2021-07-04 09:25:39',93,93),(24,107,'Contrato com José de Anchieta foi alterado','Um contrato com a empresa José de Anchieta foi alterado.<br><br><a href=https://app.dealix.com.br/contrato/11/edit>Clique aqui</a> para visualizar o contrato.',0,'fa fa-handshake-o','2021-07-04 09:25:39','2021-07-04 09:25:39',93,93),(25,50,'Contrato com José de Anchieta foi alterado','Um contrato com a empresa José de Anchieta foi alterado.<br><br><a href=https://app.dealix.com.br/contrato/11/edit>Clique aqui</a> para visualizar o contrato.',0,'fa fa-handshake-o','2021-07-04 09:26:13','2021-07-04 09:26:13',93,93),(26,53,'Contrato com José de Anchieta foi alterado','Um contrato com a empresa José de Anchieta foi alterado.<br><br><a href=https://app.dealix.com.br/contrato/11/edit>Clique aqui</a> para visualizar o contrato.',0,'fa fa-handshake-o','2021-07-04 09:26:13','2021-07-04 09:26:13',93,93),(27,51,'Contrato com José de Anchieta foi alterado','Um contrato com a empresa José de Anchieta foi alterado.<br><br><a href=https://app.dealix.com.br/contrato/11/edit>Clique aqui</a> para visualizar o contrato.',0,'fa fa-handshake-o','2021-07-04 09:26:13','2021-07-04 09:26:13',93,93),(28,107,'Contrato com José de Anchieta foi alterado','Um contrato com a empresa José de Anchieta foi alterado.<br><br><a href=https://app.dealix.com.br/contrato/11/edit>Clique aqui</a> para visualizar o contrato.',0,'fa fa-handshake-o','2021-07-04 09:26:13','2021-07-04 09:26:13',93,93),(29,50,'Contrato com José de Anchieta foi alterado','Um contrato com a empresa José de Anchieta foi alterado.<br><br><a href=https://app.dealix.com.br/contrato/11/edit>Clique aqui</a> para visualizar o contrato.',0,'fa fa-handshake-o','2021-07-04 09:28:27','2021-07-04 09:28:27',93,93),(30,53,'Contrato com José de Anchieta foi alterado','Um contrato com a empresa José de Anchieta foi alterado.<br><br><a href=https://app.dealix.com.br/contrato/11/edit>Clique aqui</a> para visualizar o contrato.',0,'fa fa-handshake-o','2021-07-04 09:28:27','2021-07-04 09:28:27',93,93),(31,51,'Contrato com José de Anchieta foi alterado','Um contrato com a empresa José de Anchieta foi alterado.<br><br><a href=https://app.dealix.com.br/contrato/11/edit>Clique aqui</a> para visualizar o contrato.',0,'fa fa-handshake-o','2021-07-04 09:28:27','2021-07-04 09:28:27',93,93),(32,107,'Contrato com José de Anchieta foi alterado','Um contrato com a empresa José de Anchieta foi alterado.<br><br><a href=https://app.dealix.com.br/contrato/11/edit>Clique aqui</a> para visualizar o contrato.',0,'fa fa-handshake-o','2021-07-04 09:28:27','2021-07-04 09:28:27',93,93),(33,115,'Contrato com Dealix foi criado','Um contrato com a empresa Dealix foi criado.<br><br><a href=https://app.dealix.com.br/contrato/13/edit>Clique aqui</a> para visualizar o contrato.',0,'fa fa-handshake-o','2022-02-14 17:04:43','2022-02-14 17:04:43',50,50),(34,50,'Contrato com Dealix foi criado','Um contrato com a empresa Dealix foi criado.<br><br><a href=https://app.dealix.com.br/contrato/13/edit>Clique aqui</a> para visualizar o contrato.',0,'fa fa-handshake-o','2022-02-14 17:04:43','2022-02-14 17:04:43',50,50);
/*!40000 ALTER TABLE `t996_notificacao` ENABLE KEYS */;
UNLOCK TABLES;

--
-- Table structure for table `t997_email`
--

DROP TABLE IF EXISTS `t997_email`;
/*!40101 SET @saved_cs_client     = @@character_set_client */;
/*!40101 SET character_set_client = utf8 */;
CREATE TABLE `t997_email` (
  `a997_id_email` bigint(20) NOT NULL AUTO_INCREMENT,
  `a997_de_nome` varchar(200) DEFAULT NULL,
  `a997_de_email` varchar(300) DEFAULT NULL,
  `a997_para_nome` varchar(200) DEFAULT NULL,
  `a997_para_email` varchar(300) DEFAULT NULL,
  `a997_assunto` varchar(600) DEFAULT NULL,
  `a997_conteudo` text DEFAULT NULL,
  `a997_IP_visualizado` varchar(255) DEFAULT NULL,
  `a997_email_visualizado` varchar(255) DEFAULT NULL,
  `a028_id_contrato_financeiro` int(11) DEFAULT NULL,
  `created_at` timestamp NULL DEFAULT current_timestamp(),
  `updated_at` timestamp NULL DEFAULT current_timestamp() ON UPDATE current_timestamp(),
  `created_at_user` int(11) DEFAULT 0,
  `updated_at_user` int(11) DEFAULT 0,
  PRIMARY KEY (`a997_id_email`) USING BTREE
) ENGINE=InnoDB AUTO_INCREMENT=216 DEFAULT CHARSET=utf8 ROW_FORMAT=DYNAMIC;
/*!40101 SET character_set_client = @saved_cs_client */;

--
-- Dumping data for table `t997_email`
--

LOCK TABLES `t997_email` WRITE;
/*!40000 ALTER TABLE `t997_email` DISABLE KEYS */;
INSERT INTO `t997_email` VALUES (101,'dealix','naoresponda@dealix.com.br','lsisson@dealix.com.br','lsisson@dealix.com.br','Dealix - Recuperar senha',' Este e-mail foi enviado com base em sua solicitação para redefinir a senha de sua conta. Clique aqui http://dealix.com.br/password/reset/580a35f827059e0e17b0db69fd9ae8202281666738301f0a2784a231c8c448c2?email=lsisson%40dealix.com.br  Este link de redefinição de senha expirará em 60  ',NULL,NULL,NULL,'2020-08-03 12:01:06','2020-08-03 12:01:06',0,0),(102,'Dealix','naoresponda@Dealix.com.br','Luiz Sisson Marques Jr','lsisson@dealix.com.br','BEM VINDO','<strong>Bem Vindo ao sistema do&nbsp;</strong><strong><span style=\"font-size:12.0pt;mso-fareast-font-family:\r\n&quot;Times New Roman&quot;;mso-ansi-language:PT-BR;mso-fareast-language:PT-BR;\r\nmso-bidi-language:AR-SA\">Dealix</span></strong><strong>!!!!</strong>',NULL,NULL,NULL,'2020-08-03 12:03:21','2020-08-03 12:03:21',0,0),(103,'dealix','naoresponda@dealix.com.br','admin@solvertecnologia.com.br','admin@solvertecnologia.com.br','Dealix - Recuperar senha',' Este e-mail foi enviado com base em sua solicitação para redefinir a senha de sua conta. Clique aqui http://dealix.com.br/password/reset/71e37d8304c5250a94240cf632250a694b3baf7fd5c0b5906d358d9dff4e58e7?email=admin%40solvertecnologia.com.br  Este link de redefinição de senha expirará em 60  ',NULL,NULL,NULL,'2020-08-03 12:38:45','2020-08-03 12:38:45',0,0),(104,'Dealix','naoresponda@Dealix.com.br','Caroline Santos Favero','admin@solvertecnologia.com.br','BEM VINDO','<strong>Bem Vindo ao sistema do&nbsp;</strong><strong><span style=\"font-size:12.0pt;mso-fareast-font-family:\r\n&quot;Times New Roman&quot;;mso-ansi-language:PT-BR;mso-fareast-language:PT-BR;\r\nmso-bidi-language:AR-SA\">Dealix</span></strong><strong>!!!!</strong>',NULL,NULL,NULL,'2020-08-03 12:39:40','2020-08-03 12:39:40',0,0),(105,'dealix','naoresponda@dealix.com.br','gerente.ti@slavierohoteis.com.br','gerente.ti@slavierohoteis.com.br','Dealix - Recuperar senha',' Este e-mail foi enviado com base em sua solicitação para redefinir a senha de sua conta. Clique aqui http://dealix.com.br/password/reset/515fb325ef5d62a599cf6030e0335a0ccab0ef8d9dc398a3620dc080b35d674f?email=gerente.ti%40slavierohoteis.com.br  Este link de redefinição de senha expirará em 60  ',NULL,NULL,NULL,'2020-08-03 13:25:26','2020-08-03 13:25:26',0,0),(106,'dealix','naoresponda@dealix.com.br','gerente.ti@slavierohoteis.com.br','gerente.ti@slavierohoteis.com.br','Dealix - Recuperar senha',' Este e-mail foi enviado com base em sua solicitação para redefinir a senha de sua conta. Clique aqui http://dealix.com.br/password/reset/f2e81c47c98ec1c0771a510c93d65148f5c86ac1e3e2f52f6fdc12dcc683d38d?email=gerente.ti%40slavierohoteis.com.br  Este link de redefinição de senha expirará em 60  ',NULL,NULL,NULL,'2020-08-03 14:43:53','2020-08-03 14:43:53',0,0),(107,'Dealix','naoresponda@Dealix.com.br','Luiz Sisson Marques','gerente.ti@slavierohoteis.com.br','BEM VINDO','<strong>Bem Vindo ao sistema do&nbsp;</strong><strong><span style=\"font-size:12.0pt;mso-fareast-font-family:\r\n&quot;Times New Roman&quot;;mso-ansi-language:PT-BR;mso-fareast-language:PT-BR;\r\nmso-bidi-language:AR-SA\">Dealix</span></strong><strong>!!!!</strong>',NULL,NULL,NULL,'2020-08-03 14:44:51','2020-08-03 14:44:51',0,0),(108,'dealix','naoresponda@dealix.com.br','lsissonjr@dealix.com.br','lsissonjr@dealix.com.br','Dealix - Recuperar senha',' Este e-mail foi enviado com base em sua solicitação para redefinir a senha de sua conta. Clique aqui http://dealix.com.br/password/reset/43d6aef418bd0fc3463338dfdbe6cdf8b342b3ea9b6682d0f15c420bc7ddc494?email=lsissonjr%40dealix.com.br  Este link de redefinição de senha expirará em 60  ',NULL,NULL,NULL,'2020-08-03 16:57:33','2020-08-03 16:57:33',0,0),(109,'dealix','naoresponda@dealix.com.br','teste4@dealix.com.br','teste4@dealix.com.br','Dealix - Recuperar senha',' Este e-mail foi enviado com base em sua solicitação para redefinir a senha de sua conta. Clique aqui http://dealix.com.br/password/reset/9ee173487eb3978cd16cb35ce703f78c676f5af4b9655ce1a223807bf932736a?email=teste4%40dealix.com.br  Este link de redefinição de senha expirará em 60  ',NULL,NULL,NULL,'2020-08-05 12:37:25','2020-08-05 12:37:25',0,0),(110,'Dealix','naoresponda@Dealix.com.br','Patricia Tanaka','teste4@dealix.com.br','BEM VINDO','<strong>Bem Vindo ao sistema do&nbsp;</strong><strong><span style=\"font-size:12.0pt;mso-fareast-font-family:\r\n&quot;Times New Roman&quot;;mso-ansi-language:PT-BR;mso-fareast-language:PT-BR;\r\nmso-bidi-language:AR-SA\">Dealix</span></strong><strong>!!!!</strong>',NULL,NULL,NULL,'2020-08-05 12:38:20','2020-08-05 12:38:20',0,0),(111,'dealix','naoresponda@dealix.com.br','lsissonjr@gmail.com','lsissonjr@gmail.com','Dealix - Recuperar senha',' Este e-mail foi enviado com base em sua solicitação para redefinir a senha de sua conta. Clique aqui http://dealix.com.br/password/reset/e66e9ee256e59e7a27238e989e4633f0c873efe0935cdc410ccdabe292bc1886?email=lsissonjr%40gmail.com  Este link de redefinição de senha expirará em 60  ',NULL,NULL,NULL,'2020-08-05 12:47:58','2020-08-05 12:47:58',0,0),(112,'dealix','naoresponda@dealix.com.br','teste5@dealix.com.br','teste5@dealix.com.br','Dealix - Recuperar senha',' Este e-mail foi enviado com base em sua solicitação para redefinir a senha de sua conta. Clique aqui http://dealix.com.br/password/reset/1885150e2672d574ab7a7840635e2a264509128d86ceb59db233ed03a0ee695d?email=teste5%40dealix.com.br  Este link de redefinição de senha expirará em 60  ',NULL,NULL,NULL,'2020-08-05 12:49:39','2020-08-05 12:49:39',0,0),(113,'Dealix','naoresponda@Dealix.com.br','Caroline Favero','teste5@dealix.com.br','BEM VINDO','<strong>Bem Vindo ao sistema do&nbsp;</strong><strong><span style=\"font-size:12.0pt;mso-fareast-font-family:\r\n&quot;Times New Roman&quot;;mso-ansi-language:PT-BR;mso-fareast-language:PT-BR;\r\nmso-bidi-language:AR-SA\">Dealix</span></strong><strong>!!!!</strong>',NULL,NULL,NULL,'2020-08-05 12:51:48','2020-08-05 12:51:48',0,0),(114,'Dealix','naoresponda@Dealix.com.br','Luiz Sisson Marques Jr','lsissonjr@gmail.com','BEM VINDO','<strong>Bem Vindo ao sistema do&nbsp;</strong><strong><span style=\"font-size:12.0pt;mso-fareast-font-family:\r\n&quot;Times New Roman&quot;;mso-ansi-language:PT-BR;mso-fareast-language:PT-BR;\r\nmso-bidi-language:AR-SA\">Dealix</span></strong><strong>!!!!</strong>',NULL,NULL,NULL,'2020-08-05 12:57:44','2020-08-05 12:57:44',0,0),(115,'dealix','naoresponda@dealix.com.br','teste9@dealix.com.br','teste9@dealix.com.br','Dealix - Recuperar senha',' Este e-mail foi enviado com base em sua solicitação para redefinir a senha de sua conta. Clique aqui http://dealix.com.br/password/reset/3c32f2ac0458f13a941a6b707fcb243cda17740609265c722c57db2b8ce3e56f?email=teste9%40dealix.com.br  Este link de redefinição de senha expirará em 60  ',NULL,NULL,NULL,'2020-08-05 13:29:51','2020-08-05 13:29:51',0,0),(116,'Dealix','naoresponda@Dealix.com.br','Slaviero Slim XV','teste9@dealix.com.br','BEM VINDO','<strong>Bem Vindo ao sistema do&nbsp;</strong><strong><span style=\"font-size:12.0pt;mso-fareast-font-family:\r\n&quot;Times New Roman&quot;;mso-ansi-language:PT-BR;mso-fareast-language:PT-BR;\r\nmso-bidi-language:AR-SA\">Dealix</span></strong><strong>!!!!</strong>',NULL,NULL,NULL,'2020-08-05 13:36:36','2020-08-05 13:36:36',0,0),(117,'dealix','naoresponda@dealix.com.br','testeesfera@esfera.com.br','testeesfera@esfera.com.br','Dealix - Recuperar senha',' Este e-mail foi enviado com base em sua solicitação para redefinir a senha de sua conta. Clique aqui http://dealix.com.br/password/reset/6651c728342cd0ebe9b069b890c68e2dc9f88feedc4b6f24e6b5efd8ae1c8f51?email=testeesfera%40esfera.com.br  Este link de redefinição de senha expirará em 60  ',NULL,NULL,NULL,'2020-08-05 14:29:13','2020-08-05 14:29:13',0,0),(118,'dealix','naoresponda@dealix.com.br','denys@esfera.com.br','denys@esfera.com.br','Dealix - Recuperar senha',' Este e-mail foi enviado com base em sua solicitação para redefinir a senha de sua conta. Clique aqui http://dealix.com.br/password/reset/dd38827a80179368b5aa5c915f2039a04c710e487f0e3299bc869c5369136d4f?email=denys%40esfera.com.br  Este link de redefinição de senha expirará em 60  ',NULL,NULL,NULL,'2020-08-05 14:36:14','2020-08-05 14:36:14',0,0),(119,'Dealix','naoresponda@Dealix.com.br','Denys','denys@esfera.com.br','BEM VINDO','<strong>Bem Vindo ao sistema do&nbsp;</strong><strong><span style=\"font-size:12.0pt;mso-fareast-font-family:\r\n&quot;Times New Roman&quot;;mso-ansi-language:PT-BR;mso-fareast-language:PT-BR;\r\nmso-bidi-language:AR-SA\">Dealix</span></strong><strong>!!!!</strong>',NULL,NULL,NULL,'2020-08-05 14:36:42','2020-08-05 14:36:42',0,0),(120,'dealix','naoresponda@dealix.com.br','denysrsantos@gmail.com','denysrsantos@gmail.com','Dealix - Recuperar senha',' Este e-mail foi enviado com base em sua solicitação para redefinir a senha de sua conta. Clique aqui http://dealix.com.br/password/reset/378b40412080ae8d6991ab88ad6a08bc6e8560f74ea446eb3d94df26185a450d?email=denysrsantos%40gmail.com  Este link de redefinição de senha expirará em 60  ',NULL,NULL,NULL,'2020-08-05 14:43:30','2020-08-05 14:43:30',0,0),(121,'dealix','naoresponda@dealix.com.br','lucas@weebo.com.br','lucas@weebo.com.br','Dealix - Recuperar senha',' Este e-mail foi enviado com base em sua solicitação para redefinir a senha de sua conta. Clique aqui http://dealix.com.br/password/reset/da3834139c460757f7883488eccd1ce79cd152dd45764cb7629097045c8c059b?email=lucas%40weebo.com.br  Este link de redefinição de senha expirará em 60  ',NULL,NULL,NULL,'2020-08-05 16:38:44','2020-08-05 16:38:44',0,0),(122,'Dealix','naoresponda@Dealix.com.br','Lucas Simm','lucas@weebo.com.br','BEM VINDO','<strong>Bem Vindo ao sistema do&nbsp;</strong><strong><span style=\"font-size:12.0pt;mso-fareast-font-family:\r\n&quot;Times New Roman&quot;;mso-ansi-language:PT-BR;mso-fareast-language:PT-BR;\r\nmso-bidi-language:AR-SA\">Dealix</span></strong><strong>!!!!</strong>',NULL,NULL,NULL,'2020-08-05 16:39:25','2020-08-05 16:39:25',0,0),(123,'dealix','naoresponda@dealix.com.br','teste20@dealix.com.br','teste20@dealix.com.br','Dealix - Recuperar senha',' Este e-mail foi enviado com base em sua solicitação para redefinir a senha de sua conta. Clique aqui http://dealix.com.br/password/reset/3ee71a7db5fded7afa38bffa6628b7478b0508f5234d3f1f0d9da5df59d2efbc?email=teste20%40dealix.com.br  Este link de redefinição de senha expirará em 60  ',NULL,NULL,NULL,'2020-08-05 17:05:08','2020-08-05 17:05:08',0,0),(124,'dealix','naoresponda@dealix.com.br','denys.rsa.ntos@gmail.com','denys.rsa.ntos@gmail.com','Dealix - Recuperar senha',' Este e-mail foi enviado com base em sua solicitação para redefinir a senha de sua conta. Clique aqui http://dealix.com.br/password/reset/47c5671dbf9ac6769e76bb91ce098b8794b173da18c0a1447311d8f85aaeac41?email=denys.rsa.ntos%40gmail.com  Este link de redefinição de senha expirará em 60  ',NULL,NULL,NULL,'2020-08-05 17:06:27','2020-08-05 17:06:27',0,0),(125,'dealix','naoresponda@dealix.com.br','de.ny.srsantos@gmail.com','de.ny.srsantos@gmail.com','Dealix - Recuperar senha',' Este e-mail foi enviado com base em sua solicitação para redefinir a senha de sua conta. Clique aqui http://dealix.com.br/password/reset/e760f225e8ebdbec1d7bb4ac073f124da331a9b9845745b100e277fb908347e9?email=de.ny.srsantos%40gmail.com  Este link de redefinição de senha expirará em 60  ',NULL,NULL,NULL,'2020-08-05 17:33:06','2020-08-05 17:33:06',0,0),(126,'dealix','naoresponda@dealix.com.br','denysr.santos@gmail.com','denysr.santos@gmail.com','Dealix - Recuperar senha',' Este e-mail foi enviado com base em sua solicitação para redefinir a senha de sua conta. Clique aqui http://dealix.com.br/password/reset/131e78e5c18b7840c1e78e7a830dcd62c58767a8f611b06b47c6738ac2903045?email=denysr.santos%40gmail.com  Este link de redefinição de senha expirará em 60  ',NULL,NULL,NULL,'2020-08-05 17:34:39','2020-08-05 17:34:39',0,0),(127,'dealix','naoresponda@dealix.com.br','teste11@slavierohoteis.com.br','teste11@slavierohoteis.com.br','Dealix - Recuperar senha',' Este e-mail foi enviado com base em sua solicitação para redefinir a senha de sua conta. Clique aqui http://dealix.com.br/password/reset/4aab6c24a26869ad8b4e49d6b2fe1b7326c46e2cc5b7a5fb4becf353bab93d96?email=teste11%40slavierohoteis.com.br  Este link de redefinição de senha expirará em 60  ',NULL,NULL,NULL,'2020-08-06 14:03:37','2020-08-06 14:03:37',0,0),(128,'dealix','naoresponda@dealix.com.br','teste12@dealix.com.br','teste12@dealix.com.br','Dealix - Recuperar senha',' Este e-mail foi enviado com base em sua solicitação para redefinir a senha de sua conta. Clique aqui http://dealix.com.br/password/reset/b71b811d177e6e0d82fb9051e2d45af817b6abae2933a911f1e398a126cfc5a8?email=teste12%40dealix.com.br  Este link de redefinição de senha expirará em 60  ',NULL,NULL,NULL,'2020-08-06 14:05:49','2020-08-06 14:05:49',0,0),(129,'dealix','naoresponda@dealix.com.br','testeempresaaa@esfera.com.br','testeempresaaa@esfera.com.br','Dealix - Recuperar senha',' Este e-mail foi enviado com base em sua solicitação para redefinir a senha de sua conta. Clique aqui http://dealix.com.br/password/reset/c5f17ab1f1d0eaa27d0496659fe10e745818db6a31ace06843c4bbbbdbc4f91e?email=testeempresaaa%40esfera.com.br  Este link de redefinição de senha expirará em 60  ',NULL,NULL,NULL,'2020-08-06 14:46:44','2020-08-06 14:46:44',0,0),(130,'dealix','naoresponda@dealix.com.br','teste13@dealix.com.br','teste13@dealix.com.br','Dealix - Recuperar senha',' Este e-mail foi enviado com base em sua solicitação para redefinir a senha de sua conta. Clique aqui http://dealix.com.br/password/reset/5fb58b61cbe205cd98c25ddf512546dc60f652953307b7051f221f1cf17b40cd?email=teste13%40dealix.com.br  Este link de redefinição de senha expirará em 60  ',NULL,NULL,NULL,'2020-08-06 18:08:50','2020-08-06 18:08:50',0,0),(131,'Dealix','naoresponda@dealix.com.br','lsisson@dealix.com.br','lsisson@dealix.com.br','Criada Cotação Dealix nº: 7','<p>Olá<br><br>Foi Criado uma nova Cotação parara você, favor entrar no sistema da DEALIX e adicionar seu Orçamento.</p><p><br></p><p>Atenciosamente <br><br>Dealix</p><p>Fazer mais por menos<br></p>',NULL,NULL,NULL,'2020-08-06 18:47:35','2020-08-06 18:47:35',0,0),(132,'dealix','naoresponda@dealix.com.br','teste10@dealix.com.br','teste10@dealix.com.br','Dealix - Recuperar senha',' Este e-mail foi enviado com base em sua solicitação para redefinir a senha de sua conta. Clique aqui http://dealix.com.br/password/reset/1a7fdca2807e71e07dfec6515760b50ee349b2a7d2bbec642d592d238adcf0ee?email=teste10%40dealix.com.br  Este link de redefinição de senha expirará em 60  ',NULL,NULL,NULL,'2020-08-06 19:07:43','2020-08-06 19:07:43',0,0),(133,'dealix','naoresponda@dealix.com.br','teste10@dealix.com.br','teste10@dealix.com.br','Dealix - Recuperar senha',' Este e-mail foi enviado com base em sua solicitação para redefinir a senha de sua conta. Clique aqui http://dealix.com.br/password/reset/db7396a40147ef7386c04136be58fd14f9af8378ebebc3f8554b43d31efcf32c?email=teste10%40dealix.com.br  Este link de redefinição de senha expirará em 60  ',NULL,NULL,NULL,'2020-08-06 19:46:45','2020-08-06 19:46:45',0,0),(134,'dealix','naoresponda@dealix.com.br','fabricio@esfera.com.br','fabricio@esfera.com.br','Dealix - Recuperar senha',' Este e-mail foi enviado com base em sua solicitação para redefinir a senha de sua conta. Clique aqui http://dealix.com.br/password/reset/f065b51f2fa9acb7923d23f8973fcd089457a49f5f111ccfc643d15120f047d0?email=fabricio%40esfera.com.br  Este link de redefinição de senha expirará em 60  ',NULL,NULL,NULL,'2020-08-10 12:42:49','2020-08-10 12:42:49',0,0),(135,'dealix','naoresponda@dealix.com.br','s@sasa.com.br','s@sasa.com.br','Dealix - Recuperar senha',' Este e-mail foi enviado com base em sua solicitação para redefinir a senha de sua conta. Clique aqui http://dealix.com.br/password/reset/a7e7d3f4984f85a832616f17af43407f7ea1dcef842f673a255fe5dfade2edcb?email=s%40sasa.com.br  Este link de redefinição de senha expirará em 60  ',NULL,NULL,NULL,'2020-08-10 17:31:13','2020-08-10 17:31:13',0,0),(136,'Dealix','naoresponda@dealix.com.br','denys@esfera.com.br','denys@esfera.com.br','Criada Cotação Dealix nº: 8','<p>Olá<br><br>Foi Criado uma nova Cotação parara você, favor entrar no sistema da DEALIX e adicionar seu Orçamento.</p><p><br></p><p>Atenciosamente <br><br>Dealix</p><p>Fazer mais por menos<br></p>',NULL,NULL,NULL,'2020-08-10 17:32:29','2020-08-10 17:32:29',0,0),(137,'dealix','naoresponda@dealix.com.br','teste7@dealix.com.br','teste7@dealix.com.br','Dealix - Recuperar senha',' Este e-mail foi enviado com base em sua solicitação para redefinir a senha de sua conta. Clique aqui http://dealix.com.br/password/reset/e4e51be4804804533424df3ddb2e33bcf46f0bccac6cff82a80ff7f4f9dec61f?email=teste7%40dealix.com.br  Este link de redefinição de senha expirará em 60  ',NULL,NULL,NULL,'2020-08-10 20:10:48','2020-08-10 20:10:48',0,0),(138,'Dealix','naoresponda@Dealix.com.br','Hermanoteu Silvicola','teste7@dealix.com.br','BEM VINDO','<strong>Bem Vindo ao sistema do&nbsp;</strong><strong><span style=\"font-size:12.0pt;mso-fareast-font-family:\r\n&quot;Times New Roman&quot;;mso-ansi-language:PT-BR;mso-fareast-language:PT-BR;\r\nmso-bidi-language:AR-SA\">Dealix</span></strong><strong>!!!!</strong>',NULL,NULL,NULL,'2020-08-10 20:12:11','2020-08-10 20:12:11',0,0),(140,'dealix','naoresponda@dealix.com.br','teste1@dealix.com.br','teste1@dealix.com.br','Dealix - Recuperar senha',' Este e-mail foi enviado com base em sua solicitação para redefinir a senha de sua conta. Clique aqui http://dealix.com.br/password/reset/25aab180e7f1584ed261b63e2cf2ef93aee0819a17fe7dc4cda281163b5d1745?email=teste1%40dealix.com.br  Este link de redefinição de senha expirará em 60  ',NULL,NULL,NULL,'2020-08-20 00:37:13','2020-08-20 00:37:13',0,0),(141,'dealix','naoresponda@dealix.com.br','teste1@dealix.com.br','teste1@dealix.com.br','Dealix - Recuperar senha',' Este e-mail foi enviado com base em sua solicitação para redefinir a senha de sua conta. Clique aqui http://dealix.com.br/password/reset/10f22b9640ebdbb21fc07ed0c02ed2c94caa2e50ccbf6a1a9337637f35ffd433?email=teste1%40dealix.com.br  Este link de redefinição de senha expirará em 60  ',NULL,NULL,NULL,'2020-08-20 09:17:01','2020-08-20 09:17:01',0,0),(142,'dealix','naoresponda@dealix.com.br','kallef@orbitaldev.com.br','kallef@orbitaldev.com.br','Dealix - Recuperar senha',' Este e-mail foi enviado com base em sua solicitação para redefinir a senha de sua conta. Clique aqui http://dealix.com.br/password/reset/6c32e67af47e4b9baca56de1a7a307f766047608f6598895a9cde0f6292def4f?email=kallef%40orbitaldev.com.br  Este link de redefinição de senha expirará em 60  ',NULL,NULL,NULL,'2020-08-21 15:37:30','2020-08-21 15:37:30',0,0),(143,'Dealix','naoresponda@Dealix.com.br','Kallef Alexandre','kallef@orbitaldev.com.br','BEM VINDO','<strong>Bem Vindo ao sistema do&nbsp;</strong><strong><span style=\"font-size:12.0pt;mso-fareast-font-family:\r\n&quot;Times New Roman&quot;;mso-ansi-language:PT-BR;mso-fareast-language:PT-BR;\r\nmso-bidi-language:AR-SA\">Dealix</span></strong><strong>!!!!</strong>',NULL,NULL,NULL,'2020-08-21 15:40:32','2020-08-21 15:40:32',0,0),(144,'dealix','naoresponda@dealix.com.br','lucassimm91@gmail.com','lucassimm91@gmail.com','Dealix - Recuperar senha',' Este e-mail foi enviado com base em sua solicitação para redefinir a senha de sua conta. Clique aqui http://dealix.com.br/password/reset/0bac948000eef2cb67e30c8c9f198a876a5e105077cd010c1caa65a30147ab1a?email=lucassimm91%40gmail.com  Este link de redefinição de senha expirará em 60  ',NULL,NULL,NULL,'2020-08-25 14:17:23','2020-08-25 14:17:23',0,0),(145,'dealix','naoresponda@dealix.com.br','teste1@dealix.com.br','teste1@dealix.com.br','Dealix - Recuperar senha',' Este e-mail foi enviado com base em sua solicitação para redefinir a senha de sua conta. Clique aqui http://dealix.com.br/password/reset/10def9e9ea96d2b71c8ab675a71903299e5d31dd74ee3b5ea6d233889bee3a1b?email=teste1%40dealix.com.br  Este link de redefinição de senha expirará em 60  ',NULL,NULL,NULL,'2020-08-25 14:25:10','2020-08-25 14:25:10',0,0),(146,'Dealix','naoresponda@Dealix.com.br','Teste de Sistema Ltda','teste1@dealix.com.br','BEM VINDO','<strong>Bem Vindo ao sistema do&nbsp;</strong><strong><span style=\"font-size:12.0pt;mso-fareast-font-family:\r\n&quot;Times New Roman&quot;;mso-ansi-language:PT-BR;mso-fareast-language:PT-BR;\r\nmso-bidi-language:AR-SA\">Dealix</span></strong><strong>!!!!</strong>',NULL,NULL,NULL,'2020-08-25 14:25:35','2020-08-25 14:25:35',0,0),(147,'dealix','naoresponda@dealix.com.br','teste2@dealix.com.br','teste2@dealix.com.br','Dealix - Recuperar senha',' Este e-mail foi enviado com base em sua solicitação para redefinir a senha de sua conta. Clique aqui http://dealix.com.br/password/reset/760f9e7d27b7d9aee8b0f4555fb1f35f9a4627882fa8d463ee5f31c0cd2d84b5?email=teste2%40dealix.com.br  Este link de redefinição de senha expirará em 60  ',NULL,NULL,NULL,'2020-08-25 14:30:41','2020-08-25 14:30:41',0,0),(148,'Dealix','naoresponda@Dealix.com.br','Teste2','teste2@dealix.com.br','BEM VINDO','<strong>Bem Vindo ao sistema do&nbsp;</strong><strong><span style=\"font-size:12.0pt;mso-fareast-font-family:\r\n&quot;Times New Roman&quot;;mso-ansi-language:PT-BR;mso-fareast-language:PT-BR;\r\nmso-bidi-language:AR-SA\">Dealix</span></strong><strong>!!!!</strong>',NULL,NULL,NULL,'2020-08-25 14:31:16','2020-08-25 14:31:16',0,0),(149,'dealix','naoresponda@dealix.com.br','teste6@dealix.com.br','teste6@dealix.com.br','Dealix - Recuperar senha',' Este e-mail foi enviado com base em sua solicitação para redefinir a senha de sua conta. Clique aqui http://dealix.com.br/password/reset/9ad9564d7822500090dda0be8b07b9716dac9dca37a722ebf98cb89e31c21cca?email=teste6%40dealix.com.br  Este link de redefinição de senha expirará em 60  ',NULL,NULL,NULL,'2020-09-04 13:08:44','2020-09-04 13:08:44',0,0),(150,'Dealix','naoresponda@Dealix.com.br','Teste Seis do Luiz','teste6@dealix.com.br','BEM VINDO','<strong>Bem Vindo ao sistema do&nbsp;</strong><strong><span style=\"font-size:12.0pt;mso-fareast-font-family:\r\n&quot;Times New Roman&quot;;mso-ansi-language:PT-BR;mso-fareast-language:PT-BR;\r\nmso-bidi-language:AR-SA\">Dealix</span></strong><strong>!!!!</strong>',NULL,NULL,NULL,'2020-09-04 13:09:50','2020-09-04 13:09:50',0,0),(151,'dealix','naoresponda@dealix.com.br','gerente.ti@slavierohoteis.com.br','gerente.ti@slavierohoteis.com.br','Dealix - Recuperar senha',' Este e-mail foi enviado com base em sua solicitação para redefinir a senha de sua conta. Clique aqui http://dealix.com.br/password/reset/2acc09297076cbd27c0aeb847b1aeda24f0695202573a038d2ebd7cabf249459?email=gerente.ti%40slavierohoteis.com.br  Este link de redefinição de senha expirará em 60  ',NULL,NULL,NULL,'2020-09-04 13:27:19','2020-09-04 13:27:19',0,0),(152,'dealix','naoresponda@dealix.com.br','asksuite@dealix.com.br','asksuite@dealix.com.br','Dealix - Recuperar senha',' Este e-mail foi enviado com base em sua solicitação para redefinir a senha de sua conta. Clique aqui http://dealix.com.br/password/reset/ae7287009af36a3518a4a3368cf740552578bcb1f51efac7f6cf0e2ee96248a4?email=asksuite%40dealix.com.br  Este link de redefinição de senha expirará em 60  ',NULL,NULL,NULL,'2020-09-04 14:34:20','2020-09-04 14:34:20',0,0),(153,'dealix','naoresponda@dealix.com.br','teste3@dealix.com.br','teste3@dealix.com.br','Dealix - Recuperar senha',' Este e-mail foi enviado com base em sua solicitação para redefinir a senha de sua conta. Clique aqui http://dealix.com.br/password/reset/5b7cb40c4c9bd971d767cb229733a600caaccf3a31127e8453c12ea2e11287ef?email=teste3%40dealix.com.br  Este link de redefinição de senha expirará em 60  ',NULL,NULL,NULL,'2020-09-14 12:01:06','2020-09-14 12:01:06',0,0),(154,'Dealix','naoresponda@Dealix.com.br','Jose da Silva Xavier','teste3@dealix.com.br','BEM VINDO','<strong>Bem Vindo ao sistema do&nbsp;</strong><strong><span style=\"font-size:12.0pt;mso-fareast-font-family:\r\n&quot;Times New Roman&quot;;mso-ansi-language:PT-BR;mso-fareast-language:PT-BR;\r\nmso-bidi-language:AR-SA\">Dealix</span></strong><strong>!!!!</strong>',NULL,NULL,NULL,'2020-09-14 12:02:01','2020-09-14 12:02:01',0,0),(155,'dealix','naoresponda@dealix.com.br','teste32@dealix.com.br','teste32@dealix.com.br','Dealix - Recuperar senha',' Este e-mail foi enviado com base em sua solicitação para redefinir a senha de sua conta. Clique aqui http://dealix.com.br/password/reset/a0d183929edb1c417e02079fff616b7bf26eb273da16b6d5a843d75f9c716961?email=teste32%40dealix.com.br  Este link de redefinição de senha expirará em 60  ',NULL,NULL,NULL,'2020-09-14 14:07:47','2020-09-14 14:07:47',0,0),(156,'dealix','naoresponda@dealix.com.br','teste33@dealix.com.br','teste33@dealix.com.br','Dealix - Recuperar senha',' Este e-mail foi enviado com base em sua solicitação para redefinir a senha de sua conta. Clique aqui http://dealix.com.br/password/reset/ad6a8753729be39cf4930a75e34c359f0f969d97358e6a6f584d4d854072001c?email=teste33%40dealix.com.br  Este link de redefinição de senha expirará em 60  ',NULL,NULL,NULL,'2020-09-14 14:13:53','2020-09-14 14:13:53',0,0),(157,'dealix','naoresponda@dealix.com.br','kaspersky@dealix.com.br','kaspersky@dealix.com.br','Dealix - Recuperar senha',' Este e-mail foi enviado com base em sua solicitação para redefinir a senha de sua conta. Clique aqui http://dealix.com.br/password/reset/7f60a45c8db81da4b7c26ea2ad6d41f7c34f091d848e8cd68551061d63dbdf5d?email=kaspersky%40dealix.com.br  Este link de redefinição de senha expirará em 60  ',NULL,NULL,NULL,'2020-11-30 18:20:49','2020-11-30 18:20:49',0,0),(158,'dealix','naoresponda@dealix.com.br','horizons@dealix.com.br','horizons@dealix.com.br','Dealix - Recuperar senha',' Este e-mail foi enviado com base em sua solicitação para redefinir a senha de sua conta. Clique aqui https://app.dealix.com.br/password/reset/74efa24ce1636f803c4568a540cbee25d05dc73564e9a485253146e13a0e2db6?email=horizons%40dealix.com.br  Este link de redefinição de senha expirará em 60  ',NULL,NULL,NULL,'2020-12-18 11:04:20','2020-12-18 11:04:20',0,0),(159,'dealix','naoresponda@dealix.com.br','asdasdas@asdasdas.com','asdasdas@asdasdas.com','Dealix - Recuperar senha',' Este e-mail foi enviado com base em sua solicitação para redefinir a senha de sua conta. Clique aqui https://app.dealix.com.br/password/reset/99791be9ec99a9d5c6bdaf823b779498ca0d9d4e836139d4b8535300de7303e8?email=asdasdas%40asdasdas.com  Este link de redefinição de senha expirará em 60  ',NULL,NULL,NULL,'2020-12-21 13:50:41','2020-12-21 13:50:41',0,0),(160,'dealix','naoresponda@dealix.com.br','pmweb@dealix.com.br','pmweb@dealix.com.br','Dealix - Recuperar senha',' Este e-mail foi enviado com base em sua solicitação para redefinir a senha de sua conta. Clique aqui https://app.dealix.com.br/password/reset/b65b0d4e8176c4403bb9ba236a30a939e20479fa08719d6b8daf3229a96c11e2?email=pmweb%40dealix.com.br  Este link de redefinição de senha expirará em 60  ',NULL,NULL,NULL,'2021-01-09 14:19:06','2021-01-09 14:19:06',0,0),(161,'dealix','naoresponda@dealix.com.br','algar@dealix.com.br','algar@dealix.com.br','Dealix - Recuperar senha',' Este e-mail foi enviado com base em sua solicitação para redefinir a senha de sua conta. Clique aqui https://app.dealix.com.br/password/reset/76a098f74bd4fad87b44cb451cb56958d87fc9b557ddb119a0a227d5bebf1809?email=algar%40dealix.com.br  Este link de redefinição de senha expirará em 60  ',NULL,NULL,NULL,'2021-01-26 11:22:04','2021-01-26 11:22:04',0,0),(162,'dealix','naoresponda@dealix.com.br','mundivox@dealix.com.br','mundivox@dealix.com.br','Dealix - Recuperar senha',' Este e-mail foi enviado com base em sua solicitação para redefinir a senha de sua conta. Clique aqui https://app.dealix.com.br/password/reset/f3455bb3cb74df333226b151b27bf14e84d59d50aac93df525690b2e680067fe?email=mundivox%40dealix.com.br  Este link de redefinição de senha expirará em 60  ',NULL,NULL,NULL,'2021-01-29 18:37:53','2021-01-29 18:37:53',0,0),(163,'Dealix','naoresponda@Dealix.com.br','Mundivox','mundivox@dealix.com.br','BEM VINDO','<strong>Bem Vindo ao sistema do&nbsp;</strong><strong><span style=\"font-size:12.0pt;mso-fareast-font-family:\r\n&quot;Times New Roman&quot;;mso-ansi-language:PT-BR;mso-fareast-language:PT-BR;\r\nmso-bidi-language:AR-SA\">Dealix</span></strong><strong>!!!!</strong>',NULL,NULL,NULL,'2021-01-29 18:38:47','2021-01-29 18:38:47',0,0),(164,'Dealix','naoresponda@Dealix.com.br','AdiminDealix','firstpixel@dealix.com.br','BEM VINDO','<strong>Bem Vindo ao sistema do&nbsp;</strong><strong><span style=\"font-size:12.0pt;mso-fareast-font-family:\r\n&quot;Times New Roman&quot;;mso-ansi-language:PT-BR;mso-fareast-language:PT-BR;\r\nmso-bidi-language:AR-SA\">Dealix</span></strong><strong>!!!!</strong>',NULL,NULL,NULL,'2021-02-16 01:36:55','2021-02-16 01:36:55',0,0),(165,'dealix','naoresponda@dealix.com.br','digitro@dealix.com.br','digitro@dealix.com.br','Dealix - Recuperar senha',' Este e-mail foi enviado com base em sua solicitação para redefinir a senha de sua conta. Clique aqui https://app.dealix.com.br/password/reset/c9c813ed508a9afe9409d5bfef21267bd665fd4cda56f5dcf6b752414aaa627a?email=digitro%40dealix.com.br  Este link de redefinição de senha expirará em 60  ',NULL,NULL,NULL,'2021-02-23 23:55:23','2021-02-23 23:55:23',0,0),(166,'dealix','naoresponda@dealix.com.br','alecsalvs@gmail.com','alecsalvs@gmail.com','Dealix - Recuperar senha',' Este e-mail foi enviado com base em sua solicitação para redefinir a senha de sua conta. Clique aqui https://app.dealix.com.br/password/reset/734871167d400fe261e5705cd5f2d92e233ee0cd11484720734d0572bdd1135d?email=alecsalvs%40gmail.com  Este link de redefinição de senha expirará em 60  ',NULL,NULL,NULL,'2021-02-24 14:24:59','2021-02-24 14:24:59',0,0),(167,'Dealix','naoresponda@Dealix.com.br','Alecs Alves Desig','alecsalvs@gmail.com','BEM VINDO','<strong>Bem Vindo ao sistema do&nbsp;</strong><strong><span style=\"font-size:12.0pt;mso-fareast-font-family:\r\n&quot;Times New Roman&quot;;mso-ansi-language:PT-BR;mso-fareast-language:PT-BR;\r\nmso-bidi-language:AR-SA\">Dealix</span></strong><strong>!!!!</strong>',NULL,NULL,NULL,'2021-02-24 15:46:14','2021-02-24 15:46:14',0,0),(168,'dealix','naoresponda@dealix.com.br','email@email.com','email@email.com','Dealix - Recuperar senha',' Este e-mail foi enviado com base em sua solicitação para redefinir a senha de sua conta. Clique aqui https://app.dealix.com.br/password/reset/2537693ffab3c97c77c967afeaabcc4c926a10d0e87ef441fae5bfac9e18d5c5?email=email%40email.com  Este link de redefinição de senha expirará em 60  ',NULL,NULL,NULL,'2021-02-25 20:29:28','2021-02-25 20:29:28',0,0),(169,'Dealix','naoresponda@Dealix.com.br','Convite','daroye8205@brayy.com','BEM VINDO','<strong>Bem Vindo ao sistema do&nbsp;</strong><strong><span style=\"font-size:12.0pt;mso-fareast-font-family:\r\n&quot;Times New Roman&quot;;mso-ansi-language:PT-BR;mso-fareast-language:PT-BR;\r\nmso-bidi-language:AR-SA\">Dealix</span></strong><strong>!!!!</strong>',NULL,NULL,NULL,'2021-05-21 22:36:50','2021-05-21 22:36:50',0,0),(171,'Dealix','naoresponda@Dealix.com.br','Teste 102','teste102@dealix.com.br','BEM VINDO','<strong>Bem Vindo ao sistema do&nbsp;</strong><strong><span style=\"font-size:12.0pt;mso-fareast-font-family:\r\n&quot;Times New Roman&quot;;mso-ansi-language:PT-BR;mso-fareast-language:PT-BR;\r\nmso-bidi-language:AR-SA\">Dealix</span></strong><strong>!!!!</strong>',NULL,NULL,NULL,'2021-05-29 11:21:49','2021-05-29 11:21:49',0,0),(172,'dealix','naoresponda@dealix.com.br','test@test.com','test@test.com','Dealix - Recuperar senha',' Este e-mail foi enviado com base em sua solicitação para redefinir a senha de sua conta. Clique aqui https://app.dealix.com.br/password/reset/5f8805bf07144a138f46e9ed2f079cbfbd28cf203872c90732b316262dfe3a54?email=test%40test.com  Este link de redefinição de senha expirará em 60  ',NULL,NULL,NULL,'2021-05-30 06:53:00','2021-05-30 06:53:00',0,0),(173,'Dealix','naoresponda@Dealix.com.br','Empresa fantasia','test@fantasia.com','BEM VINDO','<strong>Bem Vindo ao sistema do&nbsp;</strong><strong><span style=\"font-size:12.0pt;mso-fareast-font-family:\r\n&quot;Times New Roman&quot;;mso-ansi-language:PT-BR;mso-fareast-language:PT-BR;\r\nmso-bidi-language:AR-SA\">Dealix</span></strong><strong>!!!!</strong>',NULL,NULL,NULL,'2021-06-01 15:29:17','2021-06-01 15:29:17',0,0),(174,'Dealix','naoresponda@Dealix.com.br','Teste fluxo 2','dodaja5386@relumyx.com','BEM VINDO','<strong>Bem Vindo ao sistema do&nbsp;</strong><strong><span style=\"font-size:12.0pt;mso-fareast-font-family:\r\n&quot;Times New Roman&quot;;mso-ansi-language:PT-BR;mso-fareast-language:PT-BR;\r\nmso-bidi-language:AR-SA\">Dealix</span></strong><strong>!!!!</strong>',NULL,NULL,NULL,'2021-06-01 15:54:02','2021-06-01 15:54:02',0,0),(175,'Dealix','naoresponda@Dealix.com.br','Jose da Silva Xavier','jxavier@mailinator.com','BEM VINDO','<strong>Bem Vindo ao sistema do&nbsp;</strong><strong><span style=\"font-size:12.0pt;mso-fareast-font-family:\r\n&quot;Times New Roman&quot;;mso-ansi-language:PT-BR;mso-fareast-language:PT-BR;\r\nmso-bidi-language:AR-SA\">Dealix</span></strong><strong>!!!!</strong>',NULL,NULL,NULL,'2021-06-10 14:12:53','2021-06-10 14:12:53',0,0),(176,'Dealix','naoresponda@dealix.com.br','alecsalvs@gmail.com','alecsalvs@gmail.com','Compromisso 19','<p>Olá<br><br>Foi Criado uma novo Compromisso para você, favor entrar no sistema da DEALIX e verificar.<br></p><p><br></p><p>Atenciosamente <br><br>Dealix</p>Fazer mais por menos',NULL,NULL,NULL,'2021-07-02 18:40:27','2021-07-02 18:40:27',0,0),(177,'Dealix','naoresponda@dealix.com.br','alecsalvs@gmail.com','alecsalvs@gmail.com','Compromisso 20','<p>Olá<br><br>Foi Criado uma novo Compromisso para você, favor entrar no sistema da DEALIX e verificar.<br></p><p><br></p><p>Atenciosamente <br><br>Dealix</p>Fazer mais por menos',NULL,NULL,NULL,'2021-07-02 18:41:03','2021-07-02 18:41:03',0,0),(178,'Dealix','naoresponda@Dealix.com.br','teste','teste@gmail.com','BEM VINDO','<strong>Bem Vindo ao sistema do&nbsp;</strong><strong><span style=\"font-size:12.0pt;mso-fareast-font-family:\r\n&quot;Times New Roman&quot;;mso-ansi-language:PT-BR;mso-fareast-language:PT-BR;\r\nmso-bidi-language:AR-SA\">Dealix</span></strong><strong>!!!!</strong>',NULL,NULL,NULL,'2022-04-11 19:21:52','2022-04-11 19:21:52',0,0),(179,'Dealix','naoresponda@Dealix.com.br','teste','test@gmail.com','BEM VINDO','<strong>Bem Vindo ao sistema do&nbsp;</strong><strong><span style=\"font-size:12.0pt;mso-fareast-font-family:\r\n&quot;Times New Roman&quot;;mso-ansi-language:PT-BR;mso-fareast-language:PT-BR;\r\nmso-bidi-language:AR-SA\">Dealix</span></strong><strong>!!!!</strong>',NULL,NULL,NULL,'2022-04-11 19:28:17','2022-04-11 19:28:17',0,0),(180,'Dealix','naoresponda@Dealix.com.br','Teste 1204','sisson@brbyte.tec.br','BEM VINDO','<strong>Bem Vindo ao sistema do&nbsp;</strong><strong><span style=\"font-size:12.0pt;mso-fareast-font-family:\r\n&quot;Times New Roman&quot;;mso-ansi-language:PT-BR;mso-fareast-language:PT-BR;\r\nmso-bidi-language:AR-SA\">Dealix</span></strong><strong>!!!!</strong>',NULL,NULL,NULL,'2022-04-12 17:28:13','2022-04-12 17:28:13',0,0),(181,'Dealix','naoresponda@Dealix.com.br','teste sem cartao2','willian.soares@orbitaldev.com.br','BEM VINDO','<strong>Bem Vindo ao sistema do&nbsp;</strong><strong><span style=\"font-size:12.0pt;mso-fareast-font-family:\r\n&quot;Times New Roman&quot;;mso-ansi-language:PT-BR;mso-fareast-language:PT-BR;\r\nmso-bidi-language:AR-SA\">Dealix</span></strong><strong>!!!!</strong>',NULL,NULL,NULL,'2022-05-24 19:24:09','2022-05-24 19:24:09',0,0),(182,'Dealix','naoresponda@Dealix.com.br','lucas','luque.mts@gmail.com','BEM VINDO','<strong>Bem Vindo ao sistema do&nbsp;</strong><strong><span style=\"font-size:12.0pt;mso-fareast-font-family:\r\n&quot;Times New Roman&quot;;mso-ansi-language:PT-BR;mso-fareast-language:PT-BR;\r\nmso-bidi-language:AR-SA\">Dealix</span></strong><strong>!!!!</strong>',NULL,NULL,NULL,'2022-05-27 00:12:02','2022-05-27 00:12:02',0,0),(183,'Dealix','naoresponda@Dealix.com.br','Estabelecimentum','admin@zaptoyou.com.br','BEM VINDO','<strong>Bem Vindo ao sistema do&nbsp;</strong><strong><span style=\"font-size:12.0pt;mso-fareast-font-family:\r\n&quot;Times New Roman&quot;;mso-ansi-language:PT-BR;mso-fareast-language:PT-BR;\r\nmso-bidi-language:AR-SA\">Dealix</span></strong><strong>!!!!</strong>',NULL,NULL,NULL,'2022-05-27 16:22:48','2022-05-27 16:22:48',0,0),(184,'Dealix','naoresponda@Dealix.com.br','Zaptoyou','financeiro@zaptoyou.com.br','BEM VINDO','<strong>Bem Vindo ao sistema do&nbsp;</strong><strong><span style=\"font-size:12.0pt;mso-fareast-font-family:\r\n&quot;Times New Roman&quot;;mso-ansi-language:PT-BR;mso-fareast-language:PT-BR;\r\nmso-bidi-language:AR-SA\">Dealix</span></strong><strong>!!!!</strong>',NULL,NULL,NULL,'2022-05-27 16:56:34','2022-05-27 16:56:34',0,0),(185,'Dealix','naoresponda@Dealix.com.br','teste','teste@teste.com','BEM VINDO','<strong>Bem Vindo ao sistema do&nbsp;</strong><strong><span style=\"font-size:12.0pt;mso-fareast-font-family:\r\n&quot;Times New Roman&quot;;mso-ansi-language:PT-BR;mso-fareast-language:PT-BR;\r\nmso-bidi-language:AR-SA\">Dealix</span></strong><strong>!!!!</strong>',NULL,NULL,NULL,'2022-06-08 10:33:53','2022-06-08 10:33:53',0,0),(186,'Dealix','naoresponda@Dealix.com.br','José de Anchieta','willian.opiechon@gmail.com','BEM VINDO','<strong>Bem Vindo ao sistema do&nbsp;</strong><strong><span style=\"font-size:12.0pt;mso-fareast-font-family:\r\n&quot;Times New Roman&quot;;mso-ansi-language:PT-BR;mso-fareast-language:PT-BR;\r\nmso-bidi-language:AR-SA\">Dealix</span></strong><strong>!!!!</strong>',NULL,NULL,NULL,'2022-06-08 10:39:28','2022-06-08 10:39:28',0,0),(187,'Dealix','naoresponda@Dealix.com.br','José de Anchieta','willian.opiechon@gmail.com','BEM VINDO','<strong>Bem Vindo ao sistema do&nbsp;</strong><strong><span style=\"font-size:12.0pt;mso-fareast-font-family:\r\n&quot;Times New Roman&quot;;mso-ansi-language:PT-BR;mso-fareast-language:PT-BR;\r\nmso-bidi-language:AR-SA\">Dealix</span></strong><strong>!!!!</strong>',NULL,NULL,NULL,'2022-06-08 10:40:08','2022-06-08 10:40:08',0,0),(188,'Dealix','naoresponda@Dealix.com.br','José de Anchieta','willian.opiechon@gmail.com','BEM VINDO','<strong>Bem Vindo ao sistema do&nbsp;</strong><strong><span style=\"font-size:12.0pt;mso-fareast-font-family:\r\n&quot;Times New Roman&quot;;mso-ansi-language:PT-BR;mso-fareast-language:PT-BR;\r\nmso-bidi-language:AR-SA\">Dealix</span></strong><strong>!!!!</strong>',NULL,NULL,NULL,'2022-06-08 10:42:18','2022-06-08 10:42:18',0,0),(189,'Dealix','naoresponda@Dealix.com.br','José de Anchieta','willian.opiechon@gmail.com','BEM VINDO','<strong>Bem Vindo ao sistema do&nbsp;</strong><strong><span style=\"font-size:12.0pt;mso-fareast-font-family:\r\n&quot;Times New Roman&quot;;mso-ansi-language:PT-BR;mso-fareast-language:PT-BR;\r\nmso-bidi-language:AR-SA\">Dealix</span></strong><strong>!!!!</strong>',NULL,NULL,NULL,'2022-06-08 10:42:35','2022-06-08 10:42:35',0,0),(190,'Dealix','naoresponda@Dealix.com.br','José de Anchieta','willian.opiechon@gmail.com','BEM VINDO','<strong>Bem Vindo ao sistema do&nbsp;</strong><strong><span style=\"font-size:12.0pt;mso-fareast-font-family:\r\n&quot;Times New Roman&quot;;mso-ansi-language:PT-BR;mso-fareast-language:PT-BR;\r\nmso-bidi-language:AR-SA\">Dealix</span></strong><strong>!!!!</strong>',NULL,NULL,NULL,'2022-06-08 10:43:43','2022-06-08 10:43:43',0,0),(191,'Dealix','naoresponda@Dealix.com.br','José de Anchieta','willian.opiechon@gmail.com','BEM VINDO','<strong>Bem Vindo ao sistema do&nbsp;</strong><strong><span style=\"font-size:12.0pt;mso-fareast-font-family:\r\n&quot;Times New Roman&quot;;mso-ansi-language:PT-BR;mso-fareast-language:PT-BR;\r\nmso-bidi-language:AR-SA\">Dealix</span></strong><strong>!!!!</strong>',NULL,NULL,NULL,'2022-06-08 10:43:45','2022-06-08 10:43:45',0,0),(192,'Dealix','naoresponda@Dealix.com.br','José de Anchieta','willian.opiechon@gmail.com','BEM VINDO','<strong>Bem Vindo ao sistema do&nbsp;</strong><strong><span style=\"font-size:12.0pt;mso-fareast-font-family:\r\n&quot;Times New Roman&quot;;mso-ansi-language:PT-BR;mso-fareast-language:PT-BR;\r\nmso-bidi-language:AR-SA\">Dealix</span></strong><strong>!!!!</strong>',NULL,NULL,NULL,'2022-06-08 10:44:33','2022-06-08 10:44:33',0,0),(193,'Dealix','naoresponda@Dealix.com.br','José de Anchieta','willian.opiechon@gmail.com','BEM VINDO','<strong>Bem Vindo ao sistema do&nbsp;</strong><strong><span style=\"font-size:12.0pt;mso-fareast-font-family:\r\n&quot;Times New Roman&quot;;mso-ansi-language:PT-BR;mso-fareast-language:PT-BR;\r\nmso-bidi-language:AR-SA\">Dealix</span></strong><strong>!!!!</strong>',NULL,NULL,NULL,'2022-06-08 10:45:44','2022-06-08 10:45:44',0,0),(194,'Dealix','naoresponda@Dealix.com.br','José de Anchieta','willian.opiechon@gmail.com','BEM VINDO','<strong>Bem Vindo ao sistema do&nbsp;</strong><strong><span style=\"font-size:12.0pt;mso-fareast-font-family:\r\n&quot;Times New Roman&quot;;mso-ansi-language:PT-BR;mso-fareast-language:PT-BR;\r\nmso-bidi-language:AR-SA\">Dealix</span></strong><strong>!!!!</strong>',NULL,NULL,NULL,'2022-06-08 10:46:00','2022-06-08 10:46:00',0,0),(195,'Dealix','naoresponda@dealix.com.br','Prezado','gerente.ti@slavierohoteis.com.br','Nova parcela','Uma nova parcela foi lançada no sistema Dealix.',NULL,NULL,NULL,'2022-06-08 11:02:30','2022-06-08 11:02:30',0,0),(196,'Dealix','naoresponda@dealix.com.br','Prezado','admin@solvertecnologia.com.br','Nova parcela','Uma nova parcela foi lançada no sistema Dealix.',NULL,NULL,NULL,'2022-06-08 11:02:32','2022-06-08 11:02:32',0,0),(197,'Dealix','naoresponda@dealix.com.br','Prezado','lsissonjr@gmail.com','Nova parcela','Uma nova parcela foi lançada no sistema Dealix.',NULL,NULL,NULL,'2022-06-08 11:02:34','2022-06-08 11:02:34',0,0),(198,'Dealix','naoresponda@dealix.com.br','Prezado','teste1@dealix.com.br','Nova parcela','Uma nova parcela foi lançada no sistema Dealix.',NULL,NULL,NULL,'2022-06-08 11:02:36','2022-06-08 11:02:36',0,0),(199,'Dealix','naoresponda@dealix.com.br','Prezado','teste13@dealix.com.br','Nova parcela','Uma nova parcela foi lançada no sistema Dealix.',NULL,NULL,NULL,'2022-06-08 11:02:38','2022-06-08 11:02:38',0,0),(200,'Dealix','naoresponda@dealix.com.br','Prezado','gerente.ti@slavierohoteis.com.br','Nova parcela','Uma nova parcela foi lançada no sistema Dealix.',NULL,NULL,NULL,'2022-06-09 18:10:48','2022-06-09 18:10:48',0,0),(201,'Dealix','naoresponda@dealix.com.br','Prezado','admin@solvertecnologia.com.br','Nova parcela','Uma nova parcela foi lançada no sistema Dealix.',NULL,NULL,NULL,'2022-06-09 18:10:51','2022-06-09 18:10:51',0,0),(202,'Dealix','naoresponda@dealix.com.br','Prezado','lsissonjr@gmail.com','Nova parcela','Uma nova parcela foi lançada no sistema Dealix.',NULL,NULL,NULL,'2022-06-09 18:10:53','2022-06-09 18:10:53',0,0),(203,'Dealix','naoresponda@dealix.com.br','Prezado','teste1@dealix.com.br','Nova parcela','Uma nova parcela foi lançada no sistema Dealix.',NULL,NULL,NULL,'2022-06-09 18:10:55','2022-06-09 18:10:55',0,0),(204,'Dealix','naoresponda@dealix.com.br','Prezado','teste13@dealix.com.br','Nova parcela','Uma nova parcela foi lançada no sistema Dealix.',NULL,NULL,NULL,'2022-06-09 18:10:57','2022-06-09 18:10:57',0,0),(205,'Dealix','naoresponda@dealix.com.br','Prezado','gerente.ti@slavierohoteis.com.br','Nova parcela','Uma nova parcela foi lançada no sistema Dealix.',NULL,NULL,NULL,'2022-06-09 18:39:41','2022-06-09 18:39:41',0,0),(206,'Dealix','naoresponda@dealix.com.br','Prezado','admin@solvertecnologia.com.br','Nova parcela','Uma nova parcela foi lançada no sistema Dealix.',NULL,NULL,NULL,'2022-06-09 18:39:44','2022-06-09 18:39:44',0,0),(207,'Dealix','naoresponda@dealix.com.br','Prezado','lsissonjr@gmail.com','Nova parcela','Uma nova parcela foi lançada no sistema Dealix.','201.89.122.76','lsissonjr@gmail.com',5,'2022-06-09 18:39:46','2022-06-10 02:09:52',0,0),(208,'Dealix','naoresponda@dealix.com.br','Prezado','teste1@dealix.com.br','Nova parcela','Uma nova parcela foi lançada no sistema Dealix.','201.89.122.76','teste1@dealix.com.br',5,'2022-06-09 18:39:48','2022-06-10 02:10:13',0,0),(209,'Dealix','naoresponda@dealix.com.br','Prezado','teste13@dealix.com.br','Nova parcela','Uma nova parcela foi lançada no sistema Dealix.',NULL,NULL,NULL,'2022-06-09 18:39:50','2022-06-09 18:39:50',0,0),(210,'Dealix','naoresponda@dealix.com.br','Prezado','gerente.ti@slavierohoteis.com.br','Nova parcela','Uma nova parcela foi lançada no sistema Dealix.','201.89.122.76','gerente.ti@slavierohoteis.com.br',6,'2022-06-10 02:10:55','2022-06-10 02:14:18',0,0),(211,'Dealix','naoresponda@dealix.com.br','Prezado','admin@solvertecnologia.com.br','Nova parcela','Uma nova parcela foi lançada no sistema Dealix.','201.89.122.76','admin@solvertecnologia.com.br',6,'2022-06-10 02:10:57','2022-06-10 02:11:19',0,0),(212,'Dealix','naoresponda@dealix.com.br','Prezado','lsissonjr@gmail.com','Nova parcela','Uma nova parcela foi lançada no sistema Dealix.','201.89.122.76','lsissonjr@gmail.com',6,'2022-06-10 02:10:59','2022-06-10 02:14:17',0,0),(213,'Dealix','naoresponda@dealix.com.br','Prezado','teste1@dealix.com.br','Nova parcela','Uma nova parcela foi lançada no sistema Dealix.','187.53.76.92','teste1@dealix.com.br',6,'2022-06-10 02:11:01','2022-07-31 20:20:06',0,0),(214,'Dealix','naoresponda@dealix.com.br','Prezado','teste13@dealix.com.br','Nova parcela','Uma nova parcela foi lançada no sistema Dealix.','187.53.76.92','teste13@dealix.com.br',6,'2022-06-10 02:11:03','2022-07-31 20:20:04',0,0),(215,'Dealix','naoresponda@Dealix.com.br','teste henrique','informatica4@slavierohoteis.com.br','BEM VINDO','<strong>Bem Vindo ao sistema do&nbsp;</strong><strong><span style=\"font-size:12.0pt;mso-fareast-font-family:\r\n&quot;Times New Roman&quot;;mso-ansi-language:PT-BR;mso-fareast-language:PT-BR;\r\nmso-bidi-language:AR-SA\">Dealix</span></strong><strong>!!!!</strong>',NULL,NULL,NULL,'2022-11-07 19:12:53','2022-11-07 19:12:53',0,0);
/*!40000 ALTER TABLE `t997_email` ENABLE KEYS */;
UNLOCK TABLES;

--
-- Table structure for table `users`
--

DROP TABLE IF EXISTS `users`;
/*!40101 SET @saved_cs_client     = @@character_set_client */;
/*!40101 SET character_set_client = utf8 */;
CREATE TABLE `users` (
  `id` bigint(20) unsigned NOT NULL AUTO_INCREMENT,
  `name` varchar(255) COLLATE utf8mb4_unicode_ci NOT NULL,
  `email` varchar(255) COLLATE utf8mb4_unicode_ci NOT NULL,
  `email_verified_at` timestamp NULL DEFAULT NULL,
  `password` varchar(255) COLLATE utf8mb4_unicode_ci NOT NULL,
  `remember_token` varchar(100) COLLATE utf8mb4_unicode_ci DEFAULT NULL,
  `created_at` timestamp NULL DEFAULT current_timestamp(),
  `updated_at` timestamp NULL DEFAULT current_timestamp() ON UPDATE current_timestamp(),
  `foto` longtext COLLATE utf8mb4_unicode_ci DEFAULT NULL,
  `ativo` tinyint(1) DEFAULT NULL,
  `idfacebook` varchar(150) COLLATE utf8mb4_unicode_ci DEFAULT NULL,
  `api_token` varchar(60) COLLATE utf8mb4_unicode_ci DEFAULT NULL,
  `created_at_user` varchar(100) COLLATE utf8mb4_unicode_ci DEFAULT NULL,
  `updated_at_user` varchar(100) COLLATE utf8mb4_unicode_ci DEFAULT NULL,
  `a001_id_usuario` int(11) DEFAULT NULL,
  `username` varchar(180) COLLATE utf8mb4_unicode_ci DEFAULT NULL,
  `create_password` date DEFAULT NULL,
  `primeiro_acesso` tinyint(4) DEFAULT NULL,
  `ind_super_adm` tinyint(1) DEFAULT 0,
  `ind_adm` tinyint(1) DEFAULT 0,
  `cadastro_completo` tinyint(1) NOT NULL DEFAULT 0,
  `id_empresa_principal` int(11) DEFAULT 0,
  `creditos` int(11) DEFAULT 0,
  PRIMARY KEY (`id`) USING BTREE
) ENGINE=InnoDB AUTO_INCREMENT=162 DEFAULT CHARSET=utf8mb4 COLLATE=utf8mb4_unicode_ci ROW_FORMAT=DYNAMIC;
/*!40101 SET character_set_client = @saved_cs_client */;

--
-- Dumping data for table `users`
--

LOCK TABLES `users` WRITE;
/*!40000 ALTER TABLE `users` DISABLE KEYS */;
INSERT INTO `users` VALUES (1,'Super Admin DEALIX','superadmin@dealix.com.br',NULL,'$2y$10$AuFLigzX6epx3cgN2qz5r.BuIAc3EgoifcUBFHlbg27rBogEl7KRa','3LJ9sMLbWaD9SnAyzeP8BugY7pqoYaGWE393S8X2v5HX2QswX1z9q4xANCSc','2020-02-11 11:34:31','2021-08-11 00:53:28',NULL,1,NULL,'r3jJG5MIzZtL8KviN7yyATRVPHqlXinS48Dt85YeNPkeXgUatYarZdte9rvm',NULL,NULL,1,NULL,NULL,0,0,1,1,0,0),(50,'Luiz Sisson - Dealix','lsisson@dealix.com.br',NULL,'$2a$12$D2HYmMFZZPG3xDPTZB2Ee.fMKlPAa6qTvuADlCXMI4UKelzHt2t7i','8IsLb4ycx8iiduMYmWe07Fbr856YneRIdol7oUSVTbY0MVRB6czCcTJXi08i','2020-08-03 12:01:06','2023-04-19 13:09:12','',1,NULL,'mAmfYlompKBsJC5JSTMM04uqIXjLUzEnMttlwmqg4m5neEoXpvbnDlbllB7I',NULL,NULL,50,'lsisson@dealix.com.br',NULL,0,0,1,1,49,NULL),(51,'Caroline - Solver','admin@solvertecnologia.com.br',NULL,'$2y$10$YEhDfokODFp5y8bYIboDheMfBBWcfUcuPtuLzTFW3DA3m9TFJFsJy','qVQWzrCyELD9uabdHCVWWV1LwEAVYEfNYwUFwnwSjvozOzhK0ktcfQMP5hSw','2020-08-03 12:38:44','2021-05-28 21:17:49','',1,NULL,'2xcne8BFF07qoR3v4xSG6VnVKz9FNpxoFmCeI87AFMpWxgTSvkTA4NR63Ckw',NULL,NULL,51,'admin@solvertecnologia.com.br',NULL,0,0,1,1,50,0),(52,'Luiz - Ger.TI - Slaviero','gerente.ti@slavierohoteis.com.br',NULL,'$2y$10$o11jiTNnpNQmiY1olAI/RedELPaAlHTsgmUhs6pIHHsbRHjZ8S3XS','iG7UYaxTdVUezNeAcqF8VsekCKoGQ9SRfD6V9JxUBQaNI8nxZeDkLcyJ68YQ','2020-08-03 13:25:26','2022-04-11 18:25:32','',1,NULL,'6iJ7Fwcw81owlsYEDYukEZesK6RsJBZjmFtW4R9CJyb62txH5YkT7TjdVDxb',NULL,NULL,52,'gerente.ti@slavierohoteis.com.br',NULL,0,0,1,1,51,0),(53,'Dealix','lsissonjr@dealix.com.br',NULL,'jD8a3ljTlY6widGClpq2','8bdiiSRYzG','2020-08-03 16:57:32','2020-08-03 16:57:32','',1,NULL,'pEM67YMK6WRfTFhJO0ub',NULL,NULL,53,'lsissonjr@dealix.com.br',NULL,1,0,1,0,0,0),(54,'Patricia - SECT','teste4@dealix.com.br',NULL,'$2y$10$yVw7UAfVDGr0RQVbZ/UeA.j5hj.UBovJ3Mr1hgsJvb5dd.Pc3f426','99Q3g62pkyCLYKNdFs6oVkSFXFmpT30GPsUe6gAK6BgRXFSIqx4FXhBqYkeR','2020-08-05 12:37:24','2021-03-01 01:35:10','',1,NULL,'bn6CIhf8zrTSpez8oyNjS6hrlANg1N0dQCbHMHeic32ERUQ7YzxAwDpcR54J',NULL,NULL,54,'teste4@dealix.com.br',NULL,0,0,1,1,53,0),(55,'Luiz Sisson Marques Jr','lsissonjr@gmail.com',NULL,'$2y$10$jMrsgNpqHPI6Kxcob4ZRduN1SiEDXCk8u7gzjFiLGNZC4Pn.qDtqC','kculdAZNsUpNp2xF5nJ7wQDYUMIqmejF0LcmWow9QeQDv2HfF7HpaaZeyjs5','2020-08-05 12:47:58','2021-06-08 14:10:16','',1,NULL,'41N0JxIANzlvULx7GdgsvnVPQoVK4wjhWQWvzhkTzZUb9xinJgVzcQ5DVA6A',NULL,NULL,55,'lsissonjr@gmail.com',NULL,0,0,1,1,54,0),(56,'Caroline Favero','teste5@dealix.com.br',NULL,'$2y$10$DjQ8suj.WEPHVYic8aXmg.rMxOb3kr1qwt7.QoCrpQJxz1MDwKNTu','mWRVRDifjTUCVDx4XZbAXlg6KnZMUcz3y1ENLrzEKamFIYDmSqOqVjD20AL7','2020-08-05 12:49:39','2020-08-05 12:51:48','',1,NULL,'QLLQxc6kv9bB8SqIyw7B',NULL,NULL,56,'teste5@dealix.com.br',NULL,0,0,1,0,55,0),(57,'Slaviero Slim XV','teste9@dealix.com.br',NULL,'$2y$10$796Y9uzbmpGGeylfMcdtqOKtsqFdZv6FH/5/Oyxr1Hy.9Tvu4fRDu','20slxZJBYnxZ4nFu4CEx8Dllx47u7DSHzG9MSbnTuo1ROFptVaIbn8sPrXKl','2020-08-05 13:29:51','2020-08-05 13:48:29','',1,NULL,'NdEBVPeJpogM9cfh2Smo',NULL,NULL,57,'teste9@dealix.com.br',NULL,0,0,1,0,56,0),(58,'Teste Esfera','testeesfera@esfera.com.br',NULL,'pjlPkcZh9QLuVo8HXg20','Ji5Rjf76tx','2020-08-05 14:29:13','2020-11-03 12:24:30','',0,NULL,'rw8rTwwk8kObC6OnNW3H',NULL,NULL,58,'testeesfera@esfera.com.br',NULL,1,0,1,1,0,0),(59,'Denys','denys@esfera.com.br',NULL,'$2y$10$qXFmshraaUmmDupIFov9Eemz3Kr2xQUTvlQ1WTnsVpf5.dymCVQeu','uKBqJlqIqGp1FAL11wceavXb3duqglQN9vTcgYqLKk1tKbIgQekWmgmoKaYe','2020-08-05 14:36:14','2020-11-03 12:24:52','',0,NULL,'WrHWdLLepCuXdMNkCdUv',NULL,NULL,59,'denys@esfera.com.br',NULL,0,0,1,1,58,0),(60,'Denys cliente fisico','denysrsantos@gmail.com',NULL,'3Qxy4SCa76gGVMXTEpos','95P2nO59Ar','2020-08-05 14:43:30','2020-11-03 12:23:34','',0,NULL,'u1aN9ZajMRrpWFTkJCk8',NULL,NULL,60,'denysrsantos@gmail.com',NULL,1,0,1,1,0,0),(61,'Lucas Simm','lucas@weebo.com.br',NULL,'$2y$10$DBptc3yo0Gsbuy2wWBA/sO8x3ZVweuvG2N6f59UZpMw7UAzcQ3Yxq','4WHPV3jvE7zpZWJ8zBFjwowgc6UXA8EKKsGCSNRdVUkHOnRuFFGgu8tV7EBF','2020-08-05 16:38:44','2020-11-03 12:25:18','',0,NULL,'ZuZkESJZhqfaezwO2CyE',NULL,NULL,61,'lucas@weebo.com.br',NULL,0,0,1,1,63,0),(62,'Lucas Weebo','teste20@dealix.com.br',NULL,'stE8CN6uqvWYnp5nxT8E','PgJ10jMKcp','2020-08-05 17:05:08','2020-08-05 17:05:08','',1,NULL,'X1fUdLY3TS60KKbsI6JG',NULL,NULL,62,'teste20@dealix.com.br',NULL,1,0,1,0,0,0),(63,'Denys Rodrigues','denys.rsa.ntos@gmail.com',NULL,'N0CWWm0iRlCRzra3NUN7','VIqYqGsOgu','2020-08-05 17:06:27','2020-11-03 12:25:54','',0,NULL,'o69rgam9EF73UAnorpJ7',NULL,NULL,63,'denys.rsa.ntos@gmail.com',NULL,1,0,1,1,0,0),(64,'Denys Cliente teste 2','de.ny.srsantos@gmail.com',NULL,'bA5hUcHYfBwHhftCTK28','vj5RDLmjLM','2020-08-05 17:33:06','2020-11-03 12:26:26','',0,NULL,'USFZdsRn6bchnLt7cD88',NULL,NULL,64,'de.ny.srsantos@gmail.com',NULL,1,0,1,1,0,0),(65,'Denys cliente 3','denysr.santos@gmail.com',NULL,'YIFDV2GKB1dOBd2P2YOf','3Cwy7SgprL','2020-08-05 17:34:39','2020-11-03 12:26:56','',0,NULL,'cOeP4keb7fklm28e4BtK',NULL,NULL,65,'denysr.santos@gmail.com',NULL,1,0,1,1,0,0),(66,'Slaviero Aspen','teste11@slavierohoteis.com.br',NULL,'6P19DKAjNrpSFQgLHAQ8','HjvsbozQld','2020-08-06 14:03:37','2020-08-06 14:03:37','',1,NULL,'XAT7e4bws3Azlsljnnzp',NULL,NULL,66,'teste11@slavierohoteis.com.br',NULL,1,0,1,0,0,0),(67,'Slaviero Full Jazz','teste12@dealix.com.br',NULL,'eNKhBczGzSL1pXP5cBQp','MV4JShFooq','2020-08-06 14:05:49','2020-08-06 14:05:49','',1,NULL,'gu8xQgG1QfEZDMEhLj76',NULL,NULL,67,'teste12@dealix.com.br',NULL,1,0,1,0,0,0),(68,'Denys Empresa TEste','testeempresaaa@esfera.com.br',NULL,'ZjZSFYaPiR2duLaUkqZy','wAgs3FrR7W','2020-08-06 14:46:44','2020-11-03 12:27:30','',0,NULL,'ZNc52K6lCa7VukL7jRXv',NULL,NULL,68,'testeempresaaa@esfera.com.br',NULL,1,0,1,1,0,0),(69,'José de Anchieta','willian.opiechon@gmail.com',NULL,'GwiO3qIa3DlKXAkp6F4z','Cc6uSYCweJ','2020-08-06 18:08:50','2022-06-08 10:46:02','',1,NULL,'1',NULL,NULL,69,'teste13@dealix.com.br',NULL,0,0,1,0,75,0),(70,'Milton Nascimento','teste10@dealix.com.br',NULL,'5mKf6pb3cc6p8w2OmYdz','NyBL29lh9S','2020-08-06 19:07:43','2020-08-06 19:07:43','',1,NULL,'a6waBWTuR200PAKpzRgb',NULL,NULL,70,'teste10@dealix.com.br',NULL,1,0,1,0,0,0),(71,'fabricio','fabricio@esfera.com.br',NULL,'ZqW4UCCc3AB3waXs9KGT','4GP2quL1dj','2020-08-10 12:42:49','2020-11-03 12:28:24','',0,NULL,'aQu7ThVfWiBdmykFMMWs',NULL,NULL,71,'fabricio@esfera.com.br',NULL,1,0,1,1,0,0),(72,'dadad','s@sasa.com.br',NULL,'jiKe8aMKHgUY0u9v9dHg','fH62JRCC3a','2020-08-10 17:31:13','2020-11-03 12:27:59','',0,NULL,'pxD5TOEYcYAedyOeeBag',NULL,NULL,72,'s@sasa.com.br',NULL,1,0,1,1,0,0),(73,'Hermanoteu Silvicola','teste7@dealix.com.br',NULL,'$2y$10$55ZMz464UcHRD4BnWZ7Aqe5mxSlXpGF8qCzUk23KtWu.e9EZxvElm','kpb7AYoyUM3hnnBBxDTfBRMuAbhA92FWmlnClPJjHYDForBJKJ462gNMUhcl','2020-08-10 20:10:48','2020-08-10 21:04:02','',1,NULL,'OpvuHTQmvmwPVTl5pTA2',NULL,NULL,73,'teste7@dealix.com.br',NULL,0,0,1,1,80,0),(75,'Teste de Sistema Ltda','teste1@dealix.com.br',NULL,'$2y$10$SKoFhGuinbMdK.I9st3eHuFekM/W8qWSwD4Do9h.xh7mifq0hmQEW','ZbvdUeCeGeoO7DglMSuHVUlXAZ46VGUB0BmZl2JQiD9iM8nXBFet39PqvKwL','2020-08-20 00:37:13','2020-08-25 14:25:35','',1,NULL,'Z4EnRTVdVnlqQMVQP3wz',NULL,NULL,75,'teste1@dealix.com.br',NULL,0,0,1,0,83,0),(76,'Kallef Alexandre','kallef@orbitaldev.com.br',NULL,'$2y$10$w4oDUfaxNP9HK9.jWkzi0.3smgT.tAHn3kF2Wfo/3oyy/blK6UvtC','4W9wC8xzweWDide0HfTcMv8Z1vBcfMG6yTSZMOwvN7dUEaFyq13RyOFE8ce9','2020-08-21 15:37:29','2023-04-06 13:48:25','',1,NULL,'Umnqv7L5tIf3kTjA4fFwOF9WMa4N9IcQAwfsFsQndH2DSW5nneUKAg3cqw6R',NULL,NULL,76,'kallef@orbitaldev.com.br',NULL,0,0,1,1,84,0),(77,'Teste1','lucassimm91@gmail.com',NULL,'QZSQHkCgBFalrifs7pZ4','rogF43FuTy','2020-08-25 14:17:23','2020-11-03 12:28:44','',0,NULL,'m9x12lsJyaVevpFhTvoi',NULL,NULL,77,'lucassimm91@gmail.com',NULL,1,0,1,1,0,0),(78,'Teste2','teste2@dealix.com.br',NULL,'$2y$10$pIKj6HCDhiMWMEy490L4F.M1Gu1GaNCaHdD3CiylloWi.oW3WFAVe','U63InPOmgNnAlPI5aAFZ6HlIKxwukrRwfiblBBGJM6pujsREAJHaPprYBZoz','2020-08-25 14:30:40','2020-08-25 14:32:39','',1,NULL,'vi14NWDEhT6P3IQTLW1u',NULL,NULL,78,'teste2@dealix.com.br',NULL,0,0,1,0,86,0),(79,'Teste Seis do Luiz','teste6@dealix.com.br',NULL,'$2y$10$KaTa7XhgIy2aktpVdaTO4uKfh.wcrOhH3faFtBwk9KMczT9xm8Pfe','8yH7ZVfrODmcCJS3YIhC3bltbN4R4jnh8CTRL1hBJgJE48e3DewZ9dEbuj9d','2020-09-04 13:08:43','2020-09-04 13:09:50','',1,NULL,'9L6ErPAN6pYHRLwBT9Dm',NULL,NULL,79,'teste6@dealix.com.br',NULL,0,0,1,0,87,0),(80,'Ask Suite','asksuite@dealix.com.br',NULL,'yyvGID3EEFRL2E0Wogwv','kGKH7lY4Nk','2020-09-04 14:34:20','2020-09-04 14:34:20','',1,NULL,'pCYdLEuT5GzEi0p0osC0',NULL,NULL,80,'asksuite@dealix.com.br',NULL,1,0,1,0,0,0),(81,'Jose da Silva Xavier','teste3@dealix.com.br',NULL,'$2y$10$W6/5qpXZ7Wg8gi8Tkl8ulerCdYzWqA5uCnR0Vt7WnKlPVBbduWaQe','c7eVGJpu8ejla8DaaGUF44kEnC7KXYLF4qHMlCZUhYcX6HDL9k3mbeL5kzib','2020-09-14 12:01:06','2020-09-14 12:18:20','',1,NULL,'vl2p170dhfy8v4EwLtEO',NULL,NULL,81,'teste3@dealix.com.br',NULL,0,0,1,0,89,0),(82,'Teste 32','teste32@dealix.com.br',NULL,'jnC5T0ueH8AaeVw0kySZ','u83SSKQpJA','2020-09-14 14:07:47','2020-09-14 14:07:47','',1,NULL,'nH2BQidloa41508useZM',NULL,NULL,82,'teste32@dealix.com.br',NULL,1,0,1,0,0,0),(83,'teste 33','teste33@dealix.com.br',NULL,'9wmLitz6dydxzqalez99','YBM1TZq68W','2020-09-14 14:13:53','2020-09-14 14:13:53','',1,NULL,'jRPfOmJAmiJcN1JclSPB',NULL,NULL,83,'teste33@dealix.com.br',NULL,1,0,1,0,0,0),(84,'Repres Kaspersky','kaspersky@dealix.com.br',NULL,'IftjhRMZPbK4vBiHQsC6','nfiV959XTO','2020-11-30 18:20:48','2020-11-30 18:20:48','',1,NULL,'P99vqi3NwGbbVAT9wP0J',NULL,NULL,84,'kaspersky@dealix.com.br',NULL,1,0,1,0,0,0),(85,'Horizons Telecom','horizons@dealix.com.br',NULL,'iAsBhhOlmmq6jwbvu7dN','Pd6EWRcNDq','2020-12-18 11:04:19','2020-12-18 11:04:19','',1,NULL,'d5cCvFG6r8nzluBtqkj4',NULL,NULL,85,'horizons@dealix.com.br',NULL,1,0,1,0,0,0),(86,'asd asdasdasd','asdasdas@asdasdas.com',NULL,'SVuDa2oYpLMd6jQQO29m','8qeolANWJh','2020-12-21 13:50:41','2020-12-21 13:50:41','',1,NULL,'WH8sSvkZIJmk1HYFEela',NULL,NULL,86,'asdasdas@asdasdas.com',NULL,1,0,1,0,0,0),(87,'PMWEB','pmweb@dealix.com.br',NULL,'sVcgKDa53a8UMJuMmvws','hMBKJRQaqp','2021-01-09 14:19:05','2021-01-09 14:19:05','',1,NULL,'sNTD2poZUujodVLJ7O9v',NULL,NULL,87,'pmweb@dealix.com.br',NULL,1,0,1,0,0,0),(88,'Algar Telecom','algar@dealix.com.br',NULL,'7tw6w6nnkqdsN0qxU9lI','HWEQIuldKG','2021-01-26 11:22:04','2021-01-26 11:22:04','',1,NULL,'iOWKCNpgERrENDXpHp1L',NULL,NULL,88,'algar@dealix.com.br',NULL,1,0,1,0,0,0),(89,'Mundivox','mundivox@dealix.com.br',NULL,'$2y$10$HRc3SA7FatUzITu9mXUR1eF3V3YmPhdVbR33yF1W5tva/P4hWs92O','BhOL2XjKgwZFhBH4cQ4wXDYbCJaKdW0RDni9tpJXAR5OcsE5QS7EpaEuh8bo','2021-01-29 18:37:52','2021-01-29 18:38:47','',1,NULL,'Ikj8vdrmSIWyvmYRdXQU',NULL,NULL,89,'mundivox@dealix.com.br',NULL,0,0,1,0,101,0),(90,'AdiminDealix','firstpixel@dealix.com.br',NULL,'$2y$10$uoPPTVHU2b8j6qpNYPcNOezeWEJ0oiz39QgOjFQnzqTyDgnUAwuae','CKHUGBHZFM','2021-02-16 01:27:09','2021-02-16 01:36:55','',1,NULL,'0Rqu3O5RmtTj6AZb2GYlMDrReeMkxu6YQJM0h6lvOBOe2jD2mjVgBWiyKfWe',NULL,NULL,90,'firstpixel@dealix.com.br',NULL,0,0,1,0,102,0),(91,'Jose da Silva3','jose3@dealix.com.br',NULL,'','pluoMWbOkV','2021-02-17 00:46:33','2021-02-17 00:46:36','',1,NULL,'H8OboimxXVOZmIlXW583',NULL,NULL,91,'jose3@dealix.com.br',NULL,1,0,1,0,0,0),(92,'Digitro','digitro@dealix.com.br',NULL,'WSLuizAl5dVSsfCNUjYj','ILVTILpvxa','2021-02-23 23:55:22','2021-02-23 23:55:22','',1,NULL,'pInUheRZy0Li5nebIHJH',NULL,NULL,92,'digitro@dealix.com.br',NULL,1,0,1,0,0,0),(93,'Alecs Design','alecsalvs@gmail.com',NULL,'ymle3nPlVhAYkJ7vpUFQ','AMPLkM5tJQFO9SRlJBk8GSmq1J27mzeBwD2C3tTs4afsWFuBaIcq9q6MfdSd','2021-02-24 14:24:59','2022-11-28 12:54:11','',1,NULL,'38wzhKuzaZL6JM51LV5AKuHUtWyMnffslQ8dcswdGv9vvIszcVN0rcRtn37C',NULL,NULL,93,'alecsalvs@gmail.com',NULL,0,0,1,1,75,0),(94,'teste','email@email.com',NULL,'hP1cCkM9E6BnTOrmtOPZ','5Ptkca86vY','2021-02-25 20:29:27','2021-02-25 20:29:27','',1,NULL,'epI5JwgfgGalbJe871oR',NULL,NULL,94,'email@email.com',NULL,1,0,1,0,0,0),(95,'Luiz Sisson','sissonjr@hotmail.com',NULL,'$2y$10$60jPgBDzIHB820uajVDB9eO39pVwSuNTxM7uNkUWHRcpceKBdvHci','qj3gy0iOzh','2021-02-28 15:33:11','2021-02-28 19:00:09','',1,NULL,'sQCyUZJ3hrb9I9lVc90g',NULL,NULL,95,'sissonjr@hotmail.com',NULL,1,0,1,0,0,0),(96,'Convite','daroye8205@brayy.com',NULL,'$2y$10$plR5XVj1mzG9dIORN9QZ/Ong7ut6be72NIDziRDIWS4J2EnWRmMX.','sY28XUOXVo','2021-05-21 22:35:55','2021-05-21 22:36:50','',1,NULL,'XDb1Pse3Q2W8xYwKSSSy5dnW2KNU9v9589L2JKVEtA3qK3zt9HOqFVmyJvT3',NULL,NULL,99,'daroye8205@brayy.com',NULL,0,0,1,0,110,0),(98,'DealixT','vebise7109@geekale.com',NULL,'$2y$10$SO/uAcqxXAAar2Ae2PhFleqiDfOWAzX07pQr8lbBoyTPeJKWdkIzK','Ar5wHnRFPs','2021-05-27 07:35:12','2021-05-27 07:46:23','',1,NULL,'YXf5aCgGf9pbutU2z5uJ',NULL,NULL,102,'vebise7109@geekale.com',NULL,1,0,1,0,0,20),(99,'Jared Douglas','qahezuni@mailinator.com',NULL,'$2y$10$PQUqP1tOha7wNHrusdHXiuW6/z3cRcEnxAFrl/1mINRf2Krh9o/Om','XdTpA8y87z','2021-05-28 18:03:59','2021-05-28 18:06:28','',1,NULL,'dsQOIf3j3pVi6UVU9UuW0azJqMgxA4Qo0l5hTfdQpVbbxJ5ypBStZaADA4Is',NULL,NULL,103,'qahezuni@mailinator.com',NULL,1,0,1,0,0,NULL),(100,'Juliet Johnson','kexojitaha@mailinator.com',NULL,'$2y$10$9q2HIf8nYXr1WekNralsFOLGQmQi1nkmHVDBVRJ7nAYqdCccpRc82','bJAN9NAF0R','2021-05-28 18:15:25','2021-05-28 18:39:11','',1,NULL,'hZR3jR4krm4D8joBtewJ',NULL,NULL,104,'kexojitaha@mailinator.com',NULL,1,0,1,0,0,NULL),(101,'Teste 102','teste102@dealix.com.br',NULL,'$2y$10$BlJL/LEbQ4dy70nmvVZx8.OW7W98UH8sJQ6Zgk7Y5T7igxMBSPQ3S','5wHPn0vQY6','2021-05-29 11:15:30','2021-05-29 11:23:04','',1,NULL,'1zESqf4VQT0MIxLc5Mxi',NULL,NULL,105,'teste102@dealix.com.br',NULL,0,0,1,1,116,NULL),(102,'Curran Park','vazybebo@mailinator.com',NULL,'$2y$10$kxgTVc6WRIPNnjKrimKRq.5UyVXxgndkxORDbdOYI7FCyWX4c0EU2','cgkGaKsjmQ','2021-05-29 21:46:02','2021-05-29 21:46:11','',1,NULL,'0YD44fdxjeYF66Uqjgz1',NULL,NULL,106,'vazybebo@mailinator.com',NULL,1,0,1,0,0,NULL),(103,'test','test@test.com',NULL,'17yLAJXYu2SskGu2KOaq',NULL,'2021-05-30 06:52:54','2021-05-30 06:52:54',NULL,1,NULL,NULL,NULL,NULL,107,NULL,NULL,NULL,0,0,1,0,0),(104,'Empresa fantasia','test@fantasia.com',NULL,'$2y$10$mja3zX8TNW306ZUzoAxnUOe6pvd6VdWZaHZmgUkQssnM6Y4idmRc6','n3aGlixiVr','2021-06-01 15:25:16','2021-06-01 15:29:17','',1,NULL,'JZn8jbVhzArt31YIcIPa',NULL,NULL,108,'test@fantasia.com',NULL,0,0,1,0,118,NULL),(105,'Teste fluxo 2','dodaja5386@relumyx.com',NULL,'$2y$10$48xwg5/XXfjejj7W6UvQ9.Bh48xgy0ShyAQbkL4I9Ep1hzg9tCzu.','wosFEVRp2OfOy3VQKSQyr4iHgXv2F218A5NSJ7R0NX9G7NELWEQ1nVFOj7wt','2021-06-01 15:53:25','2021-06-02 06:18:48','',1,NULL,'25ZyvtX2oHSpHSq1h3UZ',NULL,NULL,109,'dodaja5386@relumyx.com',NULL,0,0,1,0,119,50),(106,'Ivanildo Pereira','ivanildo@dealix.com.br',NULL,'$2y$10$N5xi32lt8VcwbLZvFld02.8ZAFAJIRv7LjXgT2OMnck0YSuWEgPpG','NKQu1a46xo','2021-06-08 14:15:56','2021-06-08 14:15:56','',1,NULL,'zR9Wqo7evZOsgKWQaTFC',NULL,NULL,110,'ivanildo@dealix.com.br',NULL,1,0,1,0,0,20),(107,'Ivanildo Pereita','ivanildo@orbitaldev.com.br',NULL,'$2y$10$RSuFbCXZ9rDXdiPdYmhiJ.wJ5biA.GTz2DDSo9hJAmhM196igfMFi','C53SPkBkXziQdTFGIt9GtQxv1jiQdMzgpCtKPrU3vobpFNW0sHy1n7xUEGFb','2021-06-08 16:56:53','2021-06-08 17:00:08','',1,NULL,'JdK2IF6OvBOrf5FCbZKP',NULL,NULL,111,'ivanildo@orbitaldev.com.br',NULL,1,0,1,0,0,50),(108,'Austin Reid','muqujycur@mailinator.com',NULL,'$2y$10$4KriJzBd7xkVi/kj7JgyAuBW0YKTKOxF5zcX1dF9FNX6ehYMTxjQW','pNnCg7uak9H7yabmgJMy6u5IzXQNbH6C9suTiZqviV2Ze77KHd0KaxSvNnRa','2021-06-09 13:20:41','2021-06-09 13:44:36','',1,NULL,'zW0Z0TxPuqM88gsAxAgq',NULL,NULL,112,'muqujycur@mailinator.com',NULL,1,0,1,0,0,50),(109,'Jose da Silva Xavier','jxavier@mailinator.com',NULL,'$2y$10$BkBym8NSlYnhMKhmAMcCoui99qmd/BwBi.C0fw6iLwbxRh5MA/68u','osWB0XC32W','2021-06-10 14:12:27','2021-06-10 14:13:32','',1,NULL,'BLlZLfOvFnRQQaXx4e0L',NULL,NULL,113,'jxavier@mailinator.com',NULL,0,0,1,0,124,20),(110,'Mario nogueira','mario@gmail.com',NULL,'wIZhpSVkeNergAVyX0pI','GFfGntqQ3u','2021-06-28 18:42:19','2021-06-28 18:42:19','',1,NULL,'4K8E2Dx0GUI4bvufPgHr',NULL,NULL,114,'mario@gmail.com',NULL,1,0,1,0,0,0),(111,'Orbital','contato@orbital.codes',NULL,'d541uOHy5Mg4xxp2ErTr','J20Qxbg6bD','2021-12-20 20:29:47','2021-12-20 20:29:47','',1,NULL,'NaqjOtmHarq2iMPzzECV',NULL,NULL,115,'contato@orbital.codes',NULL,1,0,1,0,0,0),(112,'Totvs','totvsteste@teste.com.br',NULL,'A2LfUawJFsgDD5htRTbN','wH7Q1Si51D','2022-02-21 20:12:55','2022-02-21 20:12:55','',1,NULL,'4HW2aXT054Y1t5JTQPf2',NULL,NULL,116,'totvsteste@teste.com.br',NULL,1,0,1,0,0,0),(113,'lucas','luke.mts@hotmail.com',NULL,'$2y$10$5gBPto6/Nw.WaqpTHNgjgen8EYTgyLj59Z677IYmmnaKw4si2J5/u','0PbyRkSFlE','2022-03-07 18:19:42','2022-03-09 17:52:11','',1,NULL,'tj5XJyn1MI46nz4yvNX8',NULL,NULL,117,'luke.mts@hotmail.com',NULL,1,0,1,0,0,20),(114,'teste','teste@teste.com',NULL,'$2y$10$G4c4phVS.KMIOach1eidwu6xbFDZttTn9S2tmYnev79ulltjY/qMG','L0joDRb4T1','2022-03-08 11:39:24','2022-06-08 10:33:52','',1,NULL,'ijoHwdnnphlNIR8Yi1e9GboTwNJQoBY1QrXkqrpWiZKdPgiqpk6DazwhIFPC',NULL,NULL,118,'teste@teste.com',NULL,1,0,1,0,0,NULL),(115,'Lucas Mateus Rodrigues de Melo','luque.mts@hotmail.com',NULL,'','NITbApPFap','2022-03-09 17:55:17','2022-03-09 17:55:21','',1,NULL,'oKWKQlQbreNsjd4e6aFR',NULL,NULL,119,'luque.mts@hotmail.com',NULL,1,0,1,0,0,20),(116,'Lucas Mateus Rodrigues de Melo','lk@gmail.com',NULL,'$2y$10$EelCsZErfQtM9qfKe52IW.3xv43izysi1.HBeG9r6D6MKse.Ukw1O','v4KwBUVz0F','2022-03-09 17:55:44','2022-05-26 23:53:17','',1,NULL,'rfjetDjPE159W5oXWxjM',NULL,NULL,120,'lk@gmail.com',NULL,1,0,1,0,0,20),(117,'teste','test@test3.com',NULL,'$2y$10$HOpBBzLan.UQTBVynnspTOKhESCC0AyvHINyoH7yOuJqdP/VG8EzG','hhyuSgHfPd','2022-03-09 17:58:35','2022-03-09 18:01:05','',1,NULL,'zvPihdFtkmteHwlK9QY4',NULL,NULL,121,'test@test3.com',NULL,1,0,1,0,0,20),(118,'teste','teste4@gmail.com',NULL,'$2y$10$tY8hxGIQUa7eR73dO4h2JeVYnODF9g0yC1wDnV4f7KzAeEikpf4jO','yYQPMottyN','2022-03-09 18:01:25','2022-03-09 18:02:47','',1,NULL,'iDDujOf4sUEksbFkXhHQ',NULL,NULL,122,'teste4@gmail.com',NULL,1,0,1,0,0,20),(119,'teste','test45@gmail.com',NULL,'','s9Tf7wMcyW','2022-03-09 18:16:30','2022-03-09 18:16:32','',1,NULL,'4o5AmebDcgP31rTAR9rk',NULL,NULL,123,'test45@gmail.com',NULL,1,0,1,0,0,20),(120,'teste','1@1.com',NULL,'$2y$10$OLBhB7Du2Af..t3/Lsh.YO7fsUSY0b6dI2JvCLG9lFqOAHakOdBoq','AFXeJm0Jdg','2022-03-09 18:32:30','2022-05-24 18:29:26','',1,NULL,'7udMvgXKr2svK81xMlNq',NULL,NULL,124,'1@1.com',NULL,1,0,1,0,0,20),(121,'Orbitation','l@gmail.com',NULL,'$2y$10$wyIaOXurTA6cQY5WjMv4Ge0DuxRjRhOudD5UQccCHqQvto72FiuNW','esvnE5yjZU','2022-03-09 19:45:12','2022-03-09 19:46:27','',1,NULL,'JNJcu3uKRASshulXL9o7',NULL,NULL,125,'l@gmail.com',NULL,1,0,1,0,0,20),(122,'teste','teste@gmail.com',NULL,'$2y$10$vS6fsvAi2XYlBT279LzINuec43PEu5VKLE953WmxZZZ/I0G4Nz9UC','GbXQKzRLkN','2022-04-11 19:21:33','2022-04-11 19:38:33','',1,NULL,'mPiSPkvEDaNLHE8CUbCy',NULL,NULL,126,'teste@gmail.com',NULL,0,0,1,0,140,20),(123,'teste','test@gmail.com',NULL,'$2y$10$RLQGbM.BBnNVRUTMcYl7NONzfFH8.8wa50Ogpf8jCjK7x9D5IhAzu','VXSHCNkFTo','2022-04-11 19:27:16','2022-04-11 19:28:17','',1,NULL,'6Hd4H8HlDFnSKzbs5wFy',NULL,NULL,127,'test@gmail.com',NULL,0,0,1,0,141,NULL),(124,'t','d1j3idoja@kallef.com',NULL,'$2y$10$6AJsZaJMe4VS8fsJrUR/HOIXUJuooBydz0/XqgA4zU7XS.6gyAONW','G7g0nSDKa7','2022-04-11 19:34:57','2022-04-11 19:38:52','',1,NULL,'3nrb3mdIBiQQLibSc9K0',NULL,NULL,128,'d1j3idoja@kallef.com',NULL,1,0,1,0,0,20),(125,'Teste 1204','sisson@brbyte.tec.br',NULL,'$2y$10$KUgCPr9whBJIT1v7MtO.VeZMwCRFFEtCbeyjhhKyrUBA4CYxek1Q2','Q2SVba5fgw8KKORRV2saJWSIPajxPiYN7OCjFGcAVewSC9D37SSToSROKjEn','2022-04-12 17:25:21','2022-04-12 17:31:10','',1,NULL,'MAmpEeqPrfZfw9ODO0YT',NULL,NULL,129,'sisson@brbyte.tec.br',NULL,0,0,1,0,143,NULL),(126,'teste','testao@gmail.com',NULL,'$2y$10$NRaUk1MTG8TfjQQtQzgtfeAn1WebaSs/zQrms6eERrUcfWxSxSt56','22fMeTVflF','2022-04-18 19:10:45','2022-05-26 19:49:19','',1,NULL,'uibQC1hJYiYzOgMVCP2G',NULL,NULL,130,'testao@gmail.com',NULL,1,0,1,0,0,20),(127,'willian','teste@teste123.com',NULL,'','c3u9dBSiGB','2022-05-04 02:46:40','2022-05-04 02:46:43','',1,NULL,'J2JQexTB2Xz1WqHzqk8N',NULL,NULL,131,'teste@teste123.com',NULL,1,0,1,0,0,20),(128,'willian','willian.soares2@orbitaldev.com.br',NULL,'$2y$10$2yEcFJkxGUr9YzAo.EISoOlkDaDtKjSWIh0pyiowCTfmehw70zlya','myD9KB5zRc','2022-05-04 02:48:03','2022-05-24 18:37:16','',1,NULL,'sXdWqupxMfZ7IIrFPwiu',NULL,NULL,132,'willian.soares2@orbitaldev.com.br',NULL,1,0,1,0,0,20),(129,'teste','lucas.mateus@orbitaldev.com.br',NULL,'$2y$10$y4UcJcW6aSA.4HKtuFS6RerWF/7KYupbNYfqY/hUrG9DM31QO47pe','R1pxRMSQbo','2022-05-04 18:52:45','2022-05-04 18:55:20','',1,NULL,'PPNgZpALxPA1na2TEqDO',NULL,NULL,133,'lucas.mateus@orbitaldev.com.br',NULL,1,0,1,0,0,20),(130,'teste1','Italo_mix@hotmail.com',NULL,'','nxj4vsD3GK','2022-05-04 18:57:30','2022-05-04 18:57:32','',1,NULL,'C8TIdjBmbiPcz4mCiF5Y',NULL,NULL,134,'Italo_mix@hotmail.com',NULL,1,0,1,0,0,20),(131,'teste2','sowemec956@azteen.com',NULL,'$2y$10$ZfZxKBCbFA2G8B0WdYIDlO1oAZYgrm6qFwATs97B0zaMDmEcydnFy','CYRd44xwNH','2022-05-04 19:16:26','2022-05-05 20:30:33','',1,NULL,'4qi8WeOIBafdaaorfmRs',NULL,NULL,135,'sowemec956@azteen.com',NULL,1,0,1,0,0,20),(132,'teste3','rividunu@kellychibale-researchgroup-uct.com',NULL,'$2y$10$TeCTQVkkOZNxgxBR.L7uEe.hvRNABHG4EsSD2B2I4RQWf35qgJIUu','YubC0RX7pM','2022-05-05 20:44:10','2022-05-05 20:47:02','',1,NULL,'RmeOrF9xWy5iXFquFFB0',NULL,NULL,136,'rividunu@kellychibale-researchgroup-uct.com',NULL,1,0,1,0,0,20),(133,'teste4','bltphxoink@email.ucms.edu.pk',NULL,'','2Hy5a4Tjlw','2022-05-05 20:53:24','2022-05-05 20:53:24','',1,NULL,'SnQUVGGlk5zUxiLF7ETL',NULL,NULL,137,'bltphxoink@email.ucms.edu.pk',NULL,1,0,1,0,0,20),(134,'willian','lexat35103@bunlets.com',NULL,'','2hZDH4q91l','2022-05-06 01:19:55','2022-05-06 01:19:55','',1,NULL,'GRgpq20csuVZpB6bthoo',NULL,NULL,138,'lexat35103@bunlets.com',NULL,1,0,1,0,0,20),(136,'willian','cafecomarroz+1@gmail.com',NULL,'','gcmkhw1owp','2022-05-06 01:46:21','2022-05-06 01:46:22','',1,NULL,'9ZYZKgqCUMZVsZUuQpXh',NULL,NULL,140,'cafecomarroz+1@gmail.com',NULL,1,0,1,0,0,20),(137,'willian','cafecomarroz+2@gmail.com',NULL,'','Pc0xLBFdQT','2022-05-06 03:28:24','2022-05-06 03:28:24','',1,NULL,'npOxw85ISIf7xxy1oIuR',NULL,NULL,141,'cafecomarroz+2@gmail.com',NULL,1,0,1,0,0,20),(138,'teste sem cartao','willian.soares3@orbitaldev.com.br',NULL,'','Fmcln1PUSt','2022-05-24 18:36:17','2022-05-24 18:59:58','',1,NULL,'VbVeItMsnCRkr1OFw9tY',NULL,NULL,132,'willian.soares3@orbitaldev.com.br',NULL,1,0,1,0,0,20),(139,'teste w','willian.soares4@orbitaldev.com.br',NULL,'','wLmsoXpEJP','2022-05-24 19:00:34','2022-05-24 19:03:51','',1,NULL,'xUxFXyZqBb8MQVWZDiF4',NULL,NULL,132,'willian.soares4@orbitaldev.com.br',NULL,1,0,1,0,0,20),(140,'teste','willian.opiechon@gmail.com',NULL,'$2y$10$e1guyTO0bHMLcP66FP6G2.qYGFDUewaHvI4nKvukazMdLfCfvxALG','pl63o2MkWc','2022-05-24 19:05:23','2022-06-08 10:37:24','',1,NULL,'PYTiCPv0X3gcovwyvBH8',NULL,NULL,142,'willian.opiechon@gmail.com',NULL,1,0,1,0,0,20),(141,'teste','willian.soares@orbitaldev5.com.br',NULL,'','sjWk1m6zgI','2022-05-24 19:13:01','2022-05-24 19:23:19','',1,NULL,'gY4WnuyF9IlaQ6F7kqur',NULL,NULL,132,'willian.soares@orbitaldev5.com.br',NULL,1,0,1,0,0,20),(142,'teste sem cartao2','willian.soares@orbitaldev.com.br',NULL,'$2y$10$LxlOu6DvAtlySsNyLT2/w.O.Ld6ltFIKIJnfO0m5v/aCjEQLIAgYC','OrmSPlO1UG','2022-05-24 19:23:33','2022-08-11 21:10:49','',1,NULL,'pySsz4sxgoIjQCVBl5wN5zqQMF0eHE5nmsqfkYTsOBncYgMlVLGHU4lwgIKs',NULL,NULL,132,'willian.soares@orbitaldev.com.br',NULL,0,0,1,0,146,0),(143,'teste','tste@gmail.com',NULL,'','dqV5tbfQpe','2022-05-26 19:49:57','2022-05-26 19:49:58','',1,NULL,'4nJ4IbNqk2sHthNzD4EN',NULL,NULL,143,'tste@gmail.com',NULL,1,0,1,0,0,0),(144,'teste','lucas_teste@gmail.com',NULL,'','V3GpID3DY2','2022-05-26 19:51:50','2022-05-26 19:51:50','',1,NULL,'x21Cr1DdsHjueLAIXSek',NULL,NULL,144,'lucas_teste@gmail.com',NULL,1,0,1,0,0,0),(145,'teste','iqiqiqiq@gmail.com',NULL,'','sRKzO2SgER','2022-05-26 19:52:13','2022-05-26 19:52:13','',1,NULL,'p1Z0ZXzo785aIEXojR0t',NULL,NULL,145,'iqiqiqiq@gmail.com',NULL,1,0,1,0,0,0),(146,'teste','laks@gmail.com',NULL,'','QO7VmNsrp5','2022-05-26 19:55:22','2022-05-26 19:55:22','',1,NULL,'Bxcxl15nSFR36JPhyKYV',NULL,NULL,146,'laks@gmail.com',NULL,1,0,1,0,0,0),(147,'teste','asdlaks@gmail.com',NULL,'','SdUkYAkN0j','2022-05-26 23:14:18','2022-05-26 23:14:19','',1,NULL,'41nnblZVDesCXXYv9TYT',NULL,NULL,147,'asdlaks@gmail.com',NULL,1,0,1,0,0,0),(148,'test','as@gmail.com',NULL,'','TUO4IzdvDw','2022-05-26 23:24:43','2022-05-26 23:24:44','',1,NULL,'mr3Su1fEprCJ0fIMaY4j',NULL,NULL,148,'as@gmail.com',NULL,1,0,1,0,0,0),(149,'testao','pop@gmail.com',NULL,'','NAQdkd8v9c','2022-05-26 23:39:59','2022-05-26 23:40:00','',1,NULL,'tJozk7mLIOj3eu2KRLbR',NULL,NULL,149,'pop@gmail.com',NULL,1,0,1,0,0,0),(150,'lucas','luque.mts+1@gmail.com',NULL,'$2y$10$WW8An2ebK7MzynNupvrEVOdvsziSqsCvS9pob3CxVhic2I5w41NlO','UGt8kY1y91','2022-05-26 23:50:29','2022-05-27 00:07:35','',1,NULL,'36a22dagvqZ4DX2Vu1sy',NULL,NULL,150,'luque.mts+1@gmail.com',NULL,1,0,1,0,0,0),(151,'lucas','asd@gmail.com',NULL,'','VLzwsiPw9e','2022-05-26 23:53:44','2022-05-27 00:01:05','',1,NULL,'U1k25hZg9Zb1UwthDGd1',NULL,NULL,120,'laksd@gmail.com',NULL,1,0,1,0,0,0),(152,'lucas','luque.mts@gmail.com',NULL,'$2y$10$toUoML6U6Zv9rO9vrevMZ.n.EjKKNUr/ltbZcAQhSdDUOKO1al7KG','og7agGPME6','2022-05-27 00:10:53','2022-05-27 00:12:02','',1,NULL,'mQGhbrSCZIqk0W3lxfml',NULL,NULL,120,'luque.mts@gmail.com',NULL,0,0,1,0,134,0),(153,'Estabelecimentum','admin@zaptoyou.com.br',NULL,'$2y$10$gVDi3098/4pOaXUpE6Za6OE3KHRtrM9TJtcNIUV/dhheX9XSyxeiO','bt5eeaEQfdlxEtZ43XsOgfLjb09VFv4gQiRm01YIKRaORcN5XX22lmUB9d9C','2022-05-27 16:20:06','2022-05-27 16:23:02','',1,NULL,'u0VG2hZtsWEfqplYDaa0',NULL,NULL,151,'admin@zaptoyou.com.br',NULL,0,0,1,0,175,0),(154,'Zaptoyou','financeiro@zaptoyou.com.br',NULL,'$2y$10$.s19ATg4/swAvWjzQkSjgeVF4o2QmncN0Z7gj2KoXsm8bzQ7Y7vuq','B74UwaljKX3XgF9arQzHAIUNzFaEHewj8tyhZ1URDFfmBI1La6dUG8fgslZ3','2022-05-27 16:53:50','2022-05-27 16:58:12','',1,NULL,'VN8wA6FbuY9wtG1bhIaJ',NULL,NULL,152,'financeiro@zaptoyou.com.br',NULL,0,0,1,0,176,0),(155,'Kallef','kallef.alexandre@orbital.codes',NULL,'','9oWDB7CYDz','2022-08-09 13:13:08','2022-08-09 13:13:08','',1,NULL,'OoSa9FcdVE0mSuN81CfP',NULL,NULL,153,'kallef.alexandre@orbital.codes',NULL,1,0,1,0,0,0),(156,'teste henrique','informatica4@slavierohoteis.com.br',NULL,'$2y$10$8ePYZ9fn9DHUgksI45QpiuLIneRQM.hBOELX5VuhnPSOy6s4L0rOa','lXlLt1rV3mtJvW2pQ4EIgbdvYFq5vX9oH3n51JeV4BApPwfIVP21VvwEvMHB','2022-11-04 20:50:48','2022-11-18 17:17:18','',1,NULL,'5c9DsMq79oPZk42AhzIZxq0QddPMgN03GLnelQ7pxDejp7F33lOxhEh1lDUG',NULL,NULL,154,'informatica4@slavierohoteis.com.br',NULL,0,0,1,1,178,0),(157,'Henrique Empreendimentos','telecom@slavierohoteis.com.br',NULL,'','E4rtiTNcgz','2022-11-07 19:47:16','2022-11-07 19:47:16','',1,NULL,'q9XXx4VrXGCCNLJrIiJz',NULL,NULL,155,'telecom@slavierohoteis.com.br',NULL,1,0,1,0,0,0),(158,'Henrique Empreendimentos','gabriel@gmail.com',NULL,'','7jwOnR0CZU','2022-11-07 19:48:17','2022-11-07 19:55:44','',1,NULL,'UOILcpVV2ZTDk9pJmk5GM6bMQTdUmQuEO65sgzKZcv0yCSSivGogo68FGegN',NULL,NULL,156,'gabriel@gmail.com',NULL,1,0,1,0,0,0),(159,'Henrique Empreendimentos','gabriel@gmail.com.br',NULL,'','UGSlreCJOY','2022-11-07 19:48:37','2022-11-07 19:48:37','',1,NULL,'Gl03avdC46LIN2VG6TCy',NULL,NULL,157,'gabriel@gmail.com.br',NULL,1,0,1,0,0,0),(160,'teste cliente henrique','gabrielclazer.gc@gmail.com',NULL,'HDvHwo8MKlTvepR3ttc9','WKOPUOjQmR','2022-11-09 18:11:49','2022-11-09 18:11:49','',1,NULL,'3Fy2JGAdnkdVW4n27Pnw',NULL,NULL,158,'gabrielclazer.gc@gmail.com',NULL,1,0,1,0,0,0),(161,'teste fornecedor henrique','ademi_09@live.com',NULL,'y5EAAbe3VTN0rWecwNVx','K8er7CvzZ7','2022-11-09 18:16:09','2022-11-09 18:16:09','',1,NULL,'zYZtJsB8GnTlqePplEEu',NULL,NULL,159,'ademi_09@live.com',NULL,1,0,1,0,0,0);
/*!40000 ALTER TABLE `users` ENABLE KEYS */;
UNLOCK TABLES;

--
-- Dumping routines for database 'dealix_app'
--
/*!40103 SET TIME_ZONE=@OLD_TIME_ZONE */;

/*!40101 SET SQL_MODE=@OLD_SQL_MODE */;
/*!40014 SET FOREIGN_KEY_CHECKS=@OLD_FOREIGN_KEY_CHECKS */;
/*!40014 SET UNIQUE_CHECKS=@OLD_UNIQUE_CHECKS */;
/*!40101 SET CHARACTER_SET_CLIENT=@OLD_CHARACTER_SET_CLIENT */;
/*!40101 SET CHARACTER_SET_RESULTS=@OLD_CHARACTER_SET_RESULTS */;
/*!40101 SET COLLATION_CONNECTION=@OLD_COLLATION_CONNECTION */;
/*!40111 SET SQL_NOTES=@OLD_SQL_NOTES */;

-- Dump completed on 2023-05-31 13:25:28
